species,longitude,latitude
Rubus chamaemorus,4668072.036,4037208.428
Rubus chamaemorus,4678256.196,4159148.367
Rubus chamaemorus,4430008.224,4127235.017
Rubus chamaemorus,4279124.279,4227411.135
Rubus chamaemorus,4644161.452,3724901.026
Rubus chamaemorus,4670428.957,4438995.972
Rubus chamaemorus,4466350.746,4475777.572
Rubus chamaemorus,4178145.835,4280416.144
Rubus chamaemorus,4691895.432,4223625.072
Rubus chamaemorus,4694246.903,4605587.982
Rubus chamaemorus,4697569.761,4039817.285
Rubus chamaemorus,4223135.703,3958408.749
Rubus chamaemorus,4857865.794,5144278.015
Rubus chamaemorus,4698080.994,5164316.156
Rubus chamaemorus,4519146.83,4577126.52
Rubus chamaemorus,4495549.613,4629250.168
Rubus chamaemorus,4399014.177,4400982.71
Rubus chamaemorus,4364415.539,4477127.949
Rubus chamaemorus,4493217.236,4359413.839
Rubus chamaemorus,4628520.42,5137786.672
Rubus chamaemorus,4578487.144,3620193.573
Rubus chamaemorus,4673469.605,3687113.988
Rubus chamaemorus,4162722.945,4028292.205
Rubus chamaemorus,4414043.031,4602418.765
Rubus chamaemorus,4726431.936000001,4067200.678
Rubus chamaemorus,4485186.434,3882054.0279999995
Rubus chamaemorus,4813975.131,5201007.282999999
Rubus chamaemorus,4587759.04,4400800.382
Rubus chamaemorus,4541915.621,4546248.852
Rubus chamaemorus,4329835.593,4032263.604
Rubus chamaemorus,4587335.839,3740335.489
Rubus chamaemorus,4552720.31,5085818.933
Rubus chamaemorus,4725752.122,5092844.804
Rubus chamaemorus,4454451.305,4679949.056
Rubus chamaemorus,4551623.366,4617479.301
Rubus chamaemorus,4485775.883,4607931.825
Rubus chamaemorus,4279148.94,4331498.734
Rubus chamaemorus,4166601.782,4383883.003
Rubus chamaemorus,4248995.959,3970205.964
Rubus chamaemorus,4251054.594,4042334.3259999994
Rubus chamaemorus,4530844.935,3935328.06
Rubus chamaemorus,4434932.676,4722160.653
Rubus chamaemorus,4722832.31,4636260.097
Rubus chamaemorus,4206082.64,4396596.917
Rubus chamaemorus,4686617.629,4173575.087
Rubus chamaemorus,4611088.732,4113078.9460000005
Rubus chamaemorus,4348146.013,4543965.998
Rubus chamaemorus,4752239.154,3989192.562
Rubus chamaemorus,4704284.652,4799294.749999999
Rubus chamaemorus,4588818.031,3785825.698
Rubus chamaemorus,4506818.741,4153288.618
Rubus chamaemorus,4455329.572,4247506.193
Rubus chamaemorus,4452018.746,4208222.677
Rubus chamaemorus,4633250.211,5156794.961
Rubus chamaemorus,4591067.592,3821596.42
Rubus chamaemorus,4615120.142,3721598.223
Rubus chamaemorus,4370224.637,4404296.979
Rubus chamaemorus,4594758.759,4186647.548
Rubus chamaemorus,4397850.377,4419284.694
Rubus chamaemorus,4354630.917,4328566.516
Rubus chamaemorus,4609685.922,3842708.254
Rubus chamaemorus,4676630.6,3712661.302
Rubus chamaemorus,4657728.094,4041902.678
Rubus chamaemorus,4498112.948,3848254.199
Rubus chamaemorus,4332518.793,4189364.04
Rubus chamaemorus,4869472.121000001,5052841.731
Rubus chamaemorus,4060911.658,4286915.163
Rubus chamaemorus,4122286.1269999994,4096440.393
Rubus chamaemorus,4493107.557,4078139.4
Rubus chamaemorus,4525631.865,4509879.745
Rubus chamaemorus,4772872.834,4162107.987
Rubus chamaemorus,4890918.291,4853833.385
Rubus chamaemorus,4648899.308,4736030.617
Rubus chamaemorus,4533059.409,4306351.078
Rubus chamaemorus,4215665.193,4147098.533
Rubus chamaemorus,4488297.197,4307110.417
Rubus chamaemorus,4641767.359,3755016.046
Rubus chamaemorus,4310597.185,4331691.787
Rubus chamaemorus,4713063.244,3790612.312999999
Rubus chamaemorus,4620587.481,4068964.614
Rubus chamaemorus,4586726.941,3696078.144
Rubus chamaemorus,4640512.678,4470498.081
Rubus chamaemorus,4415155.179,4592692.104
Rubus chamaemorus,4239561.251,4023967.783
Rubus chamaemorus,4169449.382,4243964.523
Rubus chamaemorus,4480453.775,4806212.499
Rubus chamaemorus,4706108.46,4531736.021
Rubus chamaemorus,4835144.353,5327212.349
Rubus chamaemorus,4729952.567,4877007.157
Rubus chamaemorus,4526639.041,4371691.683
Rubus chamaemorus,4671928.436,3806953.152
Rubus chamaemorus,4728823.186,4087233.787
Rubus chamaemorus,4887061.5,4834220.287
Rubus chamaemorus,4688013.09,4029006.444
Rubus chamaemorus,4612831.828,4747799.327
Rubus chamaemorus,4170551.68,4415366.887
Rubus chamaemorus,4398508.362,4261183.396
Rubus chamaemorus,4105284.527,4332142.716
Rubus chamaemorus,4789303.113999999,4986570.033
Rubus chamaemorus,4221578.425,4286340.05
Rubus chamaemorus,4411016.974,4228235.576
Rubus chamaemorus,4325773.043,4373789.533
Rubus chamaemorus,4378130.414,4404976.487
Rubus chamaemorus,4601406.175,3985883.139
Rubus chamaemorus,4680639.148,3707739.706
Rubus chamaemorus,4830128.728,4810572.626
Rubus chamaemorus,4935237.28,5339846.368
Rubus chamaemorus,4490314.739,3872980.380000001
Rubus chamaemorus,4717597.175,5137512.950999999
Rubus chamaemorus,4464497.282,4747361.257
Rubus chamaemorus,4836461.252,5326718.855
Rubus chamaemorus,4607812.279,3916716.382
Rubus chamaemorus,4612507.037,3797207.9349999996
Rubus chamaemorus,4216171.396,3918815.804
Rubus chamaemorus,4414920.672,4592594.632
Rubus chamaemorus,4280025.477,4053031.687
Rubus chamaemorus,4433328.196,4228050.497
Rubus chamaemorus,4625175.411,4704909.766
Rubus chamaemorus,4616047.711,3690396.099
Rubus chamaemorus,4831174.427,4958458.383
Rubus chamaemorus,4513986.408,4190028.815
Rubus chamaemorus,4240871.484,4047634.0759999994
Rubus chamaemorus,4741680.425,5167420.863
Rubus chamaemorus,4692935.589,4605185.186
Rubus chamaemorus,4284318.95,4126486.293
Rubus chamaemorus,4507575.161,4624338.342
Rubus chamaemorus,4639364.894,4130389.522
Rubus chamaemorus,4452598.483,3837069.693
Rubus chamaemorus,4401524.027,4625634.251
Rubus chamaemorus,4834747.399,4974708.6729999995
Rubus chamaemorus,4884842.922,4962276.573
Rubus chamaemorus,4717453.538,5123382.92
Rubus chamaemorus,4183801.403,4383688.109
Rubus chamaemorus,4523720.449,3665738.557
Rubus chamaemorus,4374991.598,4230940.997
Rubus chamaemorus,4594173.096,4070301.1990000005
Rubus chamaemorus,4392385.266,4410806.256
Rubus chamaemorus,4470231.762,3771970.195
Rubus chamaemorus,4597812.755,3795369
Rubus chamaemorus,4694907.247,4185957.374
Rubus chamaemorus,4177697.035,4090217.786
Rubus chamaemorus,4773127.539,4160903.501
Rubus chamaemorus,4676937.4,4558219.249
Rubus chamaemorus,4709191.237,3896060.51
Rubus chamaemorus,4909592.98,5163471.293
Rubus chamaemorus,4618645.337,5155448.521
Rubus chamaemorus,4890431.667,5327048.285
Rubus chamaemorus,4411301.661,4501716.987
Rubus chamaemorus,4558803.358,4149733.576
Rubus chamaemorus,4520452.7,3890254.828
Rubus chamaemorus,4678559.708,3737249.594
Rubus chamaemorus,4624754.145,3902773.505
Rubus chamaemorus,4271278.448,4114994.024
Rubus chamaemorus,4575467.011,4385913.521
Rubus chamaemorus,4802484.594,5030993.442
Rubus chamaemorus,4487775.26,3851431.897
Rubus chamaemorus,4500441.27,3709103.247
Rubus chamaemorus,4854184.366,5065939.131
Rubus chamaemorus,4422227.605,4065964.579
Rubus chamaemorus,4772685.142,5168605.748
Rubus chamaemorus,4528635.428,4520916.532
Rubus chamaemorus,4757942.505,4654657.389
Rubus chamaemorus,4894570.225,4799198.359
Rubus chamaemorus,4580761.742,5057624.431999999
Rubus chamaemorus,4210207.741,4016387.61
Rubus chamaemorus,4986858.286,5317881.786
Rubus chamaemorus,4698571.502,5226435.9
Rubus chamaemorus,4361416.858,4563094.599
Rubus chamaemorus,4686550.612,5078329.678
Rubus chamaemorus,4905062.458,4870364.253999999
Rubus chamaemorus,4401013.23,4645787.765
Rubus chamaemorus,4682973.279,4098891.243
Rubus chamaemorus,4846430.877,4930460.683
Rubus chamaemorus,4764012.565,4864128.86
Rubus chamaemorus,4273303.046,4234533.451
Rubus chamaemorus,4600665.436,4242715.638
Rubus chamaemorus,4605667.419,3836570.522
Rubus chamaemorus,4135990.94,4167546.146
Rubus chamaemorus,4636699.094,3868684.226
Rubus chamaemorus,4406752.102,4000132.68
Rubus chamaemorus,4464732.969,4812090.571
Rubus chamaemorus,4527850.243,4940238.522
Rubus chamaemorus,4682557.475,4099455.252
Rubus chamaemorus,4158410.794,4182633.479
Rubus chamaemorus,4549641.547,4122364.113
Rubus chamaemorus,4594916.76,3716776.203
Rubus chamaemorus,4695322.52,4019648.671
Rubus chamaemorus,4240026.408,4344014.686
Rubus chamaemorus,4455911.886,4133877.085
Rubus chamaemorus,4275454.249,4493175.69
Rubus chamaemorus,5070647.743,5273909.533
Rubus chamaemorus,4550464.391,3615271.953
Rubus chamaemorus,4471457.194,4669256.463
Rubus chamaemorus,4421931.712,4065622.696
Rubus chamaemorus,4566130.64,4280452.9
Rubus chamaemorus,4268008.402,4031707.967
Rubus chamaemorus,4591580.628,3745127.495
Rubus chamaemorus,4563981.794,3973356.075
Rubus chamaemorus,4793021.251,4927628.55
Rubus chamaemorus,4827397.304,5154451.711
Rubus chamaemorus,4391926.627,3985454.136
Rubus chamaemorus,4888296.663,5277259.927
Rubus chamaemorus,4500716.279,4567641.136
Rubus chamaemorus,4565439.537,4289293.41
Rubus chamaemorus,4587064.533,4539890.71
Rubus chamaemorus,4463787.63,4465015.032
Rubus chamaemorus,4872697.633,5268007.242
Rubus chamaemorus,4238665.63,4299317.254
Rubus chamaemorus,4448646.792,3898914.397
Rubus chamaemorus,4460534.637,3830547.827
Rubus chamaemorus,4617352.914,3912682.803
Rubus chamaemorus,4753577.958,5173146.296
Rubus chamaemorus,4405823.128,4148869.924
Rubus chamaemorus,4534539.721,3951198.29
Rubus chamaemorus,4387137.738,4391780.49
Rubus chamaemorus,4679227.572,4498867.014
Rubus chamaemorus,4427106.2,4447854.804
Rubus chamaemorus,4098810.791,4202172.288
Rubus chamaemorus,4444235.067,3844467.58
Rubus chamaemorus,4694662.362,5105999.18
Rubus chamaemorus,4197950.259,4189814.742
Rubus chamaemorus,4555017.457,3663303.798
Rubus chamaemorus,4706828.364,4695083.992
Rubus chamaemorus,4326258.005,4354699.325
Rubus chamaemorus,4412470.559,4518945.332
Rubus chamaemorus,4689838.718,4709933.202
Rubus chamaemorus,4640600.886,3765336.838
Rubus chamaemorus,4864656.701,4996164.456
Rubus chamaemorus,4863342.263,4975897.552
Rubus chamaemorus,4964034.418,4814540.503
Rubus chamaemorus,4198196.093,4189754.1099999994
Rubus chamaemorus,4578396.246,3729438.393
Rubus chamaemorus,4687641.331,3918487.774
Rubus chamaemorus,4619231.556,4148876.712
Rubus chamaemorus,4831578.863000001,3831101.607
Rubus chamaemorus,4552944.829,3743359.348
Rubus chamaemorus,4688327.934,4089078.744
Rubus chamaemorus,4528972.372,4846754.491000001
Rubus chamaemorus,4424766.228,4052698.217
Rubus chamaemorus,4573324.385,3798714.144
Rubus chamaemorus,4590204.691,4116045.236
Rubus chamaemorus,4484127.907,4082816.386
Rubus chamaemorus,4675398.066,3761795.246
Rubus chamaemorus,4955980.43,5348914.578
Rubus chamaemorus,4750197.243,4134941.4630000005
Rubus chamaemorus,4484863.542,4701816.352
Rubus chamaemorus,4431947.55,4589888.127
Rubus chamaemorus,4726921.549,3993029.292
Rubus chamaemorus,4627369.595,3753239.303
Rubus chamaemorus,4593673.619,4196194.293
Rubus chamaemorus,4360696.541,4474429.246
Rubus chamaemorus,4711424.418,4115467.246
Rubus chamaemorus,4577181.336,4480273.252
Rubus chamaemorus,4454550.156,4760062.014
Rubus chamaemorus,4930844.875,5148975.276
Rubus chamaemorus,4167968.883,4410911.803
Rubus chamaemorus,4500847.367,4108566.875
Rubus chamaemorus,4436943.671,4565910.038
Rubus chamaemorus,4605518.948,3770936.527
Rubus chamaemorus,4719948.94,3955719.156
Rubus chamaemorus,4260804.391,4209758.948
Rubus chamaemorus,4654631.245,3845623.952
Rubus chamaemorus,4593813.999,4197323.863
Rubus chamaemorus,4538391.896,3764722.829
Rubus chamaemorus,4109689.058,4368144.98
Rubus chamaemorus,4659798.304,3961197.785
Rubus chamaemorus,4648959.126,4361626.333
Rubus chamaemorus,4398618.951,4260791.943
Rubus chamaemorus,4517971.246,3855556.551
Rubus chamaemorus,4335379.547,4426767.61
Rubus chamaemorus,4551198.829,4227646.974
Rubus chamaemorus,4776063.478,4645792.378
Rubus chamaemorus,4665247.361,4752023.256
Rubus chamaemorus,4618153.328,3687604.751
Rubus chamaemorus,4565971.553,4813775.506
Rubus chamaemorus,4870063.406,4846702.090999999
Rubus chamaemorus,4865095.6,5118458.756
Rubus chamaemorus,4525804.312,4351019.097
Rubus chamaemorus,4563852.832,4474746.584
Rubus chamaemorus,4375728.221,4294543.937
Rubus chamaemorus,4432391.106,4663926.396
Rubus chamaemorus,4472749.993,4366589.436
Rubus chamaemorus,4581964.569,4215782.295
Rubus chamaemorus,4661123.797,4221463.343
Rubus chamaemorus,4547596.078,4353249.217
Rubus chamaemorus,4289400.717,4011249.79
Rubus chamaemorus,4200823.763,3989108.442
Rubus chamaemorus,4559419.588,5095071.664
Rubus chamaemorus,4343075.403,4548381.128
Rubus chamaemorus,4206690.527,3941326.102
Rubus chamaemorus,4719348.735,4552018.198
Rubus chamaemorus,4710429.332,4785851.909
Rubus chamaemorus,4523074.805,4501271.713
Rubus chamaemorus,4374459.234,4464762.51
Rubus chamaemorus,4396622.717,3990912.06
Rubus chamaemorus,4276388.968,4124877.566
Rubus chamaemorus,4544908.494,4849898.818
Rubus chamaemorus,4671174.406,3866898.869
Rubus chamaemorus,5036732.361,5313824.82
Rubus chamaemorus,4699573.991,5107973.83
Rubus chamaemorus,4789351.9,4147345.558
Rubus chamaemorus,4189449.789,4159037.237
Rubus chamaemorus,4584718.949,4465242.363
Rubus chamaemorus,4352224.68,4279601.657
Rubus chamaemorus,4837572.858,3881356.759
Rubus chamaemorus,4821637.04,4589866.624
Rubus chamaemorus,4493284.846,3858305.174
Rubus chamaemorus,4840069.945,5134604.437
Rubus chamaemorus,4859967.626,5200207.398
Rubus chamaemorus,4727582.316,4683354.511
Rubus chamaemorus,4567040.723,4847350.038
Rubus chamaemorus,4086153.0510000004,4327352.142
Rubus chamaemorus,4529058.357,4750955.98
Rubus chamaemorus,4845752.062,5186548.432
Rubus chamaemorus,4884525.760000001,5184755.14
Rubus chamaemorus,4630934.008,4115000.612
Rubus chamaemorus,4595972.538,3870635.224000001
Rubus chamaemorus,4619264.66,4378930.417
Rubus chamaemorus,4443109.133,4270173.942
Rubus chamaemorus,4672893.163,4372089.252
Rubus chamaemorus,4776927.237,5237376.873
Rubus chamaemorus,4854684.352,4737189.583
Rubus chamaemorus,4705671.186,5206024.328
Rubus chamaemorus,4802394.247,5229415.694
Rubus chamaemorus,4710272.257,3959799.886
Rubus chamaemorus,5086723.741,5372985.522
Rubus chamaemorus,4892487.324,4798736.958
Rubus chamaemorus,4548099.612,5055053.363
Rubus chamaemorus,4656434.914,3756377.19
Rubus chamaemorus,4654543.995,3965589.542
Rubus chamaemorus,4266565.366,4451848.747
Rubus chamaemorus,4661800.095,3937578.1099999994
Rubus chamaemorus,4846436.929,4845061.246
Rubus chamaemorus,4682023.407,3698689.397
Rubus chamaemorus,4464200.565,4381593.097
Rubus chamaemorus,4544897.582,3826978.885
Rubus chamaemorus,4278964.339,4227398.828
Rubus chamaemorus,4614760.794,4063521.243
Rubus chamaemorus,4383914.28,4264347.242
Rubus chamaemorus,4564373.501,3949291.993
Rubus chamaemorus,4458264.486,4570652.389
Rubus chamaemorus,4483465.678,4071109.843
Rubus chamaemorus,4559503.929,4339295.838
Rubus chamaemorus,4241092.875,4047890.837
Rubus chamaemorus,4654284.69,3735664.61
Rubus chamaemorus,4179602.756,4004304.393
Rubus chamaemorus,4700172.808,4250044.756
Rubus chamaemorus,4561695.741,3633650.06
Rubus chamaemorus,4474483.79,3900512.811
Rubus chamaemorus,4756420.509,4803478.481
Rubus chamaemorus,4685621.826,3713120.196
Rubus chamaemorus,4491663.211,3922446.777
Rubus chamaemorus,4848734.398,5227560.293
Rubus chamaemorus,4640298.109,3779439.079
Rubus chamaemorus,4632404.609,3803459.4550000005
Rubus chamaemorus,4575294.037,4890059.165
Rubus chamaemorus,4667600.109,4096504.318
Rubus chamaemorus,4385548.829,3989329.436
Rubus chamaemorus,4556186.352,4574313.675
Rubus chamaemorus,4518017.914,4725669.3319999995
Rubus chamaemorus,4607108.477,4161704.164
Rubus chamaemorus,4841151.279,4916240.841
Rubus chamaemorus,4863973.639,5247699.713
Rubus chamaemorus,4656311.06,4101479.953
Rubus chamaemorus,5064429.001,5350229.13
Rubus chamaemorus,4277905.47,4333498.471
Rubus chamaemorus,4651856.818,4856019.13
Rubus chamaemorus,4668186.842,3862833.492
Rubus chamaemorus,4742597.815,4488103.838
Rubus chamaemorus,4667912.946,4152286.021
Rubus chamaemorus,4291840.401,4384803.839
Rubus chamaemorus,4618343.711,4082993.665
Rubus chamaemorus,4751666.682,4863101.657
Rubus chamaemorus,4666024.075,3761884.757
Rubus chamaemorus,4335440.965,4427011.835
Rubus chamaemorus,5068643.589,5362518.52
Rubus chamaemorus,4780584.351,4071346.23
Rubus chamaemorus,4806460.082,4118046.257
Rubus chamaemorus,4376036.181,4294726.977
Rubus chamaemorus,4651364.017,4456359.692
Rubus chamaemorus,4872958.915,4977482.027
Rubus chamaemorus,4628298.722,5027039.244
Rubus chamaemorus,4145366.756,4088851.319
Rubus chamaemorus,4386902.781,4584227.659
Rubus chamaemorus,4508449.861,4249585.218
Rubus chamaemorus,4601948.334,4213351.769
Rubus chamaemorus,5038344.416,5336196.915
Rubus chamaemorus,4712387.38,5227031.034
Rubus chamaemorus,4694020.387,3738733.514
Rubus chamaemorus,4727145.998,4527516.531
Rubus chamaemorus,4633063.527,5157099.387
Rubus chamaemorus,4917235.969,4876289.889
Rubus chamaemorus,4464497.119,3841225.3790000007
Rubus chamaemorus,4234711.28,4089870.775
Rubus chamaemorus,4594088.938,3975931.512
Rubus chamaemorus,4812045.111999999,4668860.861
Rubus chamaemorus,4499339.267,4602287.873
Rubus chamaemorus,4081984.65,3954609.639
Rubus chamaemorus,4433555.587,4261132.113
Rubus chamaemorus,4778281.368,5186717.508999999
Rubus chamaemorus,4713227.947,4830358.411
Rubus chamaemorus,4411215.917,4525414.956
Rubus chamaemorus,4570279.425,4638755.637
Rubus chamaemorus,4621424.542,5066592.815
Rubus chamaemorus,4272447.687,4391197.265
Rubus chamaemorus,4697579.911,3803819.069
Rubus chamaemorus,4602678.012,3911584.234
Rubus chamaemorus,4799473.194,4986317.995
Rubus chamaemorus,4487441.476,3770134.8199999994
Rubus chamaemorus,4266031.805,4256940.611
Rubus chamaemorus,4847533.156,5263684.747
Rubus chamaemorus,4124367.977,4053101.7299999995
Rubus chamaemorus,4624704.334,3778553.965
Rubus chamaemorus,4723742.682999999,3726657.019
Rubus chamaemorus,4115436.459,4193947.999
Rubus chamaemorus,4722089.09,4890438.958
Rubus chamaemorus,4751282.505,4570637.83
Rubus chamaemorus,4819142.896,5004377.405000001
Rubus chamaemorus,4753006.897,4610592.05
Rubus chamaemorus,4664403.937,4191530.071
Rubus chamaemorus,4106791.210999999,4322555.987
Rubus chamaemorus,4302777.33,4151131.3550000004
Rubus chamaemorus,4361059.975,4317069.409
Rubus chamaemorus,4938390.762,5203600.866999999
Rubus chamaemorus,4203841.474,4251669.761
Rubus chamaemorus,4474614.156,4291715.518
Rubus chamaemorus,4971720.823000001,5320738.929
Rubus chamaemorus,4869849.059,4847111.248999999
Rubus chamaemorus,4674741.748,3778322.177
Rubus chamaemorus,4635094.874,4299944.894
Rubus chamaemorus,4591138.754,4325781.266
Rubus chamaemorus,4542767.978,4482046.938
Rubus chamaemorus,4601752.266,4232033.31
Rubus chamaemorus,4556774.751,4263795.629
Rubus chamaemorus,4161736.667,4134402.36
Rubus chamaemorus,4676139.046,3690064.478
Rubus chamaemorus,4455170.099,4253811.849
Rubus chamaemorus,4334901.776,4007160.214
Rubus chamaemorus,4807330.22,4972437.559
Rubus chamaemorus,4417255.599,4560701.106
Rubus chamaemorus,4219487.587,4171204.291
Rubus chamaemorus,4212516.006,3999236.602
Rubus chamaemorus,4546969.007,3857392.408
Rubus chamaemorus,4667576.938,4278300.823
Rubus chamaemorus,4911138.035,5135593.377
Rubus chamaemorus,4628479.989,3798720.942
Rubus chamaemorus,4728184.984,4101504.844
Rubus chamaemorus,4605589.232,5033321.012000001
Rubus chamaemorus,4179391.513,3914521.888
Rubus chamaemorus,4637387.028,3750068.162
Rubus chamaemorus,4674730.094,4028266.98
Rubus chamaemorus,4593749.441,4087061.085
Rubus chamaemorus,4619860.208,4659041.186
Rubus chamaemorus,4479721.987,4226072.028
Rubus chamaemorus,4638984.773,4375780.694
Rubus chamaemorus,4863417.723,4806918.926
Rubus chamaemorus,4260644.788,4158722.6650000005
Rubus chamaemorus,4569857.209,4334886.434
Rubus chamaemorus,4776137.348999999,4561010.036
Rubus chamaemorus,4541403.336,3702231.011999999
Rubus chamaemorus,4480272.053,4121823.378
Rubus chamaemorus,4437689.155,4582081.933
Rubus chamaemorus,4599420.038,4127604.6
Rubus chamaemorus,4154775.015,3913140.759
Rubus chamaemorus,4641030.177,4059711.965
Rubus chamaemorus,4708192.646,3849677.758
Rubus chamaemorus,4826586.448,3831119.055
Rubus chamaemorus,4546347.749,4492540.128
Rubus chamaemorus,4365671.666,4534841.151
Rubus chamaemorus,4654235.488,5051324.497
Rubus chamaemorus,4616075.035,5150550.201999999
Rubus chamaemorus,4805332.123,4853982.999
Rubus chamaemorus,4839849.862,5237589.296
Rubus chamaemorus,4360899.846,4317057.278
Rubus chamaemorus,4397433.367,4237957.913
Rubus chamaemorus,4420598.133,3991732.854
Rubus chamaemorus,4275248.463,4002423.623
Rubus chamaemorus,4177511.831,3941518.661
Rubus chamaemorus,4689203.843,4245482.698
Rubus chamaemorus,4863972.275,4900676.47
Rubus chamaemorus,4430941.216,4546010.745
Rubus chamaemorus,4546656.105,4418175.74
Rubus chamaemorus,4468653.078,4495852.924
Rubus chamaemorus,4615946.698,4282839.139
Rubus chamaemorus,4597010.856,3922180.517
Rubus chamaemorus,4589470.854,3785843.772
Rubus chamaemorus,4438637.348,4772727.375999999
Rubus chamaemorus,4500927.773,4817835.886
Rubus chamaemorus,4454364.351,4598963.253
Rubus chamaemorus,4665360.728,3825772.494
Rubus chamaemorus,4497660.105,4138606.499
Rubus chamaemorus,4901267.234,5280909.279
Rubus chamaemorus,4761385.773,4536339
Rubus chamaemorus,4579895.085,4009946.327
Rubus chamaemorus,4370842.722,4487435.942
Rubus chamaemorus,4786576.202999999,4726868.015000001
Rubus chamaemorus,4165988.26,4027047.035
Rubus chamaemorus,4504846.294,4514047.499
Rubus chamaemorus,4512196.29,3803605.553
Rubus chamaemorus,4221899.716,3951397.807
Rubus chamaemorus,4520493.059,4800694.866
Rubus chamaemorus,4680003.427,5136496.224
Rubus chamaemorus,4667320.728,3812011.422
Rubus chamaemorus,4574745.271,4019674.5000000005
Rubus chamaemorus,5009993.131,5342164.671000001
Rubus chamaemorus,4514902.876,4350510.786
Rubus chamaemorus,4724752.944,4518710.299
Rubus chamaemorus,4472626.609,4212114.827
Rubus chamaemorus,4459634.311,4835593.251
Rubus chamaemorus,4769518.833,4605581.553
Rubus chamaemorus,4548954.727,4352879.513
Rubus chamaemorus,5018051.584,5351479.438999999
Rubus chamaemorus,4626423.74,5145991.863
Rubus chamaemorus,4682584.065,3692650.163
Rubus chamaemorus,4363605.038,4195785.66
Rubus chamaemorus,4403869.076,4498003.579
Rubus chamaemorus,4614449.906,4513895.564
Rubus chamaemorus,4695818.437,4289041.379
Rubus chamaemorus,4429037.901,4558415.644
Rubus chamaemorus,4572978.948,3849899.376
Rubus chamaemorus,4406872.908,4557005.192
Rubus chamaemorus,4673773.913,5209505.441
Rubus chamaemorus,4668203.153,4721650.268
Rubus chamaemorus,4896034.35,4980314.679
Rubus chamaemorus,5007537.501,5388998.9180000005
Rubus chamaemorus,4449854.367,3884951.342
Rubus chamaemorus,4427716.359,4542118.035
Rubus chamaemorus,4771019.753,5174603.243
Rubus chamaemorus,5071295.817,5215484.27
Rubus chamaemorus,4541434.598,4631457.716
Rubus chamaemorus,4835697.116,3819376.352
Rubus chamaemorus,4593156.113,4025217.664
Rubus chamaemorus,4610010.841,3962934.397
Rubus chamaemorus,4715183.374,4829776.603
Rubus chamaemorus,4170448.403,4168868.977
Rubus chamaemorus,4238888.259,4224539.328
Rubus chamaemorus,4674030.046,3903793.267
Rubus chamaemorus,4261123.754,4468613.814
Rubus chamaemorus,4249069.782,3970291.529
Rubus chamaemorus,4618743.348,3958137.099
Rubus chamaemorus,4882192.701,5037972.643
Rubus chamaemorus,4609621.085,4123605.632
Rubus chamaemorus,4742613.008,4159604.292
Rubus chamaemorus,5007618.78,5329954.264
Rubus chamaemorus,4365073.972,4167908.024
Rubus chamaemorus,4625634.99,3762542.991
Rubus chamaemorus,4633330.561,4085105.4849999994
Rubus chamaemorus,4777919.031,4591673.452
Rubus chamaemorus,4752606.03,4485260.482
Rubus chamaemorus,4083656.346,4170454.212
Rubus chamaemorus,4129786.061,3981374.667
Rubus chamaemorus,4672344.346,4448121.662
Rubus chamaemorus,4946082.279,5320468.298
Rubus chamaemorus,4450964.975,3869804.224
Rubus chamaemorus,4386714.244,4277127.02
Rubus chamaemorus,4761211.688,4630260.085
Rubus chamaemorus,4840415.382,4731798.752
Rubus chamaemorus,4095294.815,4082331.194
Rubus chamaemorus,4402436.86,4644899.396
Rubus chamaemorus,4355387.288,4468116.414
Rubus chamaemorus,4533068.382,3709219.694
Rubus chamaemorus,4092639.148,4058330.336
Rubus chamaemorus,4704321.786,3920567.896
Rubus chamaemorus,4546336.716,3674179.872
Rubus chamaemorus,4560531.422,4433669.446
Rubus chamaemorus,4540778.968,4882767.766
Rubus chamaemorus,4495869.762,3928371.146
Rubus chamaemorus,5086476.197,5373051.856000001
Rubus chamaemorus,4738969.808,4022439.357
Rubus chamaemorus,4851783.187,4871217.63
Rubus chamaemorus,4145241.004,4391130.864
Rubus chamaemorus,4741135.381,4907323.782
Rubus chamaemorus,4466284.307,4820008.784
Rubus chamaemorus,4520898.799,3814288.565
Rubus chamaemorus,4643545.765,4315752.854
Rubus chamaemorus,4543455.937,4073371.2220000005
Rubus chamaemorus,4575170.324,4180298.781
Rubus chamaemorus,4671049.942,3717264.223
Rubus chamaemorus,4736972.095,3987683.463
Rubus chamaemorus,4409483.987,4022927.038
Rubus chamaemorus,4518198.274,3735716.547
Rubus chamaemorus,4144851.627,4176231.823
Rubus chamaemorus,4370185.65,4492453.983
Rubus chamaemorus,4618371.329,4098449.277
Rubus chamaemorus,4420835.564,4289168.819
Rubus chamaemorus,4261117.509,4241501.62
Rubus chamaemorus,4273547.654,4490792.168
Rubus chamaemorus,4663221.341,3856226.32
Rubus chamaemorus,4424291.548,4137395.177
Rubus chamaemorus,4671179.693,3757157.802
Rubus chamaemorus,4590897.961,3990473.698
Rubus chamaemorus,4738078.682,5178920.144
Rubus chamaemorus,4686725.861,4164330.745
Rubus chamaemorus,4585771.647,3876210.026
Rubus chamaemorus,4521742.186,4873010.258
Rubus chamaemorus,4812343.131,5271838.921
Rubus chamaemorus,4660869.096,4884935.453
Rubus chamaemorus,4136089.312,4167314.436
Rubus chamaemorus,4915949.177,4876207.77
Rubus chamaemorus,4307980.781,4395215.634
Rubus chamaemorus,4808940.011,4103815.574
Rubus chamaemorus,4778256.682,5187032.954000001
Rubus chamaemorus,5012617.199,5297304.403
Rubus chamaemorus,4447173.352,3973262.501
Rubus chamaemorus,4890294.518,5326724.042
Rubus chamaemorus,4692151.006,4108571.376
Rubus chamaemorus,4670052.051,4247336.678
Rubus chamaemorus,4117390.845,4271227.199
Rubus chamaemorus,4549570.572,4238114.196
Rubus chamaemorus,4657848.293,3799977.144
Rubus chamaemorus,4932529.555,5303553.87
Rubus chamaemorus,4254751.014,4124301.103
Rubus chamaemorus,4350580.637,4475909.411
Rubus chamaemorus,4770622.532,5174498.588
Rubus chamaemorus,4186699.556000001,4410504.02
Rubus chamaemorus,4717925.972,3920557.568
Rubus chamaemorus,4719739.681,3720925.902
Rubus chamaemorus,4554780.796,4572079.896
Rubus chamaemorus,4452826.206,4595936.985
Rubus chamaemorus,4412959.958,4091291.338
Rubus chamaemorus,4635904.613,4630283.458
Rubus chamaemorus,4566154.523,4058473.851
Rubus chamaemorus,4448186.87,4796679.455
Rubus chamaemorus,4685424.585,5117203.924
Rubus chamaemorus,4321051.676,4231459.316
Rubus chamaemorus,4198281.72,4144588.628
Rubus chamaemorus,4676462.2,3888170.867
Rubus chamaemorus,4256127.346,4340685.398
Rubus chamaemorus,4562150.439,4904694.146
Rubus chamaemorus,4560018.662,3942788.6370000006
Rubus chamaemorus,4273396.399,4296561.664
Rubus chamaemorus,4907619.858,5278393.15
Rubus chamaemorus,4337001.466,4355601.854
Rubus chamaemorus,4683201.288,4443570.426
Rubus chamaemorus,4527935.165,4435371.408
Rubus chamaemorus,4451519.294,4702904.877
Rubus chamaemorus,4749464.177,5171572.45
Rubus chamaemorus,4421760.699,3927891.602
Rubus chamaemorus,4812943.272,5191613.649
Rubus chamaemorus,4273608.854,4491036.296
Rubus chamaemorus,4403708.695,4497991.47
Rubus chamaemorus,4152959.137,4326705.082
Rubus chamaemorus,4439874.666,4221376.324
Rubus chamaemorus,4424700.17,4051496.776
Rubus chamaemorus,4260963.557,4468601.186
Rubus chamaemorus,4657162.621,3992590.148
Rubus chamaemorus,4857175.927,5010844.071
Rubus chamaemorus,4452705.516,4288787.409
Rubus chamaemorus,4329836.241,4031981.2719999994
Rubus chamaemorus,4176975.722,3894430.935
Rubus chamaemorus,4854592.433,4822207.608
Rubus chamaemorus,4262481.667,4026210.615
Rubus chamaemorus,4539103.678,4122906.897000001
Rubus chamaemorus,4768882.927,4030084.335
Rubus chamaemorus,4346769.275,4184763.8209999995
Rubus chamaemorus,4688662.103,4494160.903
Rubus chamaemorus,4902843.453,4765826.163
Rubus chamaemorus,4138448.5550000006,3921218.71
Rubus chamaemorus,4718670.298,4157584.297
Rubus chamaemorus,4579901.561,4331196.893
Rubus chamaemorus,4568179.174,4250894.725
Rubus chamaemorus,4581022.649,5057404.661
Rubus chamaemorus,4233219.329,4443810.216
Rubus chamaemorus,4577057.158,4160036.7
Rubus chamaemorus,4481413.104,4216687.019
Rubus chamaemorus,4597934.537,4482638.032
Rubus chamaemorus,4326019.492,4373728.6
Rubus chamaemorus,4499237.64,4243659.284
Rubus chamaemorus,4554251.598,4888453.711
Rubus chamaemorus,4515023.7,4415399.923
Rubus chamaemorus,4456968.088,4490242.4
Rubus chamaemorus,4572088.026,4345109.96
Rubus chamaemorus,4594394.936,4731481.711
Rubus chamaemorus,4460599.98,4340622
Rubus chamaemorus,4813104.607,5191623.703
Rubus chamaemorus,4722750.052,4741681.75
Rubus chamaemorus,4411385.923,4557346.175
Rubus chamaemorus,4770703.68,4076248.319
Rubus chamaemorus,4624206.678,4088971.822
Rubus chamaemorus,4830274.121,5369015.481
Rubus chamaemorus,4629298.672,4134513.04
Rubus chamaemorus,4522475.9,3911161.254
Rubus chamaemorus,4514832.775,4169595.714
Rubus chamaemorus,4555322.469,3712731.393
Rubus chamaemorus,4645523.825,4190489.107
Rubus chamaemorus,4653693.287,3956413.462
Rubus chamaemorus,4326467.218,4355114.713
Rubus chamaemorus,4252664.09,4049490.072
Rubus chamaemorus,4200777.379,4254602.671
Rubus chamaemorus,4474687.039,3886581.687
Rubus chamaemorus,4589386.713,3895678.486
Rubus chamaemorus,4737610.815,4438808.857
Rubus chamaemorus,4693681.566,3724079.553
Rubus chamaemorus,4461791.428,4205966.246
Rubus chamaemorus,4234350.335,4312533.039
Rubus chamaemorus,4722699.332999999,3756197.687
Rubus chamaemorus,4766198.525,4669512.485
Rubus chamaemorus,4410470.907,4640107.297
Rubus chamaemorus,4731318.867,4557457.238
Rubus chamaemorus,4843717.163,5171230.423
Rubus chamaemorus,4568778.648,3844359.53
Rubus chamaemorus,4452774.581,4084617.82
Rubus chamaemorus,4682878.423,3741848.7899999996
Rubus chamaemorus,4525347.241,3819311.287
Rubus chamaemorus,5074417.374,5274007.71
Rubus chamaemorus,4184254.983,4049516.818
Rubus chamaemorus,4673485.649,3726954.412
Rubus chamaemorus,4637544.329,4270232.819
Rubus chamaemorus,4821926.166,4674668.967
Rubus chamaemorus,4670625.352,4227586.276
Rubus chamaemorus,4592266.548,5035184.716
Rubus chamaemorus,4455489.712,4065655.928
Rubus chamaemorus,4853145.446,5281749.766
Rubus chamaemorus,4268564.622,4197292.266
Rubus chamaemorus,4350814.852,4476007.19
Rubus chamaemorus,4606463.29,3684631.389
Rubus chamaemorus,4543280.936,4482377.213
Rubus chamaemorus,4639084.144,3780141.177
Rubus chamaemorus,4811146.591,4869338.796000001
Rubus chamaemorus,4827093.783,5245219.98
Rubus chamaemorus,4777378.195,4561333.264
Rubus chamaemorus,4826427.319,5216789.906
Rubus chamaemorus,4328000.504,4256623.866
Rubus chamaemorus,4453480.09,4131458.561
Rubus chamaemorus,4394085.675,3959893.881
Rubus chamaemorus,4555131.559,4573031.923
Rubus chamaemorus,4689444.897,3792950.994
Rubus chamaemorus,4250796.851,4042554.5660000006
Rubus chamaemorus,4636420.011,4044709.355
Rubus chamaemorus,5111019.931,5290872.909
Rubus chamaemorus,4117256.188,4270897.225
Rubus chamaemorus,4487069.471,4588342.118
Rubus chamaemorus,4632722.032,4084329.5120000006
Rubus chamaemorus,4582614.068,4436460.819
Rubus chamaemorus,4190244.09,4129302.879
Rubus chamaemorus,4705217.311,3829685.0419999994
Rubus chamaemorus,4557751.598,3792012.855
Rubus chamaemorus,4621622.929,4330007.735
Rubus chamaemorus,4595864.004,3761268.884
Rubus chamaemorus,4500181.31,4233452.304
Rubus chamaemorus,4197351.85,4013902.314
Rubus chamaemorus,4648264.899,4435133.184
Rubus chamaemorus,4464198.631,4466571.363
Rubus chamaemorus,4504304.395,3663310.001
Rubus chamaemorus,4930597.29,5149040.022
Rubus chamaemorus,4553401.334,4839485.812
Rubus chamaemorus,4913350.634,5168564.788
Rubus chamaemorus,4689251.152,4798645.876
Rubus chamaemorus,4210737.321,4388669.381
Rubus chamaemorus,5074527.235,5273618.489
Rubus chamaemorus,4206435.285,4276326.508
Rubus chamaemorus,4575312.393,4891870.596
Rubus chamaemorus,4338417.321,4247585.339
Rubus chamaemorus,4499659.806,4606958.271
Rubus chamaemorus,4515620.042,4340546.606
Rubus chamaemorus,4802677.104,4787682.088
Rubus chamaemorus,4657627.028,3860852.318
Rubus chamaemorus,4819501.061,4578832.11
Rubus chamaemorus,4841314.073,4988787.574
Rubus chamaemorus,4672259.398,4333907.957
Rubus chamaemorus,4609941.885,4013693.307
Rubus chamaemorus,4107786.3040000005,3932575.057
Rubus chamaemorus,4560221.978,4882337.74
Rubus chamaemorus,4532100.786,3810997.345
Rubus chamaemorus,4596745.667,3751961.352
Rubus chamaemorus,4649625.992,4735375.302
Rubus chamaemorus,4519097.496,4576723.948
Rubus chamaemorus,4874197.066,4986073.706
Rubus chamaemorus,4808696.665,5188634.747
Rubus chamaemorus,4216334.305,4154561.001
Rubus chamaemorus,5035558.269,5336128.43
Rubus chamaemorus,4861571.262,5145573.973
Rubus chamaemorus,4631029.682,4568974.019
Rubus chamaemorus,4440672.99,4190021.785
Rubus chamaemorus,4408040.987,3916687.029
Rubus chamaemorus,4404017.004,4498174.387
Rubus chamaemorus,4489962.678,3887493.122
Rubus chamaemorus,4546698.175,5039960.07
Rubus chamaemorus,4472768.196,4245287.173
Rubus chamaemorus,4408415.528,4343688.183
Rubus chamaemorus,4167015.876,4427123.489
Rubus chamaemorus,4370543.013,4250852.214
Rubus chamaemorus,4237941.522,4055245.016
Rubus chamaemorus,4626336.711,5146065.179
Rubus chamaemorus,4702817.737,4561291.906
Rubus chamaemorus,4410201.563,3983033.817
Rubus chamaemorus,4648428.126,4266349.443
Rubus chamaemorus,4563255.326,4463464.074
Rubus chamaemorus,4462646.208,4632480.719
Rubus chamaemorus,4678549.222,5081104.979000001
Rubus chamaemorus,4626802.552,4269181.768
Rubus chamaemorus,4496845.97,4565522.021
Rubus chamaemorus,4840120.047,5135003.94
Rubus chamaemorus,4761073.349,4005601.199
Rubus chamaemorus,4485263.946,3822627.869
Rubus chamaemorus,4391413.923,4455490.609
Rubus chamaemorus,4359737.512,4153252.7
Rubus chamaemorus,4240578.666,4177833.084
Rubus chamaemorus,4420180.889,3882982.911
Rubus chamaemorus,4767138.241,4680401.405
Rubus chamaemorus,4900536.325,5395466.278
Rubus chamaemorus,4304145.011,4449039.565
Rubus chamaemorus,4819517.445,5296852.848
Rubus chamaemorus,4570607.193,4429605.138
Rubus chamaemorus,4691602.823,4430745.499
Rubus chamaemorus,4349645.763,4561929.701
Rubus chamaemorus,4465751.935,4380794.856
Rubus chamaemorus,4341064.303,4544237.362
Rubus chamaemorus,4641886.557,3925153.514
Rubus chamaemorus,4672351.863,3807065.812
Rubus chamaemorus,4641490.066,5123465.255
Rubus chamaemorus,4578300.261,4150051.648
Rubus chamaemorus,4840442.032,4974333.881
Rubus chamaemorus,4790672.396000001,5223730.322
Rubus chamaemorus,4710676.344,4412746.668
Rubus chamaemorus,4565402.543,3654651.985
Rubus chamaemorus,4891687.858,5226675.138
Rubus chamaemorus,4687313.443,4484452.267
Rubus chamaemorus,4980727.32,5290952.300999999
Rubus chamaemorus,4712781.649,3855366.397
Rubus chamaemorus,4400295.193,4321863.661
Rubus chamaemorus,4367796.012,4270048.953
Rubus chamaemorus,4126381.142,4373152.856
Rubus chamaemorus,4691012.583,3999609.967
Rubus chamaemorus,4683442.601,5071749.439
Rubus chamaemorus,4161442.416,4095101.565
Rubus chamaemorus,4599050.639,4146560.841
Rubus chamaemorus,4757611.68,5177548.266
Rubus chamaemorus,4850182.255,5190285.125
Rubus chamaemorus,4882843.825,5312687.457
Rubus chamaemorus,4418877.542,4584916.394
Rubus chamaemorus,4456415.668,4045057.002
Rubus chamaemorus,4428803.427,4558318.255
Rubus chamaemorus,4776970.428,4117020.714
Rubus chamaemorus,4349003.863,4372912.037
Rubus chamaemorus,4945896.843,5320773.932
Rubus chamaemorus,4865036.5,4743607.719
Rubus chamaemorus,4561920.259,4368885.259
Rubus chamaemorus,4737931.721000001,3988956.56
Rubus chamaemorus,4721469.198,4620782.242
Rubus chamaemorus,4229721.862,4088408.283
Rubus chamaemorus,4855151.584,5066575.42
Rubus chamaemorus,4666950.511,4492745.938
Rubus chamaemorus,4543560.199,3672657.891
Rubus chamaemorus,4574269.121,3770002.201
Rubus chamaemorus,4390515.898,3994510.966
Rubus chamaemorus,4344860.395,4115298.008000001
Rubus chamaemorus,4733840.549,4092835.132
Rubus chamaemorus,4612636.608,5007396.513
Rubus chamaemorus,4493359.252,3793498.69
Rubus chamaemorus,4452739.824,4163569.297
Rubus chamaemorus,4752517.497,4104681.707
Rubus chamaemorus,4500043.097,3769060.17
Rubus chamaemorus,4673105.071,3856573.136000001
Rubus chamaemorus,4675728.946,4072134.613
Rubus chamaemorus,4741248.916999999,4759232.35
Rubus chamaemorus,5011285.885,5395116.869
Rubus chamaemorus,4685868.849,4173409.687
Rubus chamaemorus,4591229.352,4626325.344
Rubus chamaemorus,4598324.654,3845330.314
Rubus chamaemorus,4482826.025,3802521.445
Rubus chamaemorus,4427969.246,3967020.831
Rubus chamaemorus,4462573.595,3842748.273
Rubus chamaemorus,4345277.917,4249943.786
Rubus chamaemorus,4668229.483,3861853.295
Rubus chamaemorus,4829385.96,4641300.558
Rubus chamaemorus,4659766.498,4242449.051
Rubus chamaemorus,4561521.287,4612682.141
Rubus chamaemorus,4583743.829,4185402.135
Rubus chamaemorus,4727718.707000001,5079660.042000001
Rubus chamaemorus,4555313.922,3647916.763
Rubus chamaemorus,4267210.575,4450064.273
Rubus chamaemorus,4368395.968,4187069.567
Rubus chamaemorus,4695279.638,4450742.596
Rubus chamaemorus,4756587.176,5028103.761
Rubus chamaemorus,4821331.611,5076703.188
Rubus chamaemorus,4370669.395,4254438.899
Rubus chamaemorus,4678842.073,3783191.2779999995
Rubus chamaemorus,4358704.123,4437695.445
Rubus chamaemorus,4114891.838,3937958.422
Rubus chamaemorus,4332158.696,4413127.235
Rubus chamaemorus,4710811.421,3945449.29
Rubus chamaemorus,4619396.309,3958011.311
Rubus chamaemorus,4535965.668,4591821.873
Rubus chamaemorus,4327926.632,4256538.325
Rubus chamaemorus,4485385.987,4373471.186
Rubus chamaemorus,4455249.054,3939486.305
Rubus chamaemorus,4466516.085,4555485.323
Rubus chamaemorus,4531335.489,3936056.625
Rubus chamaemorus,4612571.629,3967848.076
Rubus chamaemorus,4261039.976,4470681.413
Rubus chamaemorus,4375349.41,4459840.784
Rubus chamaemorus,4693357.884,4019182.082
Rubus chamaemorus,4719316.531,5134988.814
Rubus chamaemorus,4638363.13,5085311.459
Rubus chamaemorus,4974958.255,5372334.317
Rubus chamaemorus,4509564.231,4239178.814
Rubus chamaemorus,4451336.167,4374720.696
Rubus chamaemorus,4834588.646000001,4670945.822
Rubus chamaemorus,4597008.423,3811212.173
Rubus chamaemorus,4618637.255,3913176.5309999995
Rubus chamaemorus,4336755.048,4355662.886
Rubus chamaemorus,4889798.598,4929157.448
Rubus chamaemorus,4049503.469,4025399.391
Rubus chamaemorus,4365098.585,4154414.212
Rubus chamaemorus,4512981.422,4414101.258
Rubus chamaemorus,4696698.392,4709840.7
Rubus chamaemorus,4674348.133,3777144.38
Rubus chamaemorus,5076524.149,5338266.105
Rubus chamaemorus,4741747.016,4653819.546
Rubus chamaemorus,4795195.124,5237201.67
Rubus chamaemorus,4898596.897,5143267.902
Rubus chamaemorus,4539808.427,4527129.005
Rubus chamaemorus,4870847.827,5310494.826
Rubus chamaemorus,4847087.51,4611730.468
Rubus chamaemorus,4836718.027,5196214.382999999
Rubus chamaemorus,4206395.409,3940983.818
Rubus chamaemorus,4531862.535,3810521.1820000005
Rubus chamaemorus,4515441.018,4054750.695
Rubus chamaemorus,4576944.153,3804996.281
Rubus chamaemorus,4436301.953,4037387.079
Rubus chamaemorus,4506791.935,4374368.11
Rubus chamaemorus,4581397.697,4968197.45
Rubus chamaemorus,4854309.114,4652287.419
Rubus chamaemorus,4577960.321,4025243.854
Rubus chamaemorus,4364007.754,4458976.809
Rubus chamaemorus,5045585.349,5368719.926
Rubus chamaemorus,4096465.892,3971472.705
Rubus chamaemorus,4634178.975,3899328.963
Rubus chamaemorus,4517058.576,4150577.03
Rubus chamaemorus,4609761.178,4353107.328
Rubus chamaemorus,4416314.007,4583386.895
Rubus chamaemorus,4858802.685,4936184.141
Rubus chamaemorus,4391160.321,4287871.452
Rubus chamaemorus,4406568.07,4427927.172
Rubus chamaemorus,4930187.34,4900942.752
Rubus chamaemorus,4285231.996,4113319.26
Rubus chamaemorus,4810291.364,4679010.622
Rubus chamaemorus,4117647.816,4189296.015
Rubus chamaemorus,4564089.202,3832870.451
Rubus chamaemorus,4365061.823,4168067.056
Rubus chamaemorus,4643310.498,3685987.909
Rubus chamaemorus,4911398.590999999,4834775.584
Rubus chamaemorus,4246886.425,4148246.819
Rubus chamaemorus,4546829.329,3736623.4
Rubus chamaemorus,4243045.658,4202313.32
Rubus chamaemorus,4203330.861,4393226.199
Rubus chamaemorus,4561440.583,4099315.833
Rubus chamaemorus,4569192.205,4589069.811
Rubus chamaemorus,4684174.6,3712688.301
Rubus chamaemorus,4651814.412,3750581.262
Rubus chamaemorus,4479354.332,4493156.596
Rubus chamaemorus,5078762.272999999,5228229.01
Rubus chamaemorus,4276913.835,4087280.452
Rubus chamaemorus,4128310.697,4363839.887
Rubus chamaemorus,4740545.416,4132575.893
Rubus chamaemorus,4375091.027,4645960.277
Rubus chamaemorus,4744255.82,5239010.161
Rubus chamaemorus,4639085.096,3719188.641
Rubus chamaemorus,4826875.987999999,4789831.382
Rubus chamaemorus,4583868.12,4315735.352
Rubus chamaemorus,5038206.934,5335873.857
Rubus chamaemorus,4595903.329,3997200.354
Rubus chamaemorus,4511450.372,4220558.652
Rubus chamaemorus,4413654.651,4548780.458
Rubus chamaemorus,4806173.024,5192934.133999999
Rubus chamaemorus,4649436.443,4466438.933
Rubus chamaemorus,4531028.975,4825190.433
Rubus chamaemorus,5101334.636,5372479.002000001
Rubus chamaemorus,4918430.865,4812018.897
Rubus chamaemorus,4728807.908,4576485.489
Rubus chamaemorus,4526569.398,3866033.471
Rubus chamaemorus,4751296.363,4059321.109
Rubus chamaemorus,4553488.817,4667744.536
Rubus chamaemorus,4637754.94,4269531.336
Rubus chamaemorus,4779649.282,4686365.767
Rubus chamaemorus,4501912.174,4734352.108
Rubus chamaemorus,4690032.324,4014060.793
Rubus chamaemorus,4190138.822,4140538.711
Rubus chamaemorus,4502996.485,4408952.405
Rubus chamaemorus,4657953.947,3861197.501
Rubus chamaemorus,4503516.293,3843469.465
Rubus chamaemorus,4359441.87,4152910.631
Rubus chamaemorus,4168463.604,4175021.661
Rubus chamaemorus,4832910.268,4661589.852
Rubus chamaemorus,4734102.804,4092016.871
Rubus chamaemorus,4623607.836,4328093.541
Rubus chamaemorus,4605936.559,4437810.723
Rubus chamaemorus,4684152.194,4464428.502
Rubus chamaemorus,4508944.999,4863201.422
Rubus chamaemorus,4119285.5019999994,4069333.603
Rubus chamaemorus,4262117.036,4114453.734
Rubus chamaemorus,4878317.31,4843783.099000001
Rubus chamaemorus,4651336.648,4111618.017
Rubus chamaemorus,4068295.825,4054506.688
Rubus chamaemorus,4326170.705,4080328.501
Rubus chamaemorus,4851624.788,4959574.993
Rubus chamaemorus,4251512.145,3977814.419
Rubus chamaemorus,4999507.481,5330165.872
Rubus chamaemorus,4168141.508,4410766.218
Rubus chamaemorus,4334849.086,4498460.806
Rubus chamaemorus,4322223.623,4411364.662
Rubus chamaemorus,4415037.676,4421654.895
Rubus chamaemorus,4494402.057,4068147.433
Rubus chamaemorus,4425284.268,4245607.147
Rubus chamaemorus,4610809.483,4403188.78
Rubus chamaemorus,4623843.862,4194013.718
Rubus chamaemorus,4813996.003,4615390.843
Rubus chamaemorus,4389874.277,4391308.089
Rubus chamaemorus,4587093.795,3694880.383
Rubus chamaemorus,4675219.955,4303562.213
Rubus chamaemorus,4275088.184,4007990.452
Rubus chamaemorus,4358573.309,4319797.349
Rubus chamaemorus,4687605.289,3933938.771
Rubus chamaemorus,4195554.679,4322125.368
Rubus chamaemorus,4475998.386,3872178.458
Rubus chamaemorus,4865761.647,4913168.797
Rubus chamaemorus,4801666.366,5234320.076
Rubus chamaemorus,4814220.975,4079287.231
Rubus chamaemorus,4815413.526,4883237.311
Rubus chamaemorus,4356163.873,4199963.476
Rubus chamaemorus,4835746.504999999,4690771.044
Rubus chamaemorus,4432095.566,4590058.779
Rubus chamaemorus,4757338.031,5028544.822
Rubus chamaemorus,4545358.666,3937113.3879999993
Rubus chamaemorus,4621283.579,4348276.001
Rubus chamaemorus,4186558.469,4153319.628
Rubus chamaemorus,4502018.967,4409048.733
Rubus chamaemorus,4411848.956,4229197.021
Rubus chamaemorus,4695532.279,5164483.5
Rubus chamaemorus,4461171.934,3815867.212
Rubus chamaemorus,4659427.388,4367020.259
Rubus chamaemorus,4598784.997,4127027.038
Rubus chamaemorus,4662849.652,4588342.302
Rubus chamaemorus,4832616.585,4660704.002
Rubus chamaemorus,4852996.224,5281582.527
Rubus chamaemorus,4798113.424,4047708.0849999995
Rubus chamaemorus,4377404.22,4607527.777
Rubus chamaemorus,4346211.771,4158154.531
Rubus chamaemorus,4508720.317,3833357.326
Rubus chamaemorus,4813575.79,4699351.592
Rubus chamaemorus,4193334.059,4431574.84
Rubus chamaemorus,5077249.523,5206825.532
Rubus chamaemorus,4448681.381,3899441.735
Rubus chamaemorus,4699575.481,4250782.624
Rubus chamaemorus,4723684.03,4517702.172
Rubus chamaemorus,4580811.109,3650539.653
Rubus chamaemorus,4709062.566,3910329.9119999995
Rubus chamaemorus,4321903.222,4411339.968
Rubus chamaemorus,4624589.98,3888487.907
Rubus chamaemorus,4744988.781,4028343.427
Rubus chamaemorus,4715704.637,4071104.579
Rubus chamaemorus,4333937.306,4257914.667
Rubus chamaemorus,4593367.433,4301805.561
Rubus chamaemorus,4433801.136,4196514.089
Rubus chamaemorus,4275158.752,4183493.985
Rubus chamaemorus,4571791.686,4093842.339
Rubus chamaemorus,4127680.437,3893740.846
Rubus chamaemorus,4398790.031,4474829.693
Rubus chamaemorus,4842856.346,5184707.301
Rubus chamaemorus,4502363.824,3988094.171
Rubus chamaemorus,4125947.475,4230701.732
Rubus chamaemorus,4629216.635,4259592.854
Rubus chamaemorus,4688071.505,3807667.864
Rubus chamaemorus,4322826.547,4494459.135
Rubus chamaemorus,4413931.863,4234849.258
Rubus chamaemorus,4806865.501,4723033.656
Rubus chamaemorus,4405644.888,4254481.002
Rubus chamaemorus,4194185.221,4330815.799
Rubus chamaemorus,4531720.175,4307123.716
Rubus chamaemorus,4599136.157,4147151.954
Rubus chamaemorus,4826994.67,5245451.405
Rubus chamaemorus,4843178.897,5184727.071
Rubus chamaemorus,4420528.193,4269320.173
Rubus chamaemorus,4673412.715,4468110.644
Rubus chamaemorus,4564326.714,4559696.038
Rubus chamaemorus,4638304.611,3905186.1419999995
Rubus chamaemorus,4559576.251,4337816.196
Rubus chamaemorus,4506852.64,3684703.264
Rubus chamaemorus,4599774.558,5123051.012
Rubus chamaemorus,4177123.232,3894602.057
Rubus chamaemorus,4467628.77,4700539.343
Rubus chamaemorus,4233663.111,4182790.679
Rubus chamaemorus,4624158.297,4423932.741
Rubus chamaemorus,4283054.422,4191911.782
Rubus chamaemorus,4516440.227,4159242.364
Rubus chamaemorus,4693507.64,4310140.878
Rubus chamaemorus,4234294.452,3941101.095
Rubus chamaemorus,5010154.383,5342173.359000001
Rubus chamaemorus,4845413.073999999,4836626.176999999
Rubus chamaemorus,4275393.047,4492931.565
Rubus chamaemorus,4691454.48,5076019.406
Rubus chamaemorus,4576853.493,4274912.238
Rubus chamaemorus,4414978.879,4598242.259
Rubus chamaemorus,5035570.118,5335971.158
Rubus chamaemorus,4399273.502,4341584.683
Rubus chamaemorus,4700335.329,4009326.959
Rubus chamaemorus,4656793.425,4055571.301
Rubus chamaemorus,4630373.646,4455660.704
Rubus chamaemorus,4089336.433,4082617.367
Rubus chamaemorus,4218400.792,4338560.074
Rubus chamaemorus,4602438.661,3861247.431
Rubus chamaemorus,4576896.154,3803406.1850000005
Rubus chamaemorus,4567087.817,3634356.578
Rubus chamaemorus,4435526.588,4142803.1910000006
Rubus chamaemorus,4441088.721,3878434.253
Rubus chamaemorus,4704874.416,3829807.4
Rubus chamaemorus,4479163.14,4396911.541
Rubus chamaemorus,4628321.633,3799412.542
Rubus chamaemorus,4385944.826,4161390.427
Rubus chamaemorus,4680768.672,4243800.863
Rubus chamaemorus,4304840.889,4244946.657
Rubus chamaemorus,4719665.975,4696241.034
Rubus chamaemorus,4429026.923,4506121.626
Rubus chamaemorus,4664003.359,3906401.689
Rubus chamaemorus,4879204.547,4843831.954
Rubus chamaemorus,4677468.97,4414398.619
Rubus chamaemorus,4638295.796,4365736.066
Rubus chamaemorus,4755395.513,4729043.923
Rubus chamaemorus,4879401.555999999,4933244.727
Rubus chamaemorus,4314398.257,4331225.154
Rubus chamaemorus,4780773.225,4010322.989
Rubus chamaemorus,4839260.791,4955998.984
Rubus chamaemorus,4654519.154,3779874.033
Rubus chamaemorus,4447288.39,3913675.737
Rubus chamaemorus,4550300.224,3662795.74
Rubus chamaemorus,4103250.097,4321849.322
Rubus chamaemorus,4612120.824,5115561.351000001
Rubus chamaemorus,4639583.57,4015314.503
Rubus chamaemorus,4660184.491,4356881.781
Rubus chamaemorus,4823482.6680000005,3800363.936
Rubus chamaemorus,4467599.796,4146225.041
Rubus chamaemorus,4640324.953,4385941.844
Rubus chamaemorus,4491965.102,4348081.606
Rubus chamaemorus,4605591.368,3882682.382
Rubus chamaemorus,4531860.581,4392335.508
Rubus chamaemorus,4615913.588,5150538.985
Rubus chamaemorus,4665183.731,5113437.184
Rubus chamaemorus,4825376.555,4769466.416
Rubus chamaemorus,4476598.855,3871118.61
Rubus chamaemorus,4684463.444,4389869.012
Rubus chamaemorus,4447676.856,4584424.261
Rubus chamaemorus,4700672.573,4679832.471
Rubus chamaemorus,4743238.986999999,4498454.271
Rubus chamaemorus,4566585.256,3919491.134
Rubus chamaemorus,4847061.825,5203382.996
Rubus chamaemorus,4847597.457,4940520.653
Rubus chamaemorus,4294454.189,4243731.139
Rubus chamaemorus,4386546.637,3989967.93
Rubus chamaemorus,4359311.626,4259497.619
Rubus chamaemorus,4482723.351,4278010.373
Rubus chamaemorus,4706337.303,3940602.379
Rubus chamaemorus,4675350.735,3842728.946
Rubus chamaemorus,4393406.705,4394330.154
Rubus chamaemorus,4762342.556,5012993.431
Rubus chamaemorus,4370204.18,4223585.904
Rubus chamaemorus,4627822.105,4529966.596
Rubus chamaemorus,4841368.603,5034006.95
Rubus chamaemorus,4527702.628,4251540.345
Rubus chamaemorus,4094695.797,3953184.976
Rubus chamaemorus,4681454.658,3817675.294
Rubus chamaemorus,4486409.815,4043125.035
Rubus chamaemorus,4873204.904,5321685.344
Rubus chamaemorus,4458102.383,3790545.45
Rubus chamaemorus,4222318.656,4052629.143
Rubus chamaemorus,4285960.526,4451952.249
Rubus chamaemorus,4440256.73,3998324.367
Rubus chamaemorus,4304409.735,4070668.886
Rubus chamaemorus,4459916.588,4274378.272
Rubus chamaemorus,4204887.514,4243686.934
Rubus chamaemorus,4639458.742,3889976.752
Rubus chamaemorus,4595823.512,3760688.744
Rubus chamaemorus,4276066.513,4273274.128
Rubus chamaemorus,4585465.983,3714971.623
Rubus chamaemorus,4681922.054,4037898.22
Rubus chamaemorus,4163176.009,4011347.467
Rubus chamaemorus,5076547.668,5337951.652
Rubus chamaemorus,4328652.128,4048937.3199999994
Rubus chamaemorus,4526066.687,4436800.788
Rubus chamaemorus,4612197.866,4227326.195
Rubus chamaemorus,4714430.463,4680590.299
Rubus chamaemorus,4214469.776,4055763.138
Rubus chamaemorus,4440022.622,4221547.191
Rubus chamaemorus,4532063.396,4211689.88
Rubus chamaemorus,4696702.555,4888025.284999999
Rubus chamaemorus,4709629.061,3909819.126
Rubus chamaemorus,4695633.739,4173613.07
Rubus chamaemorus,4708306.931,4265137.08
Rubus chamaemorus,4690054.99,4123928.631
Rubus chamaemorus,4771757.497,4541795.006
Rubus chamaemorus,4382772.43,4361655.205
Rubus chamaemorus,4888386.19,5224579.323
Rubus chamaemorus,4846720.883,4696644.984
Rubus chamaemorus,4396395.399,4326725.585
Rubus chamaemorus,4836251.968,4898787.493999999
Rubus chamaemorus,4843455.572,5034307.894
Rubus chamaemorus,4627891.447,3923780.713
Rubus chamaemorus,4455670.911,3808076.623
Rubus chamaemorus,4073641.355,4151018.548
Rubus chamaemorus,4802840.618,4114067.9810000006
Rubus chamaemorus,4479169.172,4816985.867
Rubus chamaemorus,4864450.36,5253585.473
Rubus chamaemorus,4631626.522,4053683.1930000004
Rubus chamaemorus,4678706.379,3923464.048
Rubus chamaemorus,4560184.067,3829113.69
Rubus chamaemorus,4566250.688,3754326.866
Rubus chamaemorus,4348355.173,4544380.98
Rubus chamaemorus,4455195.888,4053940.562
Rubus chamaemorus,4594058.603,4010593.689
Rubus chamaemorus,4399088.126,4401068.149
Rubus chamaemorus,4666506.04,3826806.962
Rubus chamaemorus,4600010.332,5123146.896
Rubus chamaemorus,4514000.032,3734607.992
Rubus chamaemorus,4680101.681,4509793.204
Rubus chamaemorus,4707779.316,5152727.195
Rubus chamaemorus,4635246.159,3958720.681
Rubus chamaemorus,4517730.213,3678970.548
Rubus chamaemorus,4554074.838,3913272.66
Rubus chamaemorus,4515602.481,3691809.016
Rubus chamaemorus,4879473.709,5343123.41
Rubus chamaemorus,4226680.009,4332308.103
Rubus chamaemorus,4916097.829,4865170.144
Rubus chamaemorus,4539036.185,3947053.44
Rubus chamaemorus,4690338.869,3718545.53
Rubus chamaemorus,4604691.07,3671421.767
Rubus chamaemorus,4819307.501,4927223.316999999
Rubus chamaemorus,4573140.371,3859522.577
Rubus chamaemorus,4638816.737,4075441.596
Rubus chamaemorus,4403662.981,3966218.621
Rubus chamaemorus,4841615.992,5121141.4629999995
Rubus chamaemorus,4401281.745,4305694.002
Rubus chamaemorus,4508915.684,3772088.818
Rubus chamaemorus,5059949.310999999,5289719.124
Rubus chamaemorus,4433574.403,4227988.726
Rubus chamaemorus,4873575.156,5336530.881
Rubus chamaemorus,5024129.762,5337987.958999999
Rubus chamaemorus,4499768.161,3884027.602
Rubus chamaemorus,4562292.687,3812483.059
Rubus chamaemorus,4502270.723,5028206.414
Rubus chamaemorus,4645211.918,4417137.929
Rubus chamaemorus,4576507.359,3990276.365
Rubus chamaemorus,4293646.672,4272552.647
Rubus chamaemorus,4771216.841,4775229.931
Rubus chamaemorus,4616972.767,4378263.137
Rubus chamaemorus,4127213.082,4184570.9659999995
Rubus chamaemorus,4532837.347,3845903.27
Rubus chamaemorus,4211630.796,4042735.9049999993
Rubus chamaemorus,4723064.613,4507904.294
Rubus chamaemorus,4342964.778,4244193.552
Rubus chamaemorus,4653861.374,5025067.094
Rubus chamaemorus,4894372.755,5353716.076000001
Rubus chamaemorus,4645371.772,5096866.953
Rubus chamaemorus,4614374.323,4718741.255
Rubus chamaemorus,4476637.432,4765271.858
Rubus chamaemorus,4346081.841,4036684.533
Rubus chamaemorus,4283537.269,4035622.797
Rubus chamaemorus,4543739.694,3731848.514
Rubus chamaemorus,4437684.487,3977666.607
Rubus chamaemorus,4452834.192,4375688.534
Rubus chamaemorus,4905808.138,5273501.876
Rubus chamaemorus,4871918.018000001,4857509.049
Rubus chamaemorus,4591624.076,3990640.865
Rubus chamaemorus,4629447.069,4454875.902
Rubus chamaemorus,4999208.831,5329833.695
Rubus chamaemorus,5075901.953,5217051.705
Rubus chamaemorus,4633915.177,4408636.491
Rubus chamaemorus,4610397.759,3952685.023
Rubus chamaemorus,4769549.542,4015643.294
Rubus chamaemorus,4866098.758000001,5362013.105
Rubus chamaemorus,4711409.79,4005698.251
Rubus chamaemorus,4718093.347,4477068.037
Rubus chamaemorus,4677868.445,3982960.766
Rubus chamaemorus,4823726.042,4105847.001
Rubus chamaemorus,4865938.22,5270234.233
Rubus chamaemorus,4371739.42,4107837.582
Rubus chamaemorus,4110046.605,3918110.565
Rubus chamaemorus,4625644.524,3709296.384
Rubus chamaemorus,4685578.307,3691767.787
Rubus chamaemorus,4634051.864,4023955.214
Rubus chamaemorus,4431511.403,4267057.194
Rubus chamaemorus,4209323.084,4246870.018
Rubus chamaemorus,4701302.733,4510258.749
Rubus chamaemorus,4836101.844,4765482.212
Rubus chamaemorus,4496751.662,3928910.241
Rubus chamaemorus,4761567.471000001,4175563.666
Rubus chamaemorus,4818221.706,5258112.225
Rubus chamaemorus,4510229.875,3819763.835
Rubus chamaemorus,4685976.205,4693932.338
Rubus chamaemorus,4434280.551,3833083.684
Rubus chamaemorus,4555131.847,4063175.284
Rubus chamaemorus,4818061.514,5187554.393
Rubus chamaemorus,4525966.387,3760798.469
Rubus chamaemorus,4378719.743,4479056.142
Rubus chamaemorus,4579938.027,4244526.451
Rubus chamaemorus,4307970.24,4479422.168
Rubus chamaemorus,4610288.443,4362280.79
Rubus chamaemorus,4809960.231,4072905.556
Rubus chamaemorus,4588395.982,5001143.017
Rubus chamaemorus,4077202.176,4222947.93
Rubus chamaemorus,4455730.751,3829172.094
Rubus chamaemorus,4771577.283000001,4615336.84
Rubus chamaemorus,5102805.857000001,5292745.243
Rubus chamaemorus,4414137.075,4537266.397
Rubus chamaemorus,4562992.416,4193859.493
Rubus chamaemorus,4906068.316,5273279.755
Rubus chamaemorus,4720718.9,3890687.456
Rubus chamaemorus,4458991.123,4014308.487
Rubus chamaemorus,4558484.856,4264754.256
Rubus chamaemorus,4361091.093,4474539.228
Rubus chamaemorus,4739000.188,4148346.085
Rubus chamaemorus,4628218.401,4258817.08
Rubus chamaemorus,4529287.776,4551649.969
Rubus chamaemorus,4561680.916,4109541.532
Rubus chamaemorus,4690765.646,4769618.344
Rubus chamaemorus,4643582.637,3785178.141
Rubus chamaemorus,4220427.826,4308445.262
Rubus chamaemorus,4653347.225,4320448.571
Rubus chamaemorus,4475963.272,3871759.791
Rubus chamaemorus,4590543.681,4889152.869
Rubus chamaemorus,4479069.772,4817217.354
Rubus chamaemorus,4452263.938,3964734.361
Rubus chamaemorus,4600000.949,4567633.698
Rubus chamaemorus,5067304.019,5346668.88
Rubus chamaemorus,4626769.344,3703748.746
Rubus chamaemorus,4788345.022999999,4737588.382
Rubus chamaemorus,4862155.998,4626688.99
Rubus chamaemorus,4857111.688,5270871.395
Rubus chamaemorus,4568172.273,4144402.365
Rubus chamaemorus,4622715.661,4108531.612
Rubus chamaemorus,4067924.7779999995,4031029.875
Rubus chamaemorus,4661883.358,3702177.54
Rubus chamaemorus,4511834.518,4871371.35
Rubus chamaemorus,4612650.118,4587601.251
Rubus chamaemorus,4494575.406,4067903.486
Rubus chamaemorus,4512943.654,4860768.361
Rubus chamaemorus,4336639.265,4339838.389
Rubus chamaemorus,4522155.545,4091800.006
Rubus chamaemorus,5033504.763,5333315.45
Rubus chamaemorus,4367691.213,4076114.679
Rubus chamaemorus,4674484.148,3902682.41
Rubus chamaemorus,4423671.616,4120087.204
Rubus chamaemorus,4579327.001,4069752.422
Rubus chamaemorus,4209970.743,4418606.872
Rubus chamaemorus,4845216.153,4665966.907
Rubus chamaemorus,4619172,5137218.827
Rubus chamaemorus,4347457.629,4477166.24
Rubus chamaemorus,4589298.735,4326495.921
Rubus chamaemorus,4619002.276,3912900.241
Rubus chamaemorus,4588440.327,4146780.612
Rubus chamaemorus,4715677.79,3950711.726
Rubus chamaemorus,4675904.062,3777391.794
Rubus chamaemorus,4409967.284,4164995.747
Rubus chamaemorus,4517732.106,4360199.651
Rubus chamaemorus,4528798.429,4751176.118
Rubus chamaemorus,4617753.493,4263338.563
Rubus chamaemorus,4835089.356,4670334.124
Rubus chamaemorus,4790634.471,4955377.461
Rubus chamaemorus,4301833.753,4416773.477
Rubus chamaemorus,4629631.766,3848682.486
Rubus chamaemorus,4869375.582,4762679.799
Rubus chamaemorus,4723602.265,4147357.672
Rubus chamaemorus,4845076.637,4751686.086
Rubus chamaemorus,4608678.867,5067530.916
Rubus chamaemorus,4215912.589,4061049.555
Rubus chamaemorus,4504699.381,4590793.256
Rubus chamaemorus,4603148.637,4213200.344
Rubus chamaemorus,4215990.19,4006337.704
Rubus chamaemorus,4683423.176,4768546.544
Rubus chamaemorus,4598685.396,4547541.41
Rubus chamaemorus,4889879.442,4928467.2
Rubus chamaemorus,4313677.243,4285654.885
Rubus chamaemorus,4356077.776,4200036.948
Rubus chamaemorus,4095014.501,3953209.794
Rubus chamaemorus,4512890.895,4504296.622
Rubus chamaemorus,4904571.508,4805773.073
Rubus chamaemorus,4199877.679,3897589.214
Rubus chamaemorus,4484043.069,3792082.295
Rubus chamaemorus,4487187.014,4032870.628
Rubus chamaemorus,4841254.673,4990072.407
Rubus chamaemorus,4240536.559,4508937.681
Rubus chamaemorus,4252499.568,4328185.967
Rubus chamaemorus,4587732.027,4145332.97
Rubus chamaemorus,4640777.272,4110913.952
Rubus chamaemorus,4770739.788,4878606.469
Rubus chamaemorus,4261417.521,4107325.449
Rubus chamaemorus,4785089.012,4630757.304
Rubus chamaemorus,4685031.314,4304717.587
Rubus chamaemorus,4457914.815,4014682.595
Rubus chamaemorus,4277933.12,4417407.305
Rubus chamaemorus,4466903.563,4674479.138
Rubus chamaemorus,4870512.878,4933319.754
Rubus chamaemorus,4161540.598,4094869.597
Rubus chamaemorus,4362471.988,4146139.707
Rubus chamaemorus,4828014.943,4629607.811
Rubus chamaemorus,4490054.919,3777743.165
Rubus chamaemorus,4202924.532,4393273.6
Rubus chamaemorus,4536753.159,4271954.839
Rubus chamaemorus,4738908.118000001,4148518.565
Rubus chamaemorus,4606692.84,4102526.303
Rubus chamaemorus,4690032.068,4253867.13
Rubus chamaemorus,4345881.058,4036681.069
Rubus chamaemorus,4928969.5540000005,5365244.624
Rubus chamaemorus,4473602.418,4291021.798
Rubus chamaemorus,4781763.607,4120789.049
Rubus chamaemorus,4222154.483,4484545.135
Rubus chamaemorus,4745329.828,4013070.811
Rubus chamaemorus,4590537.384,4337671.742
Rubus chamaemorus,4540249.612,4292403.533
Rubus chamaemorus,4650858.244,3825707.562
Rubus chamaemorus,4779329.033,5000068.196
Rubus chamaemorus,4492852.98,4188125.627
Rubus chamaemorus,4839897.682,5178187.006
Rubus chamaemorus,4485980.228,4167594.661
Rubus chamaemorus,4382870.012,4203425.186
Rubus chamaemorus,4508797.115,3894699.528
Rubus chamaemorus,4266926.909,4371806.965
Rubus chamaemorus,4381001.822,4332559.505
Rubus chamaemorus,4841466.476,4963646.79
Rubus chamaemorus,4886498.887,4992278.382999999
Rubus chamaemorus,4739403.557,4758619.445
Rubus chamaemorus,4491708.355,4087738.352
Rubus chamaemorus,4944874.644,4841991.665
Rubus chamaemorus,4798867.638,4673263.424
Rubus chamaemorus,4456859.325,4679132.308
Rubus chamaemorus,4534143.241,4981780.107
Rubus chamaemorus,4746003.557,4698063.218
Rubus chamaemorus,4122299.205,4199384.575
Rubus chamaemorus,4672934.017,3977592.698
Rubus chamaemorus,4651012.466,4061050.259
Rubus chamaemorus,4644232.68,4500862.915
Rubus chamaemorus,4769427.917,4729924.437
Rubus chamaemorus,4116732.916,3921363.349
Rubus chamaemorus,4520716.647,4838372.209
Rubus chamaemorus,4280043.705,4054112.687
Rubus chamaemorus,4619909.461,3822917.663
Rubus chamaemorus,4617067.413,4168079.092
Rubus chamaemorus,4667187.452,3987757.75
Rubus chamaemorus,4694609.971,4449623.734
Rubus chamaemorus,4880237.95,5195488.248
Rubus chamaemorus,4664298.375,3907293.289
Rubus chamaemorus,4519628.437,4545623.723
Rubus chamaemorus,4159374.726,4041355.527
Rubus chamaemorus,4679979.921,3782261.118
Rubus chamaemorus,4515404.021,4178860.465
Rubus chamaemorus,4849971.186,5141654.792
Rubus chamaemorus,4652504.353,3810447.745
Rubus chamaemorus,4666559.834,3811571.769
Rubus chamaemorus,4418425.493,3880582.526
Rubus chamaemorus,4767391.444,5226295.366000001
Rubus chamaemorus,4430835.374,4592217.671
Rubus chamaemorus,4244250.33,4511645.338
Rubus chamaemorus,4670242.153,3881575.616
Rubus chamaemorus,4714221.119,4205635.87
Rubus chamaemorus,4518917.182,4460715.089
Rubus chamaemorus,4424671.517,4517687.991
Rubus chamaemorus,4626504.049,4599287.545
Rubus chamaemorus,4606657.202,3806439.437
Rubus chamaemorus,4677747.894,4499452.097
Rubus chamaemorus,4682908.749,4650070.302
Rubus chamaemorus,4732772.267,4846846.027000001
Rubus chamaemorus,4684081.474,4767035.916
Rubus chamaemorus,4179831.235,3987078.255
Rubus chamaemorus,4638844.479,3919503.567
Rubus chamaemorus,4126014.693,4279820.174
Rubus chamaemorus,4533581.252,3721093.413
Rubus chamaemorus,4666543.196,4051451.341
Rubus chamaemorus,4777025.892,5306078.318
Rubus chamaemorus,4684498.771,3788849.969
Rubus chamaemorus,4763766.164,4554612.862
Rubus chamaemorus,4453548.795,4590087.557
Rubus chamaemorus,4690279.539,4350170.138
Rubus chamaemorus,4224239.662,4221082.383
Rubus chamaemorus,4643041.094,3798987.325
Rubus chamaemorus,4562938.984,4443657.461
Rubus chamaemorus,4548504.2,4143071.351
Rubus chamaemorus,4430167.347,4618827.417
Rubus chamaemorus,4549853.016,5094207.007999999
Rubus chamaemorus,4460517.874,4791948.62
Rubus chamaemorus,4390464.535,4447015.337
Rubus chamaemorus,4109541.915,4367973.503
Rubus chamaemorus,4390914.011,4287932.907
Rubus chamaemorus,4561920.388,4097671.065
Rubus chamaemorus,4810899.275,4594745.919
Rubus chamaemorus,4562211.694,3813377.818
Rubus chamaemorus,4544011.158,4407330.256
Rubus chamaemorus,4586126.394,3814146.04
Rubus chamaemorus,4625776.393,3999041.098
Rubus chamaemorus,4291452.211,4181824.3610000005
Rubus chamaemorus,4417817.077,4076744.559
Rubus chamaemorus,4542725.113,4091681.117
Rubus chamaemorus,4685030.974,4134228.928
Rubus chamaemorus,4745806.536,4519404.517
Rubus chamaemorus,4376229.572,4636999.245
Rubus chamaemorus,4657268.632,4572404.203
Rubus chamaemorus,4737929.697,5178751.902
Rubus chamaemorus,4622644.181,3979534.1830000007
Rubus chamaemorus,4823381.401,5145125.409
Rubus chamaemorus,4610443.166,4248223.961
Rubus chamaemorus,4400455.557,3935323.378
Rubus chamaemorus,4531963.683,4477026.095
Rubus chamaemorus,4125996.157,4231104.647
Rubus chamaemorus,4579879.905,4119951.326
Rubus chamaemorus,4216121.722,4061465.287
Rubus chamaemorus,4641923.654,4110797.098
Rubus chamaemorus,4550341.224,4003000.222
Rubus chamaemorus,4591444.288,4116355.017
Rubus chamaemorus,4547926.567,4142863.069
Rubus chamaemorus,4840073.579,5237840.482
Rubus chamaemorus,4696666.072,4299845.033
Rubus chamaemorus,4363181.724,4391283.13
Rubus chamaemorus,4656789.261,4056968.244
Rubus chamaemorus,4547139.318,4268125.647
Rubus chamaemorus,4622930.169,4584794.523
Rubus chamaemorus,4456829.381,4024979.823
Rubus chamaemorus,4540603.15,4111525.274
Rubus chamaemorus,4607394.825,4448943.175
Rubus chamaemorus,4603550.868,4036499.917999999
Rubus chamaemorus,4575045.117,3819061.701
Rubus chamaemorus,4661490.261,4452709.322
Rubus chamaemorus,4620223.837,4349363.978
Rubus chamaemorus,4524763.271,4891213.576999999
Rubus chamaemorus,4535990.599,4282673.121
Rubus chamaemorus,4203956.008,4063025.96
Rubus chamaemorus,4792910.777,4850742.390999999
Rubus chamaemorus,4860017.808,5200606.466
Rubus chamaemorus,4717372.792,3736052.1819999996
Rubus chamaemorus,4469558.05,4231622.427
Rubus chamaemorus,4377287.174,4345921.843
Rubus chamaemorus,4918873.402,4821297.836000001
Rubus chamaemorus,4568609.416,4853093.854000001
Rubus chamaemorus,4743275.7129999995,4727698.396
Rubus chamaemorus,4677521.655,4108964.941
Rubus chamaemorus,4458825.358,4414178.662
Rubus chamaemorus,5075525.327,5299732.344
Rubus chamaemorus,4726349.536,4608994.301
Rubus chamaemorus,4679834.173,5180026.155
Rubus chamaemorus,4067386.472,4278215.886
Rubus chamaemorus,4435649.237,3887784.798
Rubus chamaemorus,4190182.985,3957476.566
Rubus chamaemorus,4767584.223,4596782.881
Rubus chamaemorus,4626156.761,3814382.28
Rubus chamaemorus,4575146.622,4384683.639
Rubus chamaemorus,4736058.421,4002986.618
Rubus chamaemorus,4652740.211,3686000.861
Rubus chamaemorus,4842684.967000001,4814914.557
Rubus chamaemorus,4754956.011,4833766.353
Rubus chamaemorus,4494715.071,3942446.684
Rubus chamaemorus,4425225.148,3925354.885
Rubus chamaemorus,4119673.396,4272089.245
Rubus chamaemorus,4960928.136999999,5400275.379
Rubus chamaemorus,4444390.084,4004713.599
Rubus chamaemorus,4781527.806,4895090.342
Rubus chamaemorus,4153656.448,4315611.04
Rubus chamaemorus,4292086.836,4384743.129
Rubus chamaemorus,4686791.531,3807557.915
Rubus chamaemorus,4748134.844,4592944.119
Rubus chamaemorus,5041238.877,5312247.622
Rubus chamaemorus,4540285.239,4232521.648
Rubus chamaemorus,4484147.574,4523307.358
Rubus chamaemorus,4589807.874,4136960.629
Rubus chamaemorus,4654121.902,5024846.611
Rubus chamaemorus,4415252.464,4340963.123
Rubus chamaemorus,4727273.902,4056627.542
Rubus chamaemorus,4860287.172,5318267.783000001
Rubus chamaemorus,4386866.465,4392159.377
Rubus chamaemorus,4470860.317,4106419.645
Rubus chamaemorus,4478001.628,4036550.191
Rubus chamaemorus,5110772.774,5290939.336
Rubus chamaemorus,4956055.112000001,5348997.74
Rubus chamaemorus,4555986.355,3998209.8
Rubus chamaemorus,4745856.138,4848253.305999999
Rubus chamaemorus,4800201.501,4911175.878
Rubus chamaemorus,4606714.104,3674157.07
Rubus chamaemorus,4623876.651,4319159.905
Rubus chamaemorus,4858669.644,4851583.143
Rubus chamaemorus,4530318.701,4391386.722
Rubus chamaemorus,4687389.995,4485445.788
Rubus chamaemorus,4666723.161,3810868.065
Rubus chamaemorus,4656631.26,4646227.873
Rubus chamaemorus,4067571.2540000007,4277912.034
Rubus chamaemorus,4206601.525,4140901.785
Rubus chamaemorus,4647367.431,3855538.432
Rubus chamaemorus,4435435.263,3933700.918
Rubus chamaemorus,4470464.234,4336993.784
Rubus chamaemorus,4190338.158,3968660.247999999
Rubus chamaemorus,4830852.334,4565565.493
Rubus chamaemorus,4506504.474,4770043.228
Rubus chamaemorus,4607030.55,4042732.368
Rubus chamaemorus,4173897.959,4167642.64
Rubus chamaemorus,4614619.495,4673793.41
Rubus chamaemorus,4417331.174,4641702.817
Rubus chamaemorus,4615950.898,4179414.267
Rubus chamaemorus,4668069.703,4723047.024
Rubus chamaemorus,4571846.821,3633681.144
Rubus chamaemorus,4469345.654,3820936.479
Rubus chamaemorus,4908162.616,5308732.305
Rubus chamaemorus,4602075.799,5035954.273
Rubus chamaemorus,4479157.245,4006134.651
Rubus chamaemorus,4331502.089,4362588.924
Rubus chamaemorus,4861652.695,4627540.28
Rubus chamaemorus,4732698.028,4108186.722
Rubus chamaemorus,4481017.025,3997116.541
Rubus chamaemorus,4219446.155,4056325.428
Rubus chamaemorus,4751881.203,4640434.091
Rubus chamaemorus,4526956.894,3916304.5619999995
Rubus chamaemorus,4633115.469,5082210.662
Rubus chamaemorus,4278915.071,4331400.731
Rubus chamaemorus,4278382.023,4070400.155
Rubus chamaemorus,4731951.606000001,4107949.208
Rubus chamaemorus,4735294.818999999,4427161.471
Rubus chamaemorus,4550502.877,4962928.579
Rubus chamaemorus,4690794.025,3938844.646
Rubus chamaemorus,4430281.141,4146997.401
Rubus chamaemorus,4313535.146,4361608.215
Rubus chamaemorus,4654476.292,3720735.747
Rubus chamaemorus,4233724.584,4183035.135
Rubus chamaemorus,4622596.094,3694406.41
Rubus chamaemorus,4559886.676,3763320.019
Rubus chamaemorus,4592941.422,3806767.972
Rubus chamaemorus,4257322.835,4245042.322
Rubus chamaemorus,4760955.64,4004717.668
Rubus chamaemorus,4448313.179,4605312.099
Rubus chamaemorus,4490656.031,3768668.902
Rubus chamaemorus,4579781.959,4235374.47
Rubus chamaemorus,4661208.653,4121186.288
Rubus chamaemorus,4616169.683,4169226.98
Rubus chamaemorus,4513166.151,4861023.404000001
Rubus chamaemorus,4585306.969,4001550.103
Rubus chamaemorus,4271432.254,4190360.512
Rubus chamaemorus,4866197.899,5361781.898
Rubus chamaemorus,4664458.182,3966607.509
Rubus chamaemorus,4540773.892,5058893.364000001
Rubus chamaemorus,4670181.128,3716810.195
Rubus chamaemorus,4545416.554,4062871.692
Rubus chamaemorus,4678411.012,4413847.093
Rubus chamaemorus,4099313.956,4290206.319
Rubus chamaemorus,4739513.363,4469954.173
Rubus chamaemorus,4907264.743,4899149.834
Rubus chamaemorus,4271549.375,4291533.807
Rubus chamaemorus,4471803.536,4668963.247
Rubus chamaemorus,4586006.325,4390849.522
Rubus chamaemorus,4112311.098,4124673.757
Rubus chamaemorus,4195493.462,3949068.126
Rubus chamaemorus,4809402.795,4088137.337
Rubus chamaemorus,4538585.383,4803084.42
Rubus chamaemorus,4751308.022,3988782.446
Rubus chamaemorus,4630409.017,4004138.903
Rubus chamaemorus,4709503.747,4020985.291
Rubus chamaemorus,4529832.852,3935332.828
Rubus chamaemorus,4172237.841,4212429.804
Rubus chamaemorus,4531943.905,3856512.629
Rubus chamaemorus,4148632.3339999993,4174874.3069999996
Rubus chamaemorus,4554431.759,3727292.468
Rubus chamaemorus,4779513.641,4517977.854
Rubus chamaemorus,4644448.231,4295806.1
Rubus chamaemorus,4626433.345,4278305.562
Rubus chamaemorus,4790660.515,4880719.865
Rubus chamaemorus,4436931.195,4566068.679
Rubus chamaemorus,4841037.598,4915850.979
Rubus chamaemorus,4458191.387,4415333.629
Rubus chamaemorus,4564642.593,4399772.286
Rubus chamaemorus,4713029.629,4431605.04
Rubus chamaemorus,4665318.231,4826716.36
Rubus chamaemorus,4867311.435,4922706.475
Rubus chamaemorus,4596444.275,4292551.06
Rubus chamaemorus,4770548.014,4126061.244
Rubus chamaemorus,4628799.971,4018962.448
Rubus chamaemorus,4706481.665,3814651.173
Rubus chamaemorus,4153205.185,4326645.058
Rubus chamaemorus,4396497.926,3925850.839
Rubus chamaemorus,4656602.606,3876856.5910000005
Rubus chamaemorus,4864147.195,5247551.839
Rubus chamaemorus,4547276.671,4586538
Rubus chamaemorus,4735746.06,4594241.117
Rubus chamaemorus,5055759.716,5331033.612000001
Rubus chamaemorus,4831980.898,4818843.55
Rubus chamaemorus,4611076.41,3813043.693
Rubus chamaemorus,4355560.078,4467970
Rubus chamaemorus,4614938.961,4187766.266
Rubus chamaemorus,4496824.781,4642064.537
Rubus chamaemorus,4758683.51,4159733.907
Rubus chamaemorus,4349225.551,4373168.554
Rubus chamaemorus,4785681.332,4556081.925
Rubus chamaemorus,4549555.644,3847015.847
Rubus chamaemorus,4806384.322,5193343.533
Rubus chamaemorus,4714588.954,4875877.534999999
Rubus chamaemorus,4596131.994,3870928.7629999993
Rubus chamaemorus,4654189.764,3830187.791
Rubus chamaemorus,4342988.911,4548454.219
Rubus chamaemorus,4268380.939,4117930.48
Rubus chamaemorus,4764973.462,4982904.583
Rubus chamaemorus,4689078.4,3859015.174
Rubus chamaemorus,4302080.278,4416712.773
Rubus chamaemorus,4865604.45,5165473.169
Rubus chamaemorus,4816418.71,4113563.839
Rubus chamaemorus,4857275.802,4756382.475
Rubus chamaemorus,4758027.598,4168990.373
Rubus chamaemorus,4556447.134,3867253.562999999
Rubus chamaemorus,4322366.59,4507648.411
Rubus chamaemorus,4509643.656,3833848.893
Rubus chamaemorus,4617014.273,4458645.351
Rubus chamaemorus,4735828.255,4817178.89
Rubus chamaemorus,4572312.874,4199110.191
Rubus chamaemorus,4705596.69,5205940.148
Rubus chamaemorus,4577962.26,3680065.92
Rubus chamaemorus,4630912.569,4055400.437
Rubus chamaemorus,4795754.869,5283927.032
Rubus chamaemorus,4466491.585,4726594.495000001
Rubus chamaemorus,4524949.526,4890908.878
Rubus chamaemorus,4281937.486,4000268.616
Rubus chamaemorus,4645592.076,4180776.848
Rubus chamaemorus,4632232.559,5134492.332
Rubus chamaemorus,4514254.278,3824327.263
Rubus chamaemorus,4903538.954,5188618.361
Rubus chamaemorus,4529775.87,4136365.0059999996
Rubus chamaemorus,4082082.492,3954377.707
Rubus chamaemorus,4688909.606,4409052.726
Rubus chamaemorus,4387265.745,4640913.241
Rubus chamaemorus,4574681.244,5007958.231
Rubus chamaemorus,4516774.745,4450264.844
Rubus chamaemorus,4564572.751,4070216.658
Rubus chamaemorus,4645409.715,4191209.025
Rubus chamaemorus,4414129.448,3966888.685
Rubus chamaemorus,4521016.393,3710322.823
Rubus chamaemorus,4636103.858,4366376.834
Rubus chamaemorus,4499471.911,4313856.378
Rubus chamaemorus,4855370.287,4597858.204
Rubus chamaemorus,4683222.676,4322793.967
Rubus chamaemorus,4775910.87,4571469.257
Rubus chamaemorus,4432668.498,4068629.124
Rubus chamaemorus,4177782.917,4048856.054
Rubus chamaemorus,4245384.227,3943858.875
Rubus chamaemorus,4344945.574,4250078.463
Rubus chamaemorus,4703978.649,4649987.701
Rubus chamaemorus,4346705.317,4264038.728
Rubus chamaemorus,5017815.652,5351387.875
Rubus chamaemorus,4879977.89,5195710.273
Rubus chamaemorus,4478101.34,4151364.309
Rubus chamaemorus,4600764.696,5120065.119999999
Rubus chamaemorus,4544237.529,3704698.19
Rubus chamaemorus,4305523.524,4013702.38
Rubus chamaemorus,4303898.406,4449100.216
Rubus chamaemorus,4309492.071,4216251.861
Rubus chamaemorus,4557823.254,4148720.992
Rubus chamaemorus,4796789.26,4626968.967
Rubus chamaemorus,4831840.975,3885792.151
Rubus chamaemorus,4444208.892,4053896.0029999996
Rubus chamaemorus,4822226.395,4898517.188
Rubus chamaemorus,4504761.047,4591037.123
Rubus chamaemorus,4575594.691,4480060.226
Rubus chamaemorus,4623997.931,4013457.841
Rubus chamaemorus,4404965.862,4476553.149
Rubus chamaemorus,4630502.831,4113712.171
Rubus chamaemorus,5025377.855,5318234.09
Rubus chamaemorus,4605118.53,3711609.222
Rubus chamaemorus,4492255.076,4612317.536
Rubus chamaemorus,4770121.947,4689485.829
Rubus chamaemorus,4651111.914,5045987.989
Rubus chamaemorus,4717484.364,4046492.093
Rubus chamaemorus,4631530.617,3944672.675
Rubus chamaemorus,4567620.458,3978689.716
Rubus chamaemorus,4517689.761,3904147.242
Rubus chamaemorus,4508129.748,4469504.869
Rubus chamaemorus,4462190.547,3850740.948
Rubus chamaemorus,4845406.906,3841649.54
Rubus chamaemorus,4397226.372,4117472.438
Rubus chamaemorus,4433385.7,4309245.719
Rubus chamaemorus,4594201.255,4347847.361
Rubus chamaemorus,4623005.193,4088761.169
Rubus chamaemorus,4659583.507,3911216.658
Rubus chamaemorus,4610105.63,4626889.804
Rubus chamaemorus,4814634.591,5151358.162999999
Rubus chamaemorus,4609343.636,4392725.918
Rubus chamaemorus,4431114.141,4545864.113
Rubus chamaemorus,4772858.349,4161502.7189999996
Rubus chamaemorus,4183856.936,4193281.9479999994
Rubus chamaemorus,4592109.637,4331356.456
Rubus chamaemorus,4497258.749,4463513.506
Rubus chamaemorus,4270826.604,4320051.77
Rubus chamaemorus,4229874.768,4373726.579
Rubus chamaemorus,4429212.187,4505816.214
Rubus chamaemorus,4589895.04,4006998.771
Rubus chamaemorus,4520380.099,4920726.207
Rubus chamaemorus,4641979.976,3690394.8
Rubus chamaemorus,4789636.195,4597607.679
Rubus chamaemorus,4526314.888,4594416.992
Rubus chamaemorus,4577552.806,3744325.397
Rubus chamaemorus,4785031.472,4865906.512
Rubus chamaemorus,4865065.374,5323079.8
Rubus chamaemorus,4422933.266,4534437.041
Rubus chamaemorus,4629036.927,3894167.577
Rubus chamaemorus,4394684.547,3940602.12
Rubus chamaemorus,4735630.732,4638327.904
Rubus chamaemorus,4571515.492,3698723.103
Rubus chamaemorus,4476583.652,3810924.72
Rubus chamaemorus,4683323.941,4323426.795
Rubus chamaemorus,4304754.744,4245019.974
Rubus chamaemorus,4456894.289,4025472.529
Rubus chamaemorus,4679361.256,4602570.396
Rubus chamaemorus,4570381.314,4334059.26
Rubus chamaemorus,4407009.79,3999911.449
Rubus chamaemorus,4568708.668,4852862.156
Rubus chamaemorus,4672172.284,4323982.18
Rubus chamaemorus,4413696.889,4602711.64
Rubus chamaemorus,4734736.874,4018673.73
Rubus chamaemorus,4600851.722,5119991.859
Rubus chamaemorus,4545459.97,3826785.471
Rubus chamaemorus,4699049.856,4024859.814
Rubus chamaemorus,4879989.546,4779019.766
Rubus chamaemorus,5078248.781,5230513.885
Rubus chamaemorus,4598684.54,5029936.698
Rubus chamaemorus,4462049.588,4195177.491
Rubus chamaemorus,4609234.552,4478165.296
Rubus chamaemorus,4439484.122,3938554.347
Rubus chamaemorus,4587694.654,4095042.5320000006
Rubus chamaemorus,4590582.864,4115324.49
Rubus chamaemorus,4115338.011,4194179.561
Rubus chamaemorus,4637367.565,4044340.7119999994
Rubus chamaemorus,4436711.73,3977372.171
Rubus chamaemorus,4403617.339,4556838.683
Rubus chamaemorus,4497006.48,4565533.795
Rubus chamaemorus,4610409.929,4112404.937
Rubus chamaemorus,4478444.007,3797227.476
Rubus chamaemorus,4584723.028,3655548.233
Rubus chamaemorus,4881524.497,4944394.544
Rubus chamaemorus,4860783.768,5187543.289
Rubus chamaemorus,4553380.002,4208258.075
Rubus chamaemorus,4550207.696,4523342.283
Rubus chamaemorus,4779091.198,4656073.728
Rubus chamaemorus,4645720.699,3715820.358
Rubus chamaemorus,4262046.216,4158011.121
Rubus chamaemorus,4457241.627,4034942.083
Rubus chamaemorus,4343045.864,4479240.085
Rubus chamaemorus,4706432.406,5156940.39
Rubus chamaemorus,4597791.545,4031101.255
Rubus chamaemorus,4681250.73,4887128.206
Rubus chamaemorus,5005189.477,5304307.993
Rubus chamaemorus,4432821.16,3848355.87
Rubus chamaemorus,4536305.499,4171974.851
Rubus chamaemorus,5122589.881,5300335.322
Rubus chamaemorus,4182003.837,4271741.968
Rubus chamaemorus,5023772.999,5364946.75
Rubus chamaemorus,4702489.554,4650633.29
Rubus chamaemorus,4572837.197,4314092.811
Rubus chamaemorus,4430252.171,4214567.494
Rubus chamaemorus,4479111.145,3777566.179
Rubus chamaemorus,4497292.275,3802568.01
Rubus chamaemorus,4638755.281,4459962.146
Rubus chamaemorus,4780917.519,4601723.372
Rubus chamaemorus,4608698.858,3791029.665
Rubus chamaemorus,4401487.372,4575126.033
Rubus chamaemorus,4672124.753,4057296.973
Rubus chamaemorus,4505864.412,4513780.492
Rubus chamaemorus,4573977.766,4064640.589
Rubus chamaemorus,4621670,4108599.214
Rubus chamaemorus,4538769.871,4814803.557999999
Rubus chamaemorus,4498473.322,3798269.479
Rubus chamaemorus,4800154.77,4129175.744
Rubus chamaemorus,4259458.023,4081053.783
Rubus chamaemorus,4630681.927,4690351.916
Rubus chamaemorus,4678651.573,3907686.845
Rubus chamaemorus,4619303.919,3786993.234
Rubus chamaemorus,4436642.914,4149305.928
Rubus chamaemorus,4873856.057,4887442.171000001
Rubus chamaemorus,4464564.432,3950290.168
Rubus chamaemorus,4477607.682,4026945.963
Rubus chamaemorus,4606850.392,4468588.839
Rubus chamaemorus,4226543.759,3927598.38
Rubus chamaemorus,4641252.104,4230306.149
Rubus chamaemorus,4869649.153,5154485.383
Rubus chamaemorus,4885668.417999999,4983946.773
Rubus chamaemorus,4978023.315999999,5391920.902
Rubus chamaemorus,4720506.73,4561124.189
Rubus chamaemorus,4625657.036,4183889.327
Rubus chamaemorus,4554461.973,3823200.331
Rubus chamaemorus,4672526.417,5248546.394
Rubus chamaemorus,4487006.856,4298037.758
Rubus chamaemorus,4555269.653,3773316.934
Rubus chamaemorus,4317605.527,4457226.37
Rubus chamaemorus,4682007.845,3862183.829
Rubus chamaemorus,4544306.333,3717344.689
Rubus chamaemorus,4446463.095,3863427.266
Rubus chamaemorus,4201248.345,4443674.405
Rubus chamaemorus,4689456.721,4263148.882
Rubus chamaemorus,4850785.272,5021295.544999999
Rubus chamaemorus,4642633.483,4201346.227
Rubus chamaemorus,4545670.29,4502797.184
Rubus chamaemorus,4291885.561,4260772.547
Rubus chamaemorus,4585040.291,4176824.209
Rubus chamaemorus,4426400.707,3927096.359
Rubus chamaemorus,4786745.508,4112208.031999999
Rubus chamaemorus,4581958.55,4029766.926
Rubus chamaemorus,4812926.872000001,4773684.123
Rubus chamaemorus,4628615.593,4720205.349
Rubus chamaemorus,4655244.532,3711147.008
Rubus chamaemorus,4425785.788,3937291.178
Rubus chamaemorus,4412124.804,4519238.516
Rubus chamaemorus,4328649.424,4225283.202
Rubus chamaemorus,4655168.831,4176642.024
Rubus chamaemorus,4773966.142,4035082.148
Rubus chamaemorus,4757065.412,4514633.501
Rubus chamaemorus,5039434.88,5311500.411
Rubus chamaemorus,4448475.806,3960086.821
Rubus chamaemorus,4555587.92,4178388.941
Rubus chamaemorus,4804060.465,5185194.703
Rubus chamaemorus,4509115.899,4385396.858
Rubus chamaemorus,4605877.947,4287809.914
Rubus chamaemorus,4427855.092,3895563.443
Rubus chamaemorus,4464271.893,4070367.956
Rubus chamaemorus,4687656.577,4154897.63
Rubus chamaemorus,4265002.953,4223825.883
Rubus chamaemorus,4331973.572,4413432.373
Rubus chamaemorus,4836019.587,4774916.215000001
Rubus chamaemorus,4838758.963,3866025.098
Rubus chamaemorus,4662652.675,3806052.872
Rubus chamaemorus,4502592.244,4203872.912
Rubus chamaemorus,4707878.333,4475738.063
Rubus chamaemorus,4682232.946,3742689.118
Rubus chamaemorus,4277549.103,4165514.238999999
Rubus chamaemorus,4660264.657,3716852.238
Rubus chamaemorus,4628722.679,4464417.597
Rubus chamaemorus,4366993.239,4217188.419
Rubus chamaemorus,4518565.01,3725516.961
Rubus chamaemorus,4794370.986,4969939.111
Rubus chamaemorus,4527498.549,4041703.848
Rubus chamaemorus,4449242.223,4241560.237
Rubus chamaemorus,4786857.606,4835587.447
Rubus chamaemorus,4617488.576,3972713.1219999995
Rubus chamaemorus,4555737.493,3756441.08
Rubus chamaemorus,4303097.119,4151155.662
Rubus chamaemorus,4708439.022,4476474.338
Rubus chamaemorus,4185295.175,4299182.38
Rubus chamaemorus,4829357.353,5275774.612
Rubus chamaemorus,4683380.168,3863294.818
Rubus chamaemorus,4466073.924,3803981.9240000006
Rubus chamaemorus,4758844.511999999,4653680.898
Rubus chamaemorus,4822931.609,4105591.373
Rubus chamaemorus,4374411.94,4136694.502
Rubus chamaemorus,4422513.931,3977112.907
Rubus chamaemorus,4823425.49,4683965.373
Rubus chamaemorus,4489832.712,4237622.901
Rubus chamaemorus,4519270.129,3889793.699
Rubus chamaemorus,4686908.905,3934358.917
Rubus chamaemorus,4631589.394,4569485.986
Rubus chamaemorus,5094651.985,5356941.456
Rubus chamaemorus,4190873.344,4287831.013
Rubus chamaemorus,4328320.409,3996667.076
Rubus chamaemorus,4370943.747,4148173.264
Rubus chamaemorus,4539004.919,4814900.197
Rubus chamaemorus,4618296.69,3852951.9300000006
Rubus chamaemorus,4830471.443,4640481.604
Rubus chamaemorus,4225372.915,4453816.18
Rubus chamaemorus,4599669.992,3831476.779
Rubus chamaemorus,5009942.272,5341767.125
Rubus chamaemorus,4684135.22,3787323.852
Rubus chamaemorus,4133247.053,4049543.991
Rubus chamaemorus,4329121.5,4173356.7459999993
Rubus chamaemorus,4816344.835,4128313.043
Rubus chamaemorus,4468376.28,4409797.512
Rubus chamaemorus,4165302.151,4102312.81
Rubus chamaemorus,4550165.909,4437697.002
Rubus chamaemorus,4610990.114,4628735.639
Rubus chamaemorus,4525023.715,4890993.8440000005
Rubus chamaemorus,4820643.028999999,4580414.117
Rubus chamaemorus,4924166.04,4851106.626
Rubus chamaemorus,4698481.764,4480379.002
Rubus chamaemorus,4768459.732,4680134.671
Rubus chamaemorus,4828160.965,4715029.11
Rubus chamaemorus,4508809.303,4862873.132
Rubus chamaemorus,4508151.033,4624126.308
Rubus chamaemorus,4878013.894,5017998.589
Rubus chamaemorus,4462282.572,3801201.531
Rubus chamaemorus,4165853.0059999996,4026716.939
Rubus chamaemorus,4846876.098,5203688.495
Rubus chamaemorus,4474184.94,4765348.761
Rubus chamaemorus,4525810.173,3820175.347
Rubus chamaemorus,4651465.407,4382419.505
Rubus chamaemorus,4768930.916,4155560.303
Rubus chamaemorus,4584440.271,4015809.688
Rubus chamaemorus,4687499.052,3808574.228
Rubus chamaemorus,4561494.216,4442682.105
Rubus chamaemorus,4605777.019,4456938.844
Rubus chamaemorus,4562644.095,4869659.475
Rubus chamaemorus,4483342.466,4731748.873000001
Rubus chamaemorus,4449384.49,3899855.919
Rubus chamaemorus,4707032.507,3876140.868
Rubus chamaemorus,4668161.784,4268099.2
Rubus chamaemorus,4870008.848,5360525.58
Rubus chamaemorus,4550141.465,5037983.662
Rubus chamaemorus,4410696.436,4217956.167
Rubus chamaemorus,4644909.561,3785341.7880000006
Rubus chamaemorus,4567321.818,4269516.276
Rubus chamaemorus,4093226.719,4173296.7
Rubus chamaemorus,4739760.759,4608495.543
Rubus chamaemorus,4891749.792,4865005.671
Rubus chamaemorus,4794278.768,4027616.786
Rubus chamaemorus,4261981.598,4114123.612
Rubus chamaemorus,4310317.343,4140054.132
Rubus chamaemorus,4492206.456,4423217.448
Rubus chamaemorus,4475882.555,4754680.575
Rubus chamaemorus,4206140.396,4275983.918
Rubus chamaemorus,4545176.274,3885769.771
Rubus chamaemorus,4673713.259,4533444.837
Rubus chamaemorus,4542795.641,3627229.837
Rubus chamaemorus,4765633.292,4758855.94
Rubus chamaemorus,4462804.996,4360703.005
Rubus chamaemorus,4603324.472,4427052.448
Rubus chamaemorus,4655111.325,4796454.768
Rubus chamaemorus,4679748.729,3832986.536
Rubus chamaemorus,4344802.261,4353441.871
Rubus chamaemorus,4401842.491,3926617.164
Rubus chamaemorus,4526930.798,3930462.323
Rubus chamaemorus,4632811.612,4038442.142
Rubus chamaemorus,4691239.669,4048942.423
Rubus chamaemorus,4510510.752,4802374.467
Rubus chamaemorus,4651108.64,4340854.014
Rubus chamaemorus,4534617.893,3952126.624
Rubus chamaemorus,4171707.213,4358626.061
Rubus chamaemorus,4258669.314,3989353.15
Rubus chamaemorus,4293502.972,4018877.977
Rubus chamaemorus,4855273.16,5001824.978
Rubus chamaemorus,4595153.893,4290807.91
Rubus chamaemorus,4726467.625,4056862.5219999994
Rubus chamaemorus,4741848.943,4168760.615
Rubus chamaemorus,4606765.356,4557014.738
Rubus chamaemorus,4842304.011,4581700.336
Rubus chamaemorus,4465932.476,4041355.507
Rubus chamaemorus,4114115.474,3982073.662
Rubus chamaemorus,4468259.169,4126265.041
Rubus chamaemorus,4377361.098,4346007.322
Rubus chamaemorus,4852563.779,4812815.506
Rubus chamaemorus,4473486.246,4087462.937
Rubus chamaemorus,4736071.33,4439144.878
Rubus chamaemorus,5006081.893,5330206.744000001
Rubus chamaemorus,4460035.48,4010900.05
Rubus chamaemorus,4567302.626,3853226.083
Rubus chamaemorus,4602503.56,4643605.414
Rubus chamaemorus,4756663.418,4168912.139
Rubus chamaemorus,4549773.737,4609131.751
Rubus chamaemorus,4825491.191,3789640.322
Rubus chamaemorus,4824806.596,5018141.706
Rubus chamaemorus,4451256.563,4459996.326
Rubus chamaemorus,4665191.343,4182098.166
Rubus chamaemorus,4672080.85,4533583.103
Rubus chamaemorus,4474058.726,4075326.344
Rubus chamaemorus,4682222.279,4518480.605
Rubus chamaemorus,4726582.831,4441405.737
Rubus chamaemorus,4534920.127,4066133.584
Rubus chamaemorus,4684681.579,3897636.895
Rubus chamaemorus,4161107.69,4130599.248
Rubus chamaemorus,4700563.505,4134245.335
Rubus chamaemorus,4145413.562000001,4390985.35
Rubus chamaemorus,4325611.733,4031286.207
Rubus chamaemorus,4152291.568,3946997.13
Rubus chamaemorus,4746797.776,4164618.666
Rubus chamaemorus,4684120.066,3972850.544
Rubus chamaemorus,4386168.085,4577451.561
Rubus chamaemorus,4268095.681,4411390.128
Rubus chamaemorus,4108648.435,4027251.542
Rubus chamaemorus,4840133.476,5178280.731
Rubus chamaemorus,4625960.919,3703954.103
Rubus chamaemorus,4411672.764,4348186.906
Rubus chamaemorus,4575649.437,4546022.924
Rubus chamaemorus,4540864.602,4222602.364
Rubus chamaemorus,4221030.307,4436519.553
Rubus chamaemorus,4320867.15,4231764.964
Rubus chamaemorus,4585903.384,4275872.746
Rubus chamaemorus,4662479.416,3701898.532
Rubus chamaemorus,4669242.186,4796778.828
Rubus chamaemorus,4677902.816,4158313.233
Rubus chamaemorus,4679759.71,5179941.867999999
Rubus chamaemorus,4585586.339,3693730.0710000005
Rubus chamaemorus,4398866.281,4400811.831
Rubus chamaemorus,4799179.095,4093142.135
Rubus chamaemorus,4776795.248,4116438.256
Rubus chamaemorus,4456620.328,4481133.635
Rubus chamaemorus,4601657.176,4036625.495
Rubus chamaemorus,4116975.816,4045953.222
Rubus chamaemorus,4630521.704,4248796.223
Rubus chamaemorus,4455116.662,4736204.268
Rubus chamaemorus,4344390.68,4354588.664
Rubus chamaemorus,4607044.136,3696607.845
Rubus chamaemorus,4493230.188,4207514.576
Rubus chamaemorus,4632006.181,4100473.573
Rubus chamaemorus,4878948.106,4932001.058
Rubus chamaemorus,4732252.352,4107526.412
Rubus chamaemorus,4409881.226,4165069.358
Rubus chamaemorus,4265064.442,4224070.325
Rubus chamaemorus,4572499.692,3693839.644
Rubus chamaemorus,4623154.665,4205028.624
Rubus chamaemorus,4410151.5,4164689.437
Rubus chamaemorus,4721605.949,3757090.034
Rubus chamaemorus,4598280.283,4032326.252
Rubus chamaemorus,4335061.581,4007172.134
Rubus chamaemorus,4973034.359,5365418.645
Rubus chamaemorus,4132708.1790000005,3974870.369
Rubus chamaemorus,4660192.89,4121844.269
Rubus chamaemorus,4825592.516,4704291.717
Rubus chamaemorus,4236070.111,3913241.4460000005
Rubus chamaemorus,4750465.174,4744067.14
Rubus chamaemorus,4413844.523,4355001.334
Rubus chamaemorus,4795162.519,4972324.051
Rubus chamaemorus,4077614.828,4169709.4049999993
Rubus chamaemorus,4544115.138,4181836.519
Rubus chamaemorus,4614660.681,4313571.07
Rubus chamaemorus,4612680.659,5140238.774
Rubus chamaemorus,4387248.874,4583934.986
Rubus chamaemorus,4491164.919,4411747.154
Rubus chamaemorus,4414177.247,4354866.408
Rubus chamaemorus,4500272.406,3708104.159
Rubus chamaemorus,4170436.065,4169027.728
Rubus chamaemorus,4726504.416,4755655.536
Rubus chamaemorus,4521508.804,3874061.02
Rubus chamaemorus,4366477.144,4251385.412
Rubus chamaemorus,4660719.41,4241187.374
Rubus chamaemorus,4909492.327,4910761.04
Rubus chamaemorus,4856802.618,4841291.22
Rubus chamaemorus,4393981.706,4276332.962
Rubus chamaemorus,4339112.738,4281023.862
Rubus chamaemorus,4637516.305,4705107.821
Rubus chamaemorus,4689643.525,4264023.622
Rubus chamaemorus,4544022.756,4631605.083
Rubus chamaemorus,4386264.807,4161414.278
Rubus chamaemorus,4497600.643,4137780.65
Rubus chamaemorus,4681733.969,3818602.3089999994
Rubus chamaemorus,4174151.367,4357485.538
Rubus chamaemorus,4576882.024,3673153.601
Rubus chamaemorus,4486119.923,3867041.977
Rubus chamaemorus,4733281.657,4033422.626
Rubus chamaemorus,4620618.929,4348755.483
Rubus chamaemorus,4560861.407,4233162.117
Rubus chamaemorus,4341083.842,4276099.267
Rubus chamaemorus,4755808.767,4804079.479
Rubus chamaemorus,4571487.395,4365291.445
Rubus chamaemorus,4700127.419,4591651.206
Rubus chamaemorus,4726387.586,4607639.918
Rubus chamaemorus,4857237.556,5009844.625
Rubus chamaemorus,4735336.856,4128916.074
Rubus chamaemorus,4831231.677,4649566.534
Rubus chamaemorus,4201846.909,3988847.014
Rubus chamaemorus,4109976.107,4257006.991
Rubus chamaemorus,4303997.312,4448868.472
Rubus chamaemorus,4676738.196,4273359.493
Rubus chamaemorus,4670921.293,4373550.885
Rubus chamaemorus,4582424.969,4315160.316
Rubus chamaemorus,4126021.085,4230787.428
Rubus chamaemorus,4668790.838,3736306.671
Rubus chamaemorus,4441552.778,3984045.022
Rubus chamaemorus,4709869.92,4860134.872
Rubus chamaemorus,4341250.358,4480164.575
Rubus chamaemorus,4357103.092,4407710.654
Rubus chamaemorus,4541879.7,4092230.823
Rubus chamaemorus,4598769.489,4137389.754
Rubus chamaemorus,4724476.265,3912535.576
Rubus chamaemorus,4508192.098,5066786.834000001
Rubus chamaemorus,4379786.76,4425825.292
Rubus chamaemorus,4410218.593,3968927.5
Rubus chamaemorus,4661887.565,3806074.929
Rubus chamaemorus,4637507.507,4170670.275
Rubus chamaemorus,4711869.577,3819458.535
Rubus chamaemorus,4715902.675,4950200.193
Rubus chamaemorus,4417371.788,4489621.279
Rubus chamaemorus,4227515.915,3922413.3980000005
Rubus chamaemorus,4683236.269,4723873.93
Rubus chamaemorus,4718541.048,4695709.418
Rubus chamaemorus,4650840.915,3886323.309
Rubus chamaemorus,4747651.591,4034558.639
Rubus chamaemorus,4512038.284,4219717.052
Rubus chamaemorus,4589293.018,3770159.519
Rubus chamaemorus,4592437.424,3974990.677
Rubus chamaemorus,4226401.566,3984725.044
Rubus chamaemorus,4835238.435,4775694.066
Rubus chamaemorus,4746604.812,4173101.7319999994
Rubus chamaemorus,4494419.066,4273883.779
Rubus chamaemorus,4514748.05,4339311.106
Rubus chamaemorus,4576833.202,4160920.824
Rubus chamaemorus,4639037.023,4030377.424
Rubus chamaemorus,4627486.688,4600194.959
Rubus chamaemorus,4726285.283,4116179.005
Rubus chamaemorus,4599231.735,4566008.773
Rubus chamaemorus,4460861.93,3815904.981
Rubus chamaemorus,4474525.962,4281826.537
Rubus chamaemorus,4795494.027,5284148.187
Rubus chamaemorus,4126393.792,4372994.4
Rubus chamaemorus,4605421.762,3685416.819
Rubus chamaemorus,4200835.84,3988949.483
Rubus chamaemorus,4607583.571,4658420.876
Rubus chamaemorus,4765885.625000001,4759875.257
Rubus chamaemorus,4693875.812,4604667.418
Rubus chamaemorus,4200181.062,4104608.239
Rubus chamaemorus,4858105.093,5036378.089
Rubus chamaemorus,4571815.913,4515660.951
Rubus chamaemorus,4134534.141,4337186.891
Rubus chamaemorus,4596086.933,4166687.5710000005
Rubus chamaemorus,4399890.962,4179504.91
Rubus chamaemorus,4643737.664,3740139.417
Rubus chamaemorus,4690682.058,4125240.647
Rubus chamaemorus,4619805.08,4553609.685
Rubus chamaemorus,4658372.006,3786159.752
Rubus chamaemorus,4702236.229,4104311.348
Rubus chamaemorus,4666577.918,3877037.075
Rubus chamaemorus,4536860.579,4801625.613999999
Rubus chamaemorus,4695915.704,4813119.588
Rubus chamaemorus,4776627.407,4581584.225
Rubus chamaemorus,4508913.664,4459343.908
Rubus chamaemorus,4671711.31,4102612.522
Rubus chamaemorus,4158335.423,3903421.854
Rubus chamaemorus,4461713.17,4090618.485
Rubus chamaemorus,4216046.204,4147367.793
Rubus chamaemorus,4458772.491,4010868.26
Rubus chamaemorus,4426642.987,4052618.064
Rubus chamaemorus,4326154.814,4374058.428
Rubus chamaemorus,4487055.119,4147049.9700000007
Rubus chamaemorus,4643689.764,5098894.68
Rubus chamaemorus,4636886.432,3704147.108
Rubus chamaemorus,4784095.12,4077537.092
Rubus chamaemorus,4473922.279,3790824.676
Rubus chamaemorus,4079856.327,3938651.675
Rubus chamaemorus,4174040.329000001,4275101.366
Rubus chamaemorus,4678051.469,3692830.919
Rubus chamaemorus,4470940.873,3976322.652
Rubus chamaemorus,4481552.525,4734186.253
Rubus chamaemorus,4856189.823,5035397.296
Rubus chamaemorus,4655817.373,4167318.558
Rubus chamaemorus,4582591.423,3620362.988
Rubus chamaemorus,4654518.169,4081936.239
Rubus chamaemorus,4812481.898,3823569.709
Rubus chamaemorus,4667517.453,4097157.945
Rubus chamaemorus,4863291.067999999,4646908.715
Rubus chamaemorus,4221320.802,4451838.354
Rubus chamaemorus,4455625.251,4056138.132
Rubus chamaemorus,4397507.309,4238043.387
Rubus chamaemorus,4105235.6,4087608.609
Rubus chamaemorus,4142372.902,4086300.428
Rubus chamaemorus,4632999.909,5148250.369
Rubus chamaemorus,4844936.612,4751125.581
Rubus chamaemorus,4060579.851,4287047.428
Rubus chamaemorus,4510879.87,4384008.249
Rubus chamaemorus,4582324.447,4360192.906
Rubus chamaemorus,4931450.284,4826336.07
Rubus chamaemorus,4426826.213,3981653.715
Rubus chamaemorus,4807325.268,4926989.142
Rubus chamaemorus,4524839.838,3820238.349
Rubus chamaemorus,4202291.362,4027030.961
Rubus chamaemorus,4555829.184,3658545.298
Rubus chamaemorus,4675735.649,3827293.864
Rubus chamaemorus,4555116.816,5117980.754
Rubus chamaemorus,4633522.196,3854312.583
Rubus chamaemorus,4520610.633,3830365.998
Rubus chamaemorus,4678157.232,4262366.694
Rubus chamaemorus,4433890.042,4742578.338
Rubus chamaemorus,4588501.642,4020823.544
Rubus chamaemorus,4691672.883,3764163.265
Rubus chamaemorus,5076137.332,5217143.166
Rubus chamaemorus,4319189.138,4550697.387
Rubus chamaemorus,4377868.139,4587705.427
Rubus chamaemorus,4575497.454,4309056.567
Rubus chamaemorus,4406481.732,4428000.541
Rubus chamaemorus,4556432.187,4157983.849
Rubus chamaemorus,4532425.575,4836139.181
Rubus chamaemorus,4707034.408,3764175.536
Rubus chamaemorus,4758687.88,5268307.69
Rubus chamaemorus,4396065.774,4565081.992
Rubus chamaemorus,4512854.565,4083648.685
Rubus chamaemorus,4662428.586,4092483.5860000006
Rubus chamaemorus,4466123.429,4819996.791
Rubus chamaemorus,4535216.429,4065656.224
Rubus chamaemorus,4429077.698,4092978.065
Rubus chamaemorus,4714594.492,3856163.088
Rubus chamaemorus,4624339.986,4703436.205
Rubus chamaemorus,4809841.669,4679174.739
Rubus chamaemorus,4790881.435,4781321.301
Rubus chamaemorus,4818724.755,4100383.079
Rubus chamaemorus,4711924.256,4100625.225
Rubus chamaemorus,4285562.236,4049692.116
Rubus chamaemorus,4426458.402,4041452.741000001
Rubus chamaemorus,4715907.471,4167081.391
Rubus chamaemorus,4706144.664,4696483.634
Rubus chamaemorus,4622005.563,3692991.9640000006
Rubus chamaemorus,4577667.593,3695255.498
Rubus chamaemorus,4274211.341,4389259.492
Rubus chamaemorus,4646788.08,4585646.063
Rubus chamaemorus,4510899.331,4115326.516
Rubus chamaemorus,4985030.261,5385317.986
Rubus chamaemorus,4831984.151,4746311.461
Rubus chamaemorus,4670101.569,3836783.746
Rubus chamaemorus,4644440.229,3909301.515
Rubus chamaemorus,4290598.033,4259994.411
Rubus chamaemorus,4786444.22,4910582.592
Rubus chamaemorus,4903967.767,4881077.686
Rubus chamaemorus,4702591.282,3980243.1979999994
Rubus chamaemorus,4596661.203,4156057.061
Rubus chamaemorus,4460640.518,4682403.524
Rubus chamaemorus,4795824.579,4821539.926
Rubus chamaemorus,4345965.767,4158215.984
Rubus chamaemorus,4762124.764,4790122.127
Rubus chamaemorus,4405052.254,4476479.83
Rubus chamaemorus,4369486.983,4061406.13
Rubus chamaemorus,4605486.491,4438662.246
Rubus chamaemorus,4185492.011,4271100.2
Rubus chamaemorus,4914637.341,5142734.132
Rubus chamaemorus,4566033.245,4814018.807
Rubus chamaemorus,4550481.615,4449270.402
Rubus chamaemorus,4486982.988,4588415.533
Rubus chamaemorus,4490918.424,3873227.199
Rubus chamaemorus,4519754.204,4470688.723
Rubus chamaemorus,4682319.604,3877468.518
Rubus chamaemorus,4818757.733,3865534.035
Rubus chamaemorus,4589122.597,4066148.651
Rubus chamaemorus,5007686.936,5389164.73
Rubus chamaemorus,4639482.263,4450659.24
Rubus chamaemorus,4215494.177,4019450.656
Rubus chamaemorus,4619886.703,4552710.479
Rubus chamaemorus,4908095.436,5140207.357
Rubus chamaemorus,4697309.44,5225203.286000001
Rubus chamaemorus,4370530.779,4251011.168
Rubus chamaemorus,4617822.495,3727517.32
Rubus chamaemorus,4707752.028,4890979.0879999995
Rubus chamaemorus,4424784.693,3924907.859
Rubus chamaemorus,4639156.78,4375386.608
Rubus chamaemorus,4543160.806,3730993.638
Rubus chamaemorus,4200976.607,4444051.423
Rubus chamaemorus,4660456.537,5081525.398000001
Rubus chamaemorus,4270265.469,4292569.144
Rubus chamaemorus,4533705.476,3672206.921
Rubus chamaemorus,4765982.089,4069489.324
Rubus chamaemorus,4845225.811999999,4082355.286
Rubus chamaemorus,4575879.576,4623636.063
Rubus chamaemorus,4489638.402,3937663.053
Rubus chamaemorus,4247307.993,4206718.105
Rubus chamaemorus,4247304.311,4355881.71
Rubus chamaemorus,4654265.261,4750648.974
Rubus chamaemorus,4563127.909,3738795.392
Rubus chamaemorus,4592616.199,4312044.127
Rubus chamaemorus,4137809.426,4115211.303
Rubus chamaemorus,4523568.428,4070845.433
Rubus chamaemorus,4860224.008,5343880.672
Rubus chamaemorus,4706611.307,4446689.165
Rubus chamaemorus,4451438.924,4094551.8640000005
Rubus chamaemorus,4666726.511,4493361.783
Rubus chamaemorus,4319510.197,4340024.459
Rubus chamaemorus,4500939.529,3823041.353
Rubus chamaemorus,4832080.886,3835644.463
Rubus chamaemorus,4547503.065,3682961.576
Rubus chamaemorus,4722610.548,4422212.774
Rubus chamaemorus,4667341.362,4162742.939
Rubus chamaemorus,4812721.109,4690052.241
Rubus chamaemorus,4660218.737,4443223.237
Rubus chamaemorus,4484809.867,4277813.945
Rubus chamaemorus,4452492.647,4596071.665
Rubus chamaemorus,4695931.73,3944062.296
Rubus chamaemorus,4904926.957,4954345.575
Rubus chamaemorus,4707129.758,4589885.302
Rubus chamaemorus,4508041.903,3858034.686
Rubus chamaemorus,4346717.591,4263879.815
Rubus chamaemorus,4164679.8640000005,4242767.992
Rubus chamaemorus,4613241.583,4077494.762
Rubus chamaemorus,4817813.403,5187618.207
Rubus chamaemorus,4487504.086,4033425.525
Rubus chamaemorus,4812874.997,4774073.428999999
Rubus chamaemorus,4541421.629,4221990.116
Rubus chamaemorus,4405565.004,4149090.777
Rubus chamaemorus,4865553.002,5269973.776
Rubus chamaemorus,4581919.602,3750415.7020000005
Rubus chamaemorus,4509780.681,3713868.758
Rubus chamaemorus,4873819.591,5052224.738
Rubus chamaemorus,4753472.633,4560784.124
Rubus chamaemorus,4699093.404,3838613.205
Rubus chamaemorus,4787275.099,4112131.568
Rubus chamaemorus,4595831.348,3811394.453
Rubus chamaemorus,4572467.303,4609714.719
Rubus chamaemorus,4387034.46,4277151.049
Rubus chamaemorus,4569005.496,4853201.759
Rubus chamaemorus,4662254.797,5110996.394
Rubus chamaemorus,4694959.302,3848842.134
Rubus chamaemorus,4811369.966,4594795.08
Rubus chamaemorus,4589347.669,4146009.369
Rubus chamaemorus,4314844.384,4066478.621
Rubus chamaemorus,4426785.536,4447830.822
Rubus chamaemorus,4138128.604,4115236.437
Rubus chamaemorus,4725855.189,4527103.806
Rubus chamaemorus,4704478.105,4141040.551
Rubus chamaemorus,4551968.306,3742583.52
Rubus chamaemorus,4488051.912,4308164.161
Rubus chamaemorus,4720640.75,4666734.937
Rubus chamaemorus,4783511.849,4706187.349
Rubus chamaemorus,4145036.034,4175927.066
Rubus chamaemorus,4584006.875,3675901.947
Rubus chamaemorus,4670926.434,4056581.721
Rubus chamaemorus,4694267.785,4440204.805
Rubus chamaemorus,4549256.72,3663106.838
Rubus chamaemorus,4562283.85,4214820.021
Rubus chamaemorus,4087100.803,4323781.83
Rubus chamaemorus,4658389.997,4691736.774
Rubus chamaemorus,4855430.3209999995,4747756.871
Rubus chamaemorus,4665174.924,3704699.497
Rubus chamaemorus,4305978.734,4272580.946
Rubus chamaemorus,4358454.291,4106633.21
Rubus chamaemorus,4718531.996,3981043.363
Rubus chamaemorus,4588085.121,3685345.766
Rubus chamaemorus,4595777.165,4376214.279
Rubus chamaemorus,4602654.519,3741763.625
Rubus chamaemorus,4701818.502,4425008.374
Rubus chamaemorus,4363580.675,4196103.666
Rubus chamaemorus,4707438.73,4161574.106
Rubus chamaemorus,4663822.511,4708287.463
Rubus chamaemorus,4707512.401,3925194.845
Rubus chamaemorus,4718973.576,3966618.962
Rubus chamaemorus,4705653.286,4076285.145
Rubus chamaemorus,4559533.733,4012934.015
Rubus chamaemorus,4496051.075,3863827.634
Rubus chamaemorus,4226217.34,4371103.285
Rubus chamaemorus,4647268.711,4810319.741
Rubus chamaemorus,4643190.767,3686022.767
Rubus chamaemorus,4094965.096,3952806.603
Rubus chamaemorus,4073975.898,4262485.663
Rubus chamaemorus,4168708.707000001,4391031.911
Rubus chamaemorus,4498669.721,3837982.079
Rubus chamaemorus,4281203.462,4364356.885
Rubus chamaemorus,4288390.872,4440331.149
Rubus chamaemorus,4374869.144,4645704.097
Rubus chamaemorus,4704391.076,3954280.431
Rubus chamaemorus,4467794.854,4315036.084
Rubus chamaemorus,4630470.892,4063986.931000001
Rubus chamaemorus,4623238.636,3919188.162
Rubus chamaemorus,4516000.071,4562353.684
Rubus chamaemorus,4665247.763,4003207.845
Rubus chamaemorus,4661087.786,3771276.996
Rubus chamaemorus,4141777.6740000006,4032237.065
Rubus chamaemorus,4341939.089,4272588.052
Rubus chamaemorus,4493109.123,3747813.004
Rubus chamaemorus,4673491.347,3791431.171
Rubus chamaemorus,4806386.437000001,4928147.462
Rubus chamaemorus,4734341.772,4188461.253
Rubus chamaemorus,4777710.324,4505268.658
Rubus chamaemorus,4618989.063,3727351.8059999994
Rubus chamaemorus,4314094.004,4170558.889
Rubus chamaemorus,4535047.443,3830961.637
Rubus chamaemorus,4940669.514,5255662.448
Rubus chamaemorus,4646022.753,3881142.714
Rubus chamaemorus,4437577.132,4029289.832
Rubus chamaemorus,4561023.899,3813707.009
Rubus chamaemorus,4545728.232,4182479.659
Rubus chamaemorus,4548709.902,3782075.07
Rubus chamaemorus,4518314.394,4726009.73
Rubus chamaemorus,4518429.48,3745077.405
Rubus chamaemorus,4569881.361,4239095.76
Rubus chamaemorus,4814914.171,4078857.136
Rubus chamaemorus,4931624.558,4911825.559
Rubus chamaemorus,4482208.36,4081825.063
Rubus chamaemorus,4516799.3,4460051.867
Rubus chamaemorus,4498489.808,3898288.893
Rubus chamaemorus,4421782.949,4181548.505
Rubus chamaemorus,4052658.635,4210727.086
Rubus chamaemorus,5114866.856,5305945.594
Rubus chamaemorus,4684123.789,3853937.886
Rubus chamaemorus,5020369.568,5311962.656000001
Rubus chamaemorus,4432034.063,4589814.85
Rubus chamaemorus,4649549.4,4245685.803
Rubus chamaemorus,4237367.816,4172830.4470000006
Rubus chamaemorus,4554121.621,3711741.879
Rubus chamaemorus,4430321.273,4576463.549
Rubus chamaemorus,4853505.777,4653562.941
Rubus chamaemorus,4619422.812,4084487.005
Rubus chamaemorus,4527783.912,4455180.298
Rubus chamaemorus,4126155.84,4231117.429
Rubus chamaemorus,4766926.825,4594513.974
Rubus chamaemorus,4719058.714,4477060.807
Rubus chamaemorus,4690662.929,3954648.997
Rubus chamaemorus,4285313.292,4198338.714
Rubus chamaemorus,4550992.288,4616799.428
Rubus chamaemorus,4665194.112,3957866.065
Rubus chamaemorus,4507127.418,4549031.253
Rubus chamaemorus,4383018.898,4361593.919
Rubus chamaemorus,4200944.062,4056479.9049999993
Rubus chamaemorus,4160960.337,4130427.951000001
Rubus chamaemorus,4528085.816,4262019.993
Rubus chamaemorus,4569904.848,4429606.292
Rubus chamaemorus,4704937.741,3845900.972
Rubus chamaemorus,4396550.708,4009968.787
Rubus chamaemorus,4658828.11,4085863.677
Rubus chamaemorus,4345265.657,4250102.712
Rubus chamaemorus,4317310.064,4456884.255
Rubus chamaemorus,4086849.533,3965151.5030000005
Rubus chamaemorus,4559590.784,4433764.476
Rubus chamaemorus,4935359.562,5249919.131
Rubus chamaemorus,4576038.308,4880663.187
Rubus chamaemorus,4634168.517,3959365.158
Rubus chamaemorus,4407392.817,4274177.917
Rubus chamaemorus,4817216.338,4635056.361
Rubus chamaemorus,4569904.698,4343675.092
Rubus chamaemorus,4656893.953,4281604.512
Rubus chamaemorus,4659860.65,3952245.992
Rubus chamaemorus,4524255.773,4060442.758
Rubus chamaemorus,4312222.295,4325826.1
Rubus chamaemorus,4415334.885,4193568.506
Rubus chamaemorus,4672231.277,4219291.945
Rubus chamaemorus,4743006.212000001,3807586.777
Rubus chamaemorus,4491580.503,3762736.982
Rubus chamaemorus,4692168.827,4769999.626
Rubus chamaemorus,4364975.759,4168140.576
Rubus chamaemorus,4725595.538,4067824.983
Rubus chamaemorus,4439301.093,3997870.613
Rubus chamaemorus,4251499.233,4468272.879
Rubus chamaemorus,4821650.716,4740663.18
Rubus chamaemorus,4504944.213,4175324.375
Rubus chamaemorus,4478899.933,4131748.845
Rubus chamaemorus,4847154.782,4781162.483
Rubus chamaemorus,4495918.496,4048225.0879999995
Rubus chamaemorus,4576886.283,4997346.889000001
Rubus chamaemorus,4549893.231,5038045.246
Rubus chamaemorus,4648045.273,4276134.431
Rubus chamaemorus,4730966.427,4558237.792
Rubus chamaemorus,4410127.587,3982948.335
Rubus chamaemorus,4884302.798,5167907.764
Rubus chamaemorus,4307069.569,4415263.405
Rubus chamaemorus,4695342.984,3834831.797
Rubus chamaemorus,4504616.388,3784407.419
Rubus chamaemorus,4620104.697,4657930.327
Rubus chamaemorus,4119780.567,4209997.601
Rubus chamaemorus,4499201.488,3789135.534
Rubus chamaemorus,4168635.044,4390946.219
Rubus chamaemorus,4652110.107,3759768.795
Rubus chamaemorus,4744426.445,4728786.513
Rubus chamaemorus,4496830.13,4463574.379
Rubus chamaemorus,4868081.0540000005,4753275.058000001
Rubus chamaemorus,4672006.419,4227326.835
Rubus chamaemorus,4832935.666,4855069.404
Rubus chamaemorus,4656828.981,4167035.346
Rubus chamaemorus,4567415.337,4669590.552
Rubus chamaemorus,4910480.1,4919893.04
Rubus chamaemorus,4459908.089,4329534.995
Rubus chamaemorus,4706506.868,5157024.63
Rubus chamaemorus,4454154.522,4759952.761
Rubus chamaemorus,4618767.314,4762810.47
Rubus chamaemorus,4565181.831,3883005.851
Rubus chamaemorus,4753535.887,4833860.874
Rubus chamaemorus,4759294.447,4145097.217
Rubus chamaemorus,4672760.092,4027365.245
Rubus chamaemorus,4500481.36,3767907.876
Rubus chamaemorus,4512766.667,5081176.561999999
Rubus chamaemorus,4634226.4,3774126.477
Rubus chamaemorus,4385834.578,4577585.676
Rubus chamaemorus,4542273.709,4222032.641
Rubus chamaemorus,4072825.9769999995,4039978.998
Rubus chamaemorus,4267774.831,4031610.286
Rubus chamaemorus,4654878.752,4497756.986
Rubus chamaemorus,4414151.251,4033035.415
Rubus chamaemorus,4718629.843,4156502.585
Rubus chamaemorus,4209224.557,4247101.852
Rubus chamaemorus,4088843.716,4219401.59
Rubus chamaemorus,4717842.314,3921038.143
Rubus chamaemorus,4514905.391,4503849.199
Rubus chamaemorus,4674609.158,4313123.766
Rubus chamaemorus,4570940.277,3709700.005
Rubus chamaemorus,4566172.528,3654321.695
Rubus chamaemorus,4470874.293,4114995.87
Rubus chamaemorus,4679301.913,4078583.567
Rubus chamaemorus,4486696.37,4467153.247
Rubus chamaemorus,4530336.116,4231558.543
Rubus chamaemorus,4537252.647,3690820.715
Rubus chamaemorus,5023438.586,5365086.831
Rubus chamaemorus,4548403.137,3672168.518
Rubus chamaemorus,4204938.398,3972434.65
Rubus chamaemorus,4520923.055,4110066.475
Rubus chamaemorus,4741136.378,4577978.594
Rubus chamaemorus,4649615.014,4256274.653
Rubus chamaemorus,4302564.86,4315178.564
Rubus chamaemorus,4759010.998,5268328.324
Rubus chamaemorus,5059485.637,5284580.338
Rubus chamaemorus,4449465.032,4565010.393
Rubus chamaemorus,4454431.085,4137769.593
Rubus chamaemorus,4838932.038,4795846.34
Rubus chamaemorus,4819375.677,4558807.755
Rubus chamaemorus,4603339.882,5026450.309
Rubus chamaemorus,4893384.125,4799834.71
Rubus chamaemorus,4778510.034,5253652.116
Rubus chamaemorus,4469368.123,4125784.004
Rubus chamaemorus,4628219.199,4143295.787
Rubus chamaemorus,4718709.54,4142584.691
Rubus chamaemorus,4361489.86,4135808.593
Rubus chamaemorus,4612135.821,3753095.651
Rubus chamaemorus,4662642.035,4453582.794
Rubus chamaemorus,4721237.593,4497668.958
Rubus chamaemorus,4168328.592,4174691.607
Rubus chamaemorus,4856950.266,5270861.676
Rubus chamaemorus,4193964.114,4330558.81
Rubus chamaemorus,4683286.732,4529266.912
Rubus chamaemorus,4712011.369,4412237.915
Rubus chamaemorus,4665398.092,4191220.228
Rubus chamaemorus,4596720.369,4272562.442
Rubus chamaemorus,4774954.314,4819904.617
Rubus chamaemorus,4224198.618,4250770.578
Rubus chamaemorus,4554361.838,3958198.259
Rubus chamaemorus,4549146.761,4597667.129
Rubus chamaemorus,4608016.985,4087292.426
Rubus chamaemorus,4776784.414,4864073.086
Rubus chamaemorus,4413394.902,4483754.135
Rubus chamaemorus,4804862.44,4132508.059
Rubus chamaemorus,4748392.257,4818438.099
Rubus chamaemorus,4630916.258,4689751.846
Rubus chamaemorus,4652032.494,4854901.305
Rubus chamaemorus,4863992.346,4965549.398
Rubus chamaemorus,4605774.835,4172758.787
Rubus chamaemorus,4577367.255,4139883.208
Rubus chamaemorus,4539895.818,5086622.301
Rubus chamaemorus,4705120.338,3844996.569
Rubus chamaemorus,4801644.98,4777504.764
Rubus chamaemorus,4654113.015,3680499.802
Rubus chamaemorus,4634802.126,4420564.746
Rubus chamaemorus,4698117.183,4154250.247
Rubus chamaemorus,4910198.09,5153445.583
Rubus chamaemorus,4393736.088,4090550.576
Rubus chamaemorus,4569251.118,4134076.454
Rubus chamaemorus,4508159.796,3728987.487
Rubus chamaemorus,4548347.69,3857680.904
Rubus chamaemorus,4462240.076,4519913.936
Rubus chamaemorus,4617580.69,3862951.526
Rubus chamaemorus,4859888.639,5344018.788
Rubus chamaemorus,4448922.146,4977888.836
Rubus chamaemorus,4673737.137,3857297.769
Rubus chamaemorus,4546088.435,3826792.788
Rubus chamaemorus,4476060.79,4036364.041
Rubus chamaemorus,4558728.048,4339646.277
Rubus chamaemorus,5077505.305,5327307.069
Rubus chamaemorus,4841847.566,4647089.374
Rubus chamaemorus,4507969.319,5066532.263
Rubus chamaemorus,4813973.191,4987615.57
Rubus chamaemorus,4746760.223,4509366.391
Rubus chamaemorus,4871851.277,4633139.097
Rubus chamaemorus,4400677.195,4322132.033
Rubus chamaemorus,4742086.588,4654750.629
Rubus chamaemorus,4095038.7179999994,3952892.205
Rubus chamaemorus,4493900.441,3778291.951
Rubus chamaemorus,4584737.298,4886831.759
Rubus chamaemorus,4590265.847,4006432.544
Rubus chamaemorus,4584176.067,4614610.778
Rubus chamaemorus,4405894.164,3940712.558
Rubus chamaemorus,4808782.495,5321744.296
Rubus chamaemorus,4919119.574,4896538.545
Rubus chamaemorus,4659506.634,3950361.808
Rubus chamaemorus,4588031.004,4036386.75
Rubus chamaemorus,4496632.477,3803343.897
Rubus chamaemorus,4517250.837,4149894.603
Rubus chamaemorus,4702719.773,4874238.955
Rubus chamaemorus,4550175.741,5094230.201999999
Rubus chamaemorus,4291587.647,4182154.432
Rubus chamaemorus,4576098.836,4481030.045
Rubus chamaemorus,4496589.823,4462561.73
Rubus chamaemorus,4315016.295,4066331.589
Rubus chamaemorus,4793998.025,4026619.216
Rubus chamaemorus,4847912.692,4780890.61
Rubus chamaemorus,4632726.519,4408998.183
Rubus chamaemorus,4519858.405,3770062.337
Rubus chamaemorus,4640565.1,3889507.047
Rubus chamaemorus,4433493.793,4260887.671
Rubus chamaemorus,4454874.141,4253470.209
Rubus chamaemorus,4564502.788,4299102.454
Rubus chamaemorus,4616147.472,3703594.19
Rubus chamaemorus,4409151.521,4432533.655
Rubus chamaemorus,4467673.606,4316183.487
Rubus chamaemorus,4640623.939,4471659.374
Rubus chamaemorus,4871603.933,4868490.181
Rubus chamaemorus,4675589.679,4188771.767
Rubus chamaemorus,4741950.653,4042972.011
Rubus chamaemorus,4904736.431,5171937.425
Rubus chamaemorus,4615480.745,5032026.559
Rubus chamaemorus,4632975.284,4410470.682
Rubus chamaemorus,4614389.788,4303482.695
Rubus chamaemorus,4470432.718,4115713.139
Rubus chamaemorus,4619840.817,4565086.164
Rubus chamaemorus,4602234.424,5053023.065000001
Rubus chamaemorus,4846137.703,4855897.684
Rubus chamaemorus,4709053.046,3970216.652
Rubus chamaemorus,4809826.24,4828070.805
Rubus chamaemorus,4732101.88,4168387.109
Rubus chamaemorus,4688106.205,3868006.15
Rubus chamaemorus,4671709.471,4103308.99
Rubus chamaemorus,4675032.48,4544153.465
Rubus chamaemorus,4653195.082,3921000.428
Rubus chamaemorus,4782443.356,4106771.203
Rubus chamaemorus,4725930.861,4132197.474
Rubus chamaemorus,4611481.349,4343162.585
Rubus chamaemorus,4846761.052,4612136.903
Rubus chamaemorus,4964631.477,5325282.643
Rubus chamaemorus,4945598.67,4844498.204
Rubus chamaemorus,4601258.77,4642772.806
Rubus chamaemorus,4869135.303,5031597.369
Rubus chamaemorus,4679884.673,4603592.06
Rubus chamaemorus,4623930.453,4703452.587
Rubus chamaemorus,4657432.345,3911271.044
Rubus chamaemorus,4584638.023,4887063.422
Rubus chamaemorus,4221913.367,4052677.979
Rubus chamaemorus,4632721.458,4399107.201
Rubus chamaemorus,4657041.828,4281966.924
Rubus chamaemorus,4366664.739,4097619.339
Rubus chamaemorus,4664927.909,4707582.926
Rubus chamaemorus,4988550.988,5335570.597
Rubus chamaemorus,4573961.41,4534012.924
Rubus chamaemorus,4711853.491,3880465.554
Rubus chamaemorus,4560058.485,4898159.742000001
Rubus chamaemorus,4650095.927,4236093.277
Rubus chamaemorus,4286296.625,3988017.896
Rubus chamaemorus,4210031.858,4418851.07
Rubus chamaemorus,4561618.153,3873517.366
Rubus chamaemorus,4421305.12,4389753.947
Rubus chamaemorus,4652849.586,3736091.781
Rubus chamaemorus,4250707.422,3971995.025
Rubus chamaemorus,4386597.25,4045330.367
Rubus chamaemorus,4422090.428,3922674.875
Rubus chamaemorus,4683167.79,3787460.694
Rubus chamaemorus,4749152.786,4893262.150000001
Rubus chamaemorus,4436800.15,4038137.507
Rubus chamaemorus,4546483.048,4417634.458
Rubus chamaemorus,4772198.051000001,4160117.0980000007
Rubus chamaemorus,4538556.433,4527952.431
Rubus chamaemorus,4565214.983,3832775.164
Rubus chamaemorus,4728859.844,3976825.252
Rubus chamaemorus,4784341.349,4092271.949
Rubus chamaemorus,4683653.649,4133882.609
Rubus chamaemorus,4881086.364,5038012.639
Rubus chamaemorus,4095349.906,3990512.509
Rubus chamaemorus,4831000.759000001,4575215.89
Rubus chamaemorus,4522629.346,4205646.712
Rubus chamaemorus,4691724.645,4768042.331
Rubus chamaemorus,4740396.749,4683332.992
Rubus chamaemorus,4505193.34,5064243.986
Rubus chamaemorus,4830929.47,4820167.065
Rubus chamaemorus,4826481.774,5210615.136
Rubus chamaemorus,4386841.383,4583983.694
Rubus chamaemorus,4275992.7,4273188.539
Rubus chamaemorus,4955001.243,4828519.582
Rubus chamaemorus,4588721.506,3725555.556
Rubus chamaemorus,4204280.879,4386579.89
Rubus chamaemorus,4752787.157,3988356.19
Rubus chamaemorus,4681337.306,4003527.264
Rubus chamaemorus,4144856.895,4085576.613
Rubus chamaemorus,4731055.349,4773346.601
Rubus chamaemorus,4863884.157,5269537.455
Rubus chamaemorus,4396581.94,3985959.791
Rubus chamaemorus,4671200.346,4132423.224
Rubus chamaemorus,4557704.251,4022614.569
Rubus chamaemorus,4560545.933,4517681.571
Rubus chamaemorus,4601838.562,3815577.876
Rubus chamaemorus,4715509.674,4466225.896
Rubus chamaemorus,4206908.743,4141085.45
Rubus chamaemorus,4693661.614,3737746.723
Rubus chamaemorus,4648969.575,4090334.345
Rubus chamaemorus,4536011.527,3941907.459
Rubus chamaemorus,4739785.051,4543612.043
Rubus chamaemorus,5020605.376,5312054.326
Rubus chamaemorus,4845819.016,5005350.313000001
Rubus chamaemorus,4515851.926,4562183.279
Rubus chamaemorus,4268395.601,4447823.444
Rubus chamaemorus,5056144.792,5331290.551
Rubus chamaemorus,4558615.901,4138299.186
Rubus chamaemorus,4651041.251,4457113.388
Rubus chamaemorus,4692265.046,4215479.999
Rubus chamaemorus,4742748.713,4564010.238
Rubus chamaemorus,4791296.238,4780446.879
Rubus chamaemorus,4660697.399,4106871.173
Rubus chamaemorus,4529919.885,4380663.861
Rubus chamaemorus,4369926.39,4492673.636
Rubus chamaemorus,4740377.62,4543463.871
Rubus chamaemorus,4704154.749,4314905.821
Rubus chamaemorus,4567792.35,4029213.3280000007
Rubus chamaemorus,4499056.653,3662970.271
Rubus chamaemorus,4762405.218,4175315.292
Rubus chamaemorus,4518343.472,3904402.846
Rubus chamaemorus,4702059.898,3809394.0690000006
Rubus chamaemorus,4748664.543,4892350.846
Rubus chamaemorus,4588788.926,4245699.404
Rubus chamaemorus,4528680.467,3726270.603
Rubus chamaemorus,4638713.457,4090033.218000001
Rubus chamaemorus,4498255.277,4139631.168
Rubus chamaemorus,4533489.847,4411300.924
Rubus chamaemorus,4796809.152000001,5273841.874
Rubus chamaemorus,4830012.244000001,4575722.663
Rubus chamaemorus,4501037.308,4567664.654
Rubus chamaemorus,4672005.919,4342160.675
Rubus chamaemorus,4730895.218,4697447.709
Rubus chamaemorus,4559517.419,3663444.206
Rubus chamaemorus,4629731.407,3783952.435
Rubus chamaemorus,4829938.472,5369153.224
Rubus chamaemorus,4708032.189,4144878.785
Rubus chamaemorus,4582564.665,4340738.024
Rubus chamaemorus,4516449.581,4587901.465
Rubus chamaemorus,5052496.15,5330606.298
Rubus chamaemorus,4609149.691,4362928.309
Rubus chamaemorus,4360609.811,4154997.579
Rubus chamaemorus,4374843.861,4646021.029
Rubus chamaemorus,4676231.65,4188236.836
Rubus chamaemorus,4498944.076,4602179.11
Rubus chamaemorus,4580604.829,4111262.808
Rubus chamaemorus,4574971.052,4064623.172
Rubus chamaemorus,4712772.889,4217242.546
Rubus chamaemorus,4453389.282,3817519.313
Rubus chamaemorus,4842002.817,4964900.91
Rubus chamaemorus,4285102.875,4140192.103
Rubus chamaemorus,4521748.317,4100182.188
Rubus chamaemorus,4626191.221,3873523.693
Rubus chamaemorus,4693797.175,4319399.752
Rubus chamaemorus,4699231.554,3789290.3650000007
Rubus chamaemorus,4588878.751,4135173.515
Rubus chamaemorus,4704631.07,4695415.512
Rubus chamaemorus,4832072.414,4680411.071
Rubus chamaemorus,4527037.59,4271062.639
Rubus chamaemorus,4649075.575,4090063.024
Rubus chamaemorus,4843743.321,5111935.273999999
Rubus chamaemorus,4386387.402,4044914.705
Rubus chamaemorus,4708085.448,3970833.052
Rubus chamaemorus,4683761.244,3683547.09
Rubus chamaemorus,4582102.255,4045211.171
Rubus chamaemorus,4468384.569,4401948.43
Rubus chamaemorus,4603695.634,4202662.812
Rubus chamaemorus,4285874.144,4452025.298
Rubus chamaemorus,4516576.824,5024785.958
Rubus chamaemorus,4788084.056,4747929.676999999
Rubus chamaemorus,4433939.45,4643373.041
Rubus chamaemorus,4588382.912,4401720.301
Rubus chamaemorus,4809726.263,4817388.772999999
Rubus chamaemorus,4644233.403,3784074.869
Rubus chamaemorus,4626379.303,3888391.811
Rubus chamaemorus,4641817.767,4566713.305
Rubus chamaemorus,4589804.272,4400877.376
Rubus chamaemorus,4730520.94,5154640.647
Rubus chamaemorus,4598338.919,4612629.901
Rubus chamaemorus,4550203.054,5038226.406
Rubus chamaemorus,4872595.428,4634696.488
Rubus chamaemorus,4678277.341,3921960.969
Rubus chamaemorus,4781698.365000001,4969904.802
Rubus chamaemorus,4980801.949,5291035.48
Rubus chamaemorus,4390827.823,4288006.371
Rubus chamaemorus,4295432.298,4129985.713
Rubus chamaemorus,4598052.206,4546241.87
Rubus chamaemorus,4521751.944,3860484.069
Rubus chamaemorus,4823680.327,4778892.713999999
Rubus chamaemorus,4705679.797,4619579.846
Rubus chamaemorus,4435254.103,4722184.851
Rubus chamaemorus,4593135.839,3900637.18
Rubus chamaemorus,4590954.313,3754885.998
Rubus chamaemorus,4440919.123,4189959.922
Rubus chamaemorus,4487829.302,4296772.852
Rubus chamaemorus,4657285.606,4507396.41
Rubus chamaemorus,4489219.7,4011914.158
Rubus chamaemorus,4604060.206,3836110.349
Rubus chamaemorus,4573212.551,4610409.666
Rubus chamaemorus,4582075.533,4090944.8840000005
Rubus chamaemorus,4897188.525,4903727.563
Rubus chamaemorus,4746163.133,4622993.62
Rubus chamaemorus,4662563.051,4632634.053
Rubus chamaemorus,4533729.468,5045655.814
Rubus chamaemorus,4845525.622,4855476.9
Rubus chamaemorus,4557437.195,3748437.882
Rubus chamaemorus,4611255.93,4342946.511
Rubus chamaemorus,4686234.546,4068750.161
Rubus chamaemorus,4418544.01,4585050.79
Rubus chamaemorus,4768636.82,4690774.702
Rubus chamaemorus,4717710.536,4476808.122
Rubus chamaemorus,4555832.43,4403775.233
Rubus chamaemorus,4529145.271,4372249.649
Rubus chamaemorus,4529199.361,4382419.214
Rubus chamaemorus,4554924.751,4308624.953
Rubus chamaemorus,4735570.159,4187880.488
Rubus chamaemorus,4437794.79,3963374.1200000006
Rubus chamaemorus,4534988.796,3942127.49
Rubus chamaemorus,4660606.596,4252470.057
Rubus chamaemorus,4797706.396,4563390.432
Rubus chamaemorus,4569419.48,4420378.761
Rubus chamaemorus,4729523.388,4027277.787
Rubus chamaemorus,4461188.073,3995494.363
Rubus chamaemorus,4220975.296,4452129.882
Rubus chamaemorus,4597494.752,3980751.794
Rubus chamaemorus,4584219.703,4306505.639
Rubus chamaemorus,4484517.077,4702109.584
Rubus chamaemorus,4672536.488,4841935.485999999
Rubus chamaemorus,4606659.367,4288281.623
Rubus chamaemorus,4499014.234,3897439.398
Rubus chamaemorus,4755830.983,4184676.404
Rubus chamaemorus,4672547.983,3867786.371
Rubus chamaemorus,4740448.559,4544144.62
Rubus chamaemorus,4364428.022,4476969.264
Rubus chamaemorus,4508928.537,4373938.597
Rubus chamaemorus,4682346.73,4647213.664
Rubus chamaemorus,4493870.533,4423811.584
Rubus chamaemorus,4584427.99,4315518.943
Rubus chamaemorus,4593436.784,4347024.538
Rubus chamaemorus,4287781.083,4301637.797
Rubus chamaemorus,4706785.331,4465601.516
Rubus chamaemorus,4659848.674,4527663.87
Rubus chamaemorus,4072240.668,4229604.995
Rubus chamaemorus,4774207.717,4021706.349
Rubus chamaemorus,4477698.291,4037367.25
Rubus chamaemorus,4665200.426,4112059.767
Rubus chamaemorus,4850021.329,5142054.221
Rubus chamaemorus,4676959.13,4109349.743
Rubus chamaemorus,4572743.748,3799663.332
Rubus chamaemorus,4646566.043,4040879.742
Rubus chamaemorus,4652563.564,4827027.6
Rubus chamaemorus,4880869.555,5351286.843
Rubus chamaemorus,4674013.683,4198857.267
Rubus chamaemorus,4672923.715,4218088.648
Rubus chamaemorus,4611625.353,4402662.946
Rubus chamaemorus,4625398.495,4185333.973
Rubus chamaemorus,4573477.411,4200729.777
Rubus chamaemorus,4579454.286,4256360.368
Rubus chamaemorus,4089385.419,4083020.388
Rubus chamaemorus,4503301.442,4089251.335
Rubus chamaemorus,4539545.967,3881976.874
Rubus chamaemorus,4657666.327,4272260.206
Rubus chamaemorus,4653536.483,4196671.324
Rubus chamaemorus,4524677.39,3698602.916
Rubus chamaemorus,4509838.351,4633793.439
Rubus chamaemorus,4904488.675,5172001.969
Rubus chamaemorus,4452417.139,4459720.608
Rubus chamaemorus,4511010.977,4113853.107
Rubus chamaemorus,4682082.173,4573973.496
Rubus chamaemorus,4796541.401,4811819.22
Rubus chamaemorus,4759752.185,4820423.768
Rubus chamaemorus,4377908.631,4404720.093
Rubus chamaemorus,4632745.806,3804875.438
Rubus chamaemorus,4729979.926,4951697.435
Rubus chamaemorus,4386804.896,4391915.106
Rubus chamaemorus,4095993.21,4325664.063
Rubus chamaemorus,4591425.215,4227212.247
Rubus chamaemorus,4302257.109,4314995.116
Rubus chamaemorus,4071986.504,4065096.231
Rubus chamaemorus,4805314.647,4852590.96
Rubus chamaemorus,4482766.143,3792066.68
Rubus chamaemorus,4713924.545,4756195.03
Rubus chamaemorus,4116644.634,4046086.96
Rubus chamaemorus,4510073.288,4310598.333
Rubus chamaemorus,4559624.29,3658533.872
Rubus chamaemorus,4721721.426,4667742.047
Rubus chamaemorus,4669157.341,4722238.901
Rubus chamaemorus,4856701.289,4607342.546
Rubus chamaemorus,4572460.689,4654040.113
Rubus chamaemorus,4497166.702,4464976.132
Rubus chamaemorus,4622022.691,3993931.519
Rubus chamaemorus,4500473.63,3999040.567
Rubus chamaemorus,4555943.368,3982910.3259999994
Rubus chamaemorus,5056168.399,5330976.026
Rubus chamaemorus,4690915.539,3829956.844
Rubus chamaemorus,4664094.323,3856853.7659999994
Rubus chamaemorus,4565260.942,4298892.65
Rubus chamaemorus,4630902.865,5037884.304
Rubus chamaemorus,4665175.979,4407434.3
Rubus chamaemorus,4639570.226,4675116.152
Rubus chamaemorus,4699684.604,4903829.267
Rubus chamaemorus,4660674.028,4737054.974
Rubus chamaemorus,4538992.377,4815058.542
Rubus chamaemorus,4608150.317,3961437.573
Rubus chamaemorus,4715843.075,4681508.382
Rubus chamaemorus,4667665.312,4722792.947
Rubus chamaemorus,4385269.092,4009557.199
Rubus chamaemorus,4379848.281,4426069.515
Rubus chamaemorus,4169523.055,4244050.193
Rubus chamaemorus,4669486.003,4797376.434
Rubus chamaemorus,4588208.989,4571579.622
Rubus chamaemorus,4615835.283,3987425.906
Rubus chamaemorus,4652120.246,4392010.008
Rubus chamaemorus,4507238.778,3798315.38
Rubus chamaemorus,4212454.315,3998992.045
Rubus chamaemorus,4542012.148,4556940.704
Rubus chamaemorus,4640629.062,3764545.465
Rubus chamaemorus,4869268.797000001,4932129.852
Rubus chamaemorus,4769205.693,4689952.42
Rubus chamaemorus,4485536.08,4178550.792
Rubus chamaemorus,4541812.635,4093126.656
Rubus chamaemorus,4696282.532,4544918.242
Rubus chamaemorus,4829381.597,4884552.589
Rubus chamaemorus,4666848.791,4722607.358
Rubus chamaemorus,4555937.141,4157988.5090000005
Rubus chamaemorus,4563945.408,4309164.979
Rubus chamaemorus,4751359.453,4540014.057
Rubus chamaemorus,4667271.337,4171928.218
Rubus chamaemorus,4550782.422,4002810.079
Rubus chamaemorus,4710357.757,4739313.284
Rubus chamaemorus,4665443.974,4753068.555
Rubus chamaemorus,4517716.724,4044783.854
Rubus chamaemorus,4546513.701,3664561.348
Rubus chamaemorus,4540572.525,3881617.976
Rubus chamaemorus,4656047.518,4282308.626
Rubus chamaemorus,4605212.714,3757105.706
Rubus chamaemorus,4911886.346,4930191.606000001
Rubus chamaemorus,4652065.219,4475295.205
Rubus chamaemorus,4219049.48,4410772.978
Rubus chamaemorus,4580441.988,4415166.948
Rubus chamaemorus,4480114.141,4773415.434000001
Rubus chamaemorus,4474899.651,4171611.495
Rubus chamaemorus,4777447.094,4789987.483
Rubus chamaemorus,4112500.854,4380254.41
Rubus chamaemorus,4646333.508,3700694.539
Rubus chamaemorus,4841813.507,5175154.922
Rubus chamaemorus,4659878.712,5076027.887
Rubus chamaemorus,4192195.578,4211086.845
Rubus chamaemorus,4572911.258,4365860.045
Rubus chamaemorus,4311771.932,4506745.811
Rubus chamaemorus,4086356.014,4135917.553
Rubus chamaemorus,4533573.219,4645077.54
Rubus chamaemorus,4579637.795,3774679.708
Rubus chamaemorus,4621418.183,4572789.904
Rubus chamaemorus,4494198.689,3892519.581
Rubus chamaemorus,4542494.198,4547401.648
Rubus chamaemorus,4463021.652,3920286.619
Rubus chamaemorus,4528785.965,3839894.536
Rubus chamaemorus,4698258.546,4620146.595
Rubus chamaemorus,4201057.119,3989206.25
Rubus chamaemorus,4551817.94,4533079.175
Rubus chamaemorus,4516459.549,3765386.654
Rubus chamaemorus,4634404.539,3697333.912
Rubus chamaemorus,4859305.328,5190166.813
Rubus chamaemorus,4631485.977,4219526.447
Rubus chamaemorus,4681890.215,4529420.019
Rubus chamaemorus,4748616.278,4893720.977
Rubus chamaemorus,4632560.501,4040481.871
Rubus chamaemorus,4640852.324,4000453.586
Rubus chamaemorus,4681969.127,3988346.255
Rubus chamaemorus,4750670.01,4473344.615
Rubus chamaemorus,4558412.733,4360062.284
Rubus chamaemorus,4954200.364,5397594.148
Rubus chamaemorus,4706625.612,3755548.817
Rubus chamaemorus,4621686.918,3756995.9219999993
Rubus chamaemorus,4441944.119,3983725.063
Rubus chamaemorus,4785766.679,4142252.73
Rubus chamaemorus,4513030.441,4860695.122
Rubus chamaemorus,4588700.734,4655193.763
Rubus chamaemorus,4629719.574,4455673.924
Rubus chamaemorus,4680035.507,3832129.377
Rubus chamaemorus,4431101.676,4546022.775
Rubus chamaemorus,4357867.308,4239065.53
Rubus chamaemorus,4767166.102,4510762.882
Rubus chamaemorus,4711243.71,4859182.9520000005
Rubus chamaemorus,4881442.133,4878672.068
Rubus chamaemorus,4699275.37,3898889.123
Rubus chamaemorus,4476160.11,4386575.829
Rubus chamaemorus,4654453.216,3905802.425
Rubus chamaemorus,4699080.563,4025287.252
Rubus chamaemorus,4696303.417,4165122.195
Rubus chamaemorus,4438910.238,3938772.761
Rubus chamaemorus,4406986.406,4274227.533
Rubus chamaemorus,4489366.632,4247834.058
Rubus chamaemorus,4847463.981,4930312.038
Rubus chamaemorus,4446950.845,4495241.545
Rubus chamaemorus,4694184.626,3959826.107
Rubus chamaemorus,4565022.06,4059414.059
Rubus chamaemorus,4205171.758,3972532.418
Rubus chamaemorus,4551252.378,3703251.957
Rubus chamaemorus,4544783.501,4182532.896
Rubus chamaemorus,4618807.688,4083603.631
Rubus chamaemorus,4555216.609,4487863.863
Rubus chamaemorus,4220809.087,4436262.629
Rubus chamaemorus,4494698.275,4518138.409
Rubus chamaemorus,4775217.120999999,4551008.066
Rubus chamaemorus,4424312.872,3952974.474
Rubus chamaemorus,4888707.862,4834412.42
Rubus chamaemorus,4376242.294,4319136.071
Rubus chamaemorus,4538951.46,3786376.7899999996
Rubus chamaemorus,4707046.114,4476587.246
Rubus chamaemorus,4567828.325,4493346.775
Rubus chamaemorus,4630697.761,4475200.795
Rubus chamaemorus,4530790.298,4115745.263
Rubus chamaemorus,4758540.077,4609369.089
Rubus chamaemorus,4670384.73,4797015.976
Rubus chamaemorus,4817095.785,4794723.048
Rubus chamaemorus,4713086.553,4216380.595
Rubus chamaemorus,4861520.42,4637998.584
Rubus chamaemorus,4678576.525,3782714.832000001
Rubus chamaemorus,4556541.9,4828685.343
Rubus chamaemorus,4539675.607,4252109.978
Rubus chamaemorus,4655916.693,4292612.219
Rubus chamaemorus,4870081.718999999,3909232.326
Rubus chamaemorus,4618546.087,3973447.4
Rubus chamaemorus,4860211.772,5344038.041
Rubus chamaemorus,4214782.809,4156178.253
Rubus chamaemorus,4657852.648,4282009.492
Rubus chamaemorus,4813959.192,4884172.149
Rubus chamaemorus,4565567.769,4068877.221
Rubus chamaemorus,4547987.191,5055442.385
Rubus chamaemorus,4763691.056,4040832.906
Rubus chamaemorus,4427181.751,3968287.352
Rubus chamaemorus,4440737.695,4147026.785
Rubus chamaemorus,4809923.434,4593898.974
Rubus chamaemorus,4696822.986,3804015.627
Rubus chamaemorus,4887593.062,4835339.643
Rubus chamaemorus,4736636.678,4638304.602
Rubus chamaemorus,4560329.114,4348792.613
Rubus chamaemorus,4506479.763,3749383.2710000006
Rubus chamaemorus,4634993.694,4584282.897
Rubus chamaemorus,4479866.628,4773476.751
Rubus chamaemorus,4606132.88,4297730.971
Rubus chamaemorus,4645349.81,4066449.527
Rubus chamaemorus,4535956.622,3940934.613
Rubus chamaemorus,4460282.146,4099955.166
Rubus chamaemorus,4616544.867,3670977.46
Rubus chamaemorus,4682611.332,3878714.253
Rubus chamaemorus,4609502.525,3962748.315
Rubus chamaemorus,4585256.043,4186870.808
Rubus chamaemorus,4907984.738,5140597.009999999
Rubus chamaemorus,4704140.374,3859606.986
Rubus chamaemorus,4634089.583,3729809.997
Rubus chamaemorus,4181831.5419999994,4271887.969
Rubus chamaemorus,4575599.612,4063997.937
Rubus chamaemorus,4400866.094,3939828.82
Rubus chamaemorus,4461061.364,4206081.857
Rubus chamaemorus,4454277.838,4599036.578
Rubus chamaemorus,4600903.594,3815959.617
Rubus chamaemorus,4665129.352,4751934.77
Rubus chamaemorus,4289713.861,4405434.757
Rubus chamaemorus,4573566.916,3783771.515
Rubus chamaemorus,4053002.645,4210436.056
Rubus chamaemorus,4546935.982,4588116.295
Rubus chamaemorus,4581644.569,4055121.65
Rubus chamaemorus,4984943.574,5385392.196
Rubus chamaemorus,4521068.621,3769933.9890000005
Rubus chamaemorus,4365888.109,4457363.997
Rubus chamaemorus,4347401.364,4094259.872
Rubus chamaemorus,4449018.858,3839617.378
Rubus chamaemorus,4837813.342,4107118.571
Rubus chamaemorus,4618149.817,4379395.131
Rubus chamaemorus,4635376.414,3839748.767
Rubus chamaemorus,4863470.905,5349093.249
Rubus chamaemorus,4685647.003,4539553.723
Rubus chamaemorus,4697155.545,3865168.34
Rubus chamaemorus,4429934.25,4127149.559
Rubus chamaemorus,4608817.103,4363268.584
Rubus chamaemorus,4793756.432,4152424.423
Rubus chamaemorus,4632351.706,4209273.913
Rubus chamaemorus,4594938.058,4012110.668
Rubus chamaemorus,4454929.904,3873986.026
Rubus chamaemorus,4785447.394,4557101.291
Rubus chamaemorus,4557553.724,4262509.903
Rubus chamaemorus,4682008.919,4224097.525
Rubus chamaemorus,4739627.176,4023546.303
Rubus chamaemorus,4093476.798,4148537.501
Rubus chamaemorus,4809955.581,4942359.867
Rubus chamaemorus,4481423.373,3861789.348
Rubus chamaemorus,4521519.652,4872755.297
Rubus chamaemorus,4284157.061,4405660.725
Rubus chamaemorus,4624522.136,4013200.24
Rubus chamaemorus,4460842.382,4339464.801
Rubus chamaemorus,4917645.092,4896150.759
Rubus chamaemorus,4852861.71,4728021.034
Rubus chamaemorus,4658155.332,4272496.977
Rubus chamaemorus,4688145.705,4264330.963
Rubus chamaemorus,4685527.961,4293169.26
Rubus chamaemorus,4564648.193,3663325.82
Rubus chamaemorus,4536201.818,3816501.598
Rubus chamaemorus,4532708.855,3681654.9489999996
Rubus chamaemorus,4717314.894,4166058.776
Rubus chamaemorus,4641877.637,4346245.214
Rubus chamaemorus,4835404.443,3841435.193
Rubus chamaemorus,4435128.689,3932059.455
Rubus chamaemorus,4507232.988,4154203.894
Rubus chamaemorus,4638230.69,5034915.451
Rubus chamaemorus,4731394.415,4951180.456
Rubus chamaemorus,4694762.241,4129193.812
Rubus chamaemorus,4642793.583,3739312.33
Rubus chamaemorus,4470098.417,4326038.704
Rubus chamaemorus,4746820.684,4163597.442
Rubus chamaemorus,4650097.426,4125231.691
Rubus chamaemorus,4803771.699,4788068.342999999
Rubus chamaemorus,4558539.069,4263302.987
Rubus chamaemorus,4729856.486,3731559.961
Rubus chamaemorus,4937022.926,5324222.581
Rubus chamaemorus,4846074.610999999,5186568.164999999
Rubus chamaemorus,4625547.38,4058353.9479999994
Rubus chamaemorus,4706815.4,3986479.327
Rubus chamaemorus,4693384.829,4094931.888
Rubus chamaemorus,4724339.112,4366791.568
Rubus chamaemorus,4515172.257,4170523.833
Rubus chamaemorus,4583088.802,4215909.147
Rubus chamaemorus,4701544.833,4344447.849
Rubus chamaemorus,4487601.108,3852264.441
Rubus chamaemorus,4701133.587,4105255.652
Rubus chamaemorus,4282422.471,4038137.825
Rubus chamaemorus,4461912.186,3850679.426
Rubus chamaemorus,4786564.752999999,4837498.259
Rubus chamaemorus,4717536.399,4695953.53
Rubus chamaemorus,4472541.724,4210768.541
Rubus chamaemorus,4621241.13,3704007.759
Rubus chamaemorus,4495523.61,4179216.757
Rubus chamaemorus,4462220.202,4080941.947
Rubus chamaemorus,4487863.197,4138238.771
Rubus chamaemorus,4701110.097,3823587.3890000004
Rubus chamaemorus,4437788.146,4581850.014
Rubus chamaemorus,4611396.501,4228230.237
Rubus chamaemorus,4773350.432,4542666.839
Rubus chamaemorus,4530170.566,4562146.232
Rubus chamaemorus,4564699.138,4298359.55
Rubus chamaemorus,4813769.139,4604967.296
Rubus chamaemorus,4815463.33,5225358.488999999
Rubus chamaemorus,4073781.995,4266198.13
Rubus chamaemorus,4085526.584,4130603.937
Rubus chamaemorus,4564711.263,4184526.976
Rubus chamaemorus,4286095.625,4452282.001
Rubus chamaemorus,4631693.348,4209485.948
Rubus chamaemorus,4801752.152,4593017.165
Rubus chamaemorus,4485725.723,4659927.08
Rubus chamaemorus,4234306.762,4117913.986
Rubus chamaemorus,4427029.211,3894955.165
Rubus chamaemorus,4572196.073,4363646.287
Rubus chamaemorus,4540805.606,4557510.893
Rubus chamaemorus,4755735.781999999,4169421.53
Rubus chamaemorus,4935186.284,5250067.394
Rubus chamaemorus,4472648.36,4357786.997
Rubus chamaemorus,4892806.254000001,4863883.489
Rubus chamaemorus,4351589.967,4175391.8379999995
Rubus chamaemorus,4155300.619,4391127.261
Rubus chamaemorus,4400048.379,4151021.349
Rubus chamaemorus,4711304.983,3834651.485
Rubus chamaemorus,4421532.565,3976118.994
Rubus chamaemorus,4467369.389,4030788.422
Rubus chamaemorus,4900012.570000001,4925440.674
Rubus chamaemorus,4481562.442,4092307.625
Rubus chamaemorus,4663898.425,3704334.788
Rubus chamaemorus,4639453.181,4131296.823
Rubus chamaemorus,4650876.795,4391850.866
Rubus chamaemorus,4656015.351,4005719.784
Rubus chamaemorus,4328961.553,4173344.645
Rubus chamaemorus,4080492.601,4314430.91
Rubus chamaemorus,4678597.635,4078197.712
Rubus chamaemorus,4086429.577,4136003.238
Rubus chamaemorus,4650184.316,4237655.899
Rubus chamaemorus,4481532.16,4101187.289
Rubus chamaemorus,4180064.525,3987176.116
Rubus chamaemorus,4793741.918,4617741.998
Rubus chamaemorus,4566149.782,3818432.518
Rubus chamaemorus,4826037.330999999,4839300.252
Rubus chamaemorus,4794103.428,4531757.531
Rubus chamaemorus,4356868.954,4407612.946
Rubus chamaemorus,4535436.263,3651621.291
Rubus chamaemorus,4819271.414,4928747.444
Rubus chamaemorus,4615610.191,3833411.614
Rubus chamaemorus,4472478.255,3900864.062
Rubus chamaemorus,4637755.617,3808871.4690000005
Rubus chamaemorus,4729636.216,4138052.6469999994
Rubus chamaemorus,4505755.518,4364912.991
Rubus chamaemorus,4738427.5940000005,4162895.125
Rubus chamaemorus,4364840.08,4167810.52
Rubus chamaemorus,4893870.896,4893642.735
Rubus chamaemorus,4683945.941,4023172.964
Rubus chamaemorus,4678320.747,3967440.547
Rubus chamaemorus,4840158.735,3852156.325
Rubus chamaemorus,4311996.998,4446575.995
Rubus chamaemorus,4531529.938,4390709.742
Rubus chamaemorus,4109093.052,3915360.571
Rubus chamaemorus,4503203.1,4408470.613
Rubus chamaemorus,4578319.505,4934841.16
Rubus chamaemorus,4839818.247,3850908.749
Rubus chamaemorus,4694401.699,5106219.824
Rubus chamaemorus,4937121.708,5323991.104000001
Rubus chamaemorus,4750660.641,4789332.075
Rubus chamaemorus,4591897.921,4670196.73
Rubus chamaemorus,4574508.965,3692096.714
Rubus chamaemorus,4535796.984,3776790.4879999994
Rubus chamaemorus,4656124.897,4570711.028
Rubus chamaemorus,4683102.328,3912557.799
Rubus chamaemorus,4726659.525,4453878.025
Rubus chamaemorus,4726921.193,4117037.109
Rubus chamaemorus,4561669.235,3858947.827
Rubus chamaemorus,4678091.052,3752592.2329999995
Rubus chamaemorus,4467040.291,3809748.005
Rubus chamaemorus,4798189.955000001,4554011.538
Rubus chamaemorus,4773007.832,5168626.358
Rubus chamaemorus,4483869.193,4061694.577
Rubus chamaemorus,4844417.34,3851270.957
Rubus chamaemorus,4680920.114,4343369.702
Rubus chamaemorus,4614681.772,3832159.9709999994
Rubus chamaemorus,4714196.404,4532013.175
Rubus chamaemorus,4844919.984,4856530.018
Rubus chamaemorus,4375897.399,4319429.679
Rubus chamaemorus,4715494.446,5182396.872
Rubus chamaemorus,4624344.332,4424251.507
Rubus chamaemorus,4502127.049,4088324.292
Rubus chamaemorus,4641408.614,4824461.724
Rubus chamaemorus,4526072.222,3879189.801
Rubus chamaemorus,4489848.167,4227899.38
Rubus chamaemorus,4664167.797,4078107.015
Rubus chamaemorus,4797391.269000001,4552863.41
Rubus chamaemorus,4702029.669,3868652.8769999994
Rubus chamaemorus,4433360.788,4234210.554
Rubus chamaemorus,4553434.058,3957550.047
Rubus chamaemorus,4846210.1110000005,3892389.416
Rubus chamaemorus,4770302.962,4029884.534
Rubus chamaemorus,4699630.392,4240229.605
Rubus chamaemorus,4659331.128,4147179.946
Rubus chamaemorus,4518098.956,3685430.647
Rubus chamaemorus,4880604.972999999,5028561.246
Rubus chamaemorus,4665262.849,5074072.071
Rubus chamaemorus,4463093.631,4520054.176
Rubus chamaemorus,4711352.575,3760289.405
Rubus chamaemorus,4431182.503,3971884.844
Rubus chamaemorus,4541103.178,4377773.727
Rubus chamaemorus,4710537.26,4066172.317
Rubus chamaemorus,4806657.92,4538418.025
Rubus chamaemorus,4881800.772,4787818.209999999
Rubus chamaemorus,4553501.493,4869102.633
Rubus chamaemorus,4203894.431,4062781.448
Rubus chamaemorus,4802020.291,4757815.192
Rubus chamaemorus,4604961.053,4181287.897
Rubus chamaemorus,4477590.704,4152783.916
Rubus chamaemorus,4833620.755,3865195.438
Rubus chamaemorus,4538345.497,4142462.345
Rubus chamaemorus,4596139.095,4157250.344
Rubus chamaemorus,4652549.429,3796008.673
Rubus chamaemorus,4563045.688,3633367.818
Rubus chamaemorus,4236872.029,4305005.77
Rubus chamaemorus,4478328.007,4017460.1790000005
Rubus chamaemorus,4751416.226,4714814.292
Rubus chamaemorus,4705014.246,4125419.388
Rubus chamaemorus,4606332.565,3807581.094
Rubus chamaemorus,4121358.5150000006,4015008.061
Rubus chamaemorus,4623900.453,4628515.914
Rubus chamaemorus,4766943.086,4105176.21
Rubus chamaemorus,4365572.653,4535072.925
Rubus chamaemorus,4484635.344,4177196.021
Rubus chamaemorus,4628088.373,3983222.438
Rubus chamaemorus,4274953.082,4002081.38
Rubus chamaemorus,4487240.952,4042637.37
Rubus chamaemorus,4568484.667,4030084.394
Rubus chamaemorus,4554068.299,4082942.278
Rubus chamaemorus,4422986.402,4350609.983
Rubus chamaemorus,4706168.763,4000008.889
Rubus chamaemorus,4681475.361,4508159.806
Rubus chamaemorus,4610569.336,3872630.512
Rubus chamaemorus,4539642.263,4241094.87
Rubus chamaemorus,4484253.488,4565274.6
Rubus chamaemorus,4519576.905,3829928.176
Rubus chamaemorus,4462040.885,4100913.61
Rubus chamaemorus,4890960.682,4854634.619
Rubus chamaemorus,4707991.831,4035780.601
Rubus chamaemorus,4843755.087,4657516.344
Rubus chamaemorus,4407740.672,4569536.632
Rubus chamaemorus,4767816.266,4105607.168
Rubus chamaemorus,4449723.504,3994658.218
Rubus chamaemorus,4501145.209,4213109.032
Rubus chamaemorus,4575787.798,4003851.052
Rubus chamaemorus,4848430.045,4939460.513
Rubus chamaemorus,4426904.005,4031473.256
Rubus chamaemorus,4282578.02,4053804.851
Rubus chamaemorus,4813185.774000001,4774988.277
Rubus chamaemorus,4394166.292,4276027.046
Rubus chamaemorus,4640591.493,4335623.152
Rubus chamaemorus,4614265.938,4078317.946
Rubus chamaemorus,4641963.677,3799707.2900000005
Rubus chamaemorus,4628971.894,4078776.192
Rubus chamaemorus,4565109.622,4474410.754
Rubus chamaemorus,4250102.59,3977607.751
Rubus chamaemorus,4807376.347,4043585.514
Rubus chamaemorus,4627816.781,3857991.692
Rubus chamaemorus,4822303.0709999995,4665142.095
Rubus chamaemorus,4459705.12,4510172.895
Rubus chamaemorus,4736164.645,4513453.664
Rubus chamaemorus,4536815.362,3691150.424
Rubus chamaemorus,4473739.377,3841017.129
Rubus chamaemorus,4266306.223,4452067.747
Rubus chamaemorus,4604724.593,4192739.642
Rubus chamaemorus,4620714.193,4659732.82
Rubus chamaemorus,4611672.602,3752835.082
Rubus chamaemorus,4822553.495,4749383.092
Rubus chamaemorus,4650761.428,4341384.981
Rubus chamaemorus,4459402.114,4014572.731
Rubus chamaemorus,4608928.881,3903050.38
Rubus chamaemorus,4414861.16,3890862.963
Rubus chamaemorus,4339051.156,4280779.448
Rubus chamaemorus,4693164.034,4769059.645
Rubus chamaemorus,4408904.877,4432594.977
Rubus chamaemorus,4758792.458,5152927.856
Rubus chamaemorus,4569952.227,4839179.756
Rubus chamaemorus,4623770.784,3903437.569
Rubus chamaemorus,4405647.929,4078168.294
Rubus chamaemorus,4174106.693,4168058.351
Rubus chamaemorus,4631828.292,4039265.396
Rubus chamaemorus,4645307.272,3819996.524
Rubus chamaemorus,4570955.786,4430748.667
Rubus chamaemorus,4606713.291,4686793.553
Rubus chamaemorus,4413976.635,4537254.304
Rubus chamaemorus,4572567.104,3748607.628
Rubus chamaemorus,4513567.576,4685989.226
Rubus chamaemorus,4660928.343,4886919.973
Rubus chamaemorus,4833488.952,4659730.397
Rubus chamaemorus,4636615.301,4705011.349
Rubus chamaemorus,4461088.447,4620222.369
Rubus chamaemorus,4841962.68,5120845.685
Rubus chamaemorus,4725363.777,4007389.502
Rubus chamaemorus,4580571.773,4331492.157
Rubus chamaemorus,4955968.402999999,5349071.884
Rubus chamaemorus,4876204.971,4813498.37
Rubus chamaemorus,4470605.067,4230405.053
Rubus chamaemorus,4456317.926,4133826.776
Rubus chamaemorus,4651982.808,3700137.021
Rubus chamaemorus,4486652.538,3780846.446
Rubus chamaemorus,4509536.385,3751932.723
Rubus chamaemorus,4343618.586,4202025.99
Rubus chamaemorus,4875225.16,5170927.5
Rubus chamaemorus,4613925.978,3668319.899
Rubus chamaemorus,4560603.166,4004768.269
Rubus chamaemorus,4612695.79,4033139.012
Rubus chamaemorus,4623803.873,4204631.555
Rubus chamaemorus,4710529.562,3879611.176
Rubus chamaemorus,4104928.903,4087424.679
Rubus chamaemorus,4451770.63,4198775.583
Rubus chamaemorus,4764553.807999999,4135756.607
Rubus chamaemorus,4563900.771,3898345.579999999
Rubus chamaemorus,4731654.395999999,4108061.496
Rubus chamaemorus,4826489.704,4705517.218
Rubus chamaemorus,4285127.262,4139874.189
Rubus chamaemorus,4410541.55,4160618.768
Rubus chamaemorus,4074208.29,4040507.481
Rubus chamaemorus,4688688.643,3978884.866
Rubus chamaemorus,4708263.213,4400711.724
Rubus chamaemorus,4410993.327,4501534.119
Rubus chamaemorus,4607280.846,3692900.2499999995
Rubus chamaemorus,4574271.505,4179296.6299999994
Rubus chamaemorus,4245434.083,3944262.561
Rubus chamaemorus,4611759.737,3922213.481
Rubus chamaemorus,4625716.418,3889650.116
Rubus chamaemorus,4668278.403,4162813.016
Rubus chamaemorus,4640684.138,3999538.921
Rubus chamaemorus,4540451.309,4242881.75
Rubus chamaemorus,4160409.003,4044352.087
Rubus chamaemorus,4741041.73,4118775.7990000006
Rubus chamaemorus,4413279.853,4091314.93
Rubus chamaemorus,4716617.619,3886790.173
Rubus chamaemorus,4738484.867,4468690.603
Rubus chamaemorus,4179769.593,3986833.735
Rubus chamaemorus,4471412.828,4210536.262
Rubus chamaemorus,4928196.161,5122969.037
Rubus chamaemorus,4504269.091,4194333.851
Rubus chamaemorus,4391908.77,3962255.717
Rubus chamaemorus,4697173.192,4165227.429
Rubus chamaemorus,4424504.189,3997903.004
Rubus chamaemorus,4556703.644,4034090.808
Rubus chamaemorus,4860257.424,5050594.951
Rubus chamaemorus,4725712.948,4516257.006
Rubus chamaemorus,4560992.897,3637957.061
Rubus chamaemorus,4493583.855,4079167.944
Rubus chamaemorus,4470743.518,4421280.292
Rubus chamaemorus,4819545.799,5001722.636
Rubus chamaemorus,4652356.72,4601468.358
Rubus chamaemorus,4554892.432,3667639.037
Rubus chamaemorus,4468969.335,4345086.83
Rubus chamaemorus,4978160.771,5392244.111
Rubus chamaemorus,4189625.618,4178520.186
Rubus chamaemorus,4700219.814,4135382.988
Rubus chamaemorus,4719281.749,4551229.412
Rubus chamaemorus,4715903.133,4177660.178
Rubus chamaemorus,4578949.101,4140069.383
Rubus chamaemorus,4742684.242,4157732.615
Rubus chamaemorus,4844317.077,4835701.498
Rubus chamaemorus,4592561.069,4430755.289
Rubus chamaemorus,4591711.168,3820289.036
Rubus chamaemorus,4856246.246,4832346.257
Rubus chamaemorus,4297674.536,4213011.467
Rubus chamaemorus,4591996.784,4337231.969
Rubus chamaemorus,4598597.626,5030010.03
Rubus chamaemorus,4613023.681,4032844.895
Rubus chamaemorus,4924180.188,5296730.455
Rubus chamaemorus,4639108.737,4386141.614
Rubus chamaemorus,4910989.029000001,5135426.053
Rubus chamaemorus,4393587.451,4124622.746
Rubus chamaemorus,4470043.846,4345657.893
Rubus chamaemorus,4605081.341,4192596.507
Rubus chamaemorus,4624336.146,4183911.521
Rubus chamaemorus,4538181.782,4451950.78
Rubus chamaemorus,4706799.443,3926027.383
Rubus chamaemorus,4611013.723,4403243.048
Rubus chamaemorus,4529234.581,4135554.981
Rubus chamaemorus,4599417.473,4482479.094
Rubus chamaemorus,5069098.391,5340527.228
Rubus chamaemorus,4496690.561,4168021.533
Rubus chamaemorus,4778564.464,4151156.881
Rubus chamaemorus,4526672.966,4041847.6079999995
Rubus chamaemorus,4355664.105,4436884.424
Rubus chamaemorus,4686993.586,4043929.111
Rubus chamaemorus,4557841.353,3661597.757
Rubus chamaemorus,4561078.557,4434584.833
Rubus chamaemorus,4631213.765,3989796.868
Rubus chamaemorus,4883872.087,4952704.5879999995
Rubus chamaemorus,4586411.376,4156285.5940000005
Rubus chamaemorus,4474377.621,4292833.795
Rubus chamaemorus,4584340.427,4060722.71
Rubus chamaemorus,4872536.244,5267997.614
Rubus chamaemorus,4633482.905,4321008.009
Rubus chamaemorus,4175397.855,4102861.135
Rubus chamaemorus,4572364.566,4094953.447
Rubus chamaemorus,4751507.88,4118709.409
Rubus chamaemorus,4626402.468,3983038.654
Rubus chamaemorus,4420798.881,4268940.553
Rubus chamaemorus,4572837.063,4018917.357
Rubus chamaemorus,4445073.974,3928714.737
Rubus chamaemorus,4440034.09,3948391.781
Rubus chamaemorus,4713655.742,3976334.507
Rubus chamaemorus,4442041.771,4082838.701
Rubus chamaemorus,4603167.843,4502880.253
Rubus chamaemorus,4344332.271,4477925.734
Rubus chamaemorus,4624897.632,4298428.643
Rubus chamaemorus,4724681.319,4711929.877
Rubus chamaemorus,4780588.346,4136583.167
Rubus chamaemorus,4611122.899,4107147.652
Rubus chamaemorus,4451088.034,3809687.632
Rubus chamaemorus,4617752.27,3741886.676
Rubus chamaemorus,4521730.1,4639798.058
Rubus chamaemorus,4609923.058,3776731.73
Rubus chamaemorus,4808190.099999999,4733388.084
Rubus chamaemorus,4225884.758,4371236.622
Rubus chamaemorus,4380106.153,3976287.2
Rubus chamaemorus,4520299.927,3874292.355
Rubus chamaemorus,4554199.418,4542806.919
Rubus chamaemorus,4736749.061,4003364.52
Rubus chamaemorus,4782794.963,4970551.318
Rubus chamaemorus,4658373.911,3860987.4840000006
Rubus chamaemorus,4615601.332,3690211.457999999
Rubus chamaemorus,4499050.172,4017531.5569999996
Rubus chamaemorus,4594525.987,3841035.701
Rubus chamaemorus,4587575.597,4154737.332
Rubus chamaemorus,4537112.136,4262449.989
Rubus chamaemorus,4640915.725,4230969.358
Rubus chamaemorus,4312391.323,4446686.362
Rubus chamaemorus,4676828.642,3698153.624
Rubus chamaemorus,4763944.664,4490358.027
Rubus chamaemorus,4599872.592,4112263.925
Rubus chamaemorus,4164862.144,4070244.344
Rubus chamaemorus,4297539.12,4212681.427
Rubus chamaemorus,4724637.743,4021562.167
Rubus chamaemorus,4591909.055,4331411.897
Rubus chamaemorus,4549933.682,4608584.913
Rubus chamaemorus,4794423.379999999,4926811.953
Rubus chamaemorus,4603163.211,4416396.216
Rubus chamaemorus,4157868.567,4219675.844
Rubus chamaemorus,4839176.078,4625405.148
Rubus chamaemorus,4806366.981,4971754.746
Rubus chamaemorus,4457315.42,4414536.413
Rubus chamaemorus,4855018.688,4596237.125
Rubus chamaemorus,4913054.848,4930501.584
Rubus chamaemorus,4500385.758,4232985.98
Rubus chamaemorus,4555291.985,4666893.596
Rubus chamaemorus,4601933.682,4502408.997
Rubus chamaemorus,4822472.895,4119933.697
Rubus chamaemorus,4158212.868,4219383.818
Rubus chamaemorus,4744072.02,4144557.729
Rubus chamaemorus,4361942.766,4415645.594
Rubus chamaemorus,4342932.596,4478445.709
Rubus chamaemorus,4393019.125,4239886.787
Rubus chamaemorus,4440713.194,3983834.6960000005
Rubus chamaemorus,4817877.935,4854384.311
Rubus chamaemorus,4824226.504999999,5295005.507
Rubus chamaemorus,4774389.862,4036318.894
Rubus chamaemorus,4587216.401,3815390.587
Rubus chamaemorus,4516165.416,3824911.547
Rubus chamaemorus,4741859.685,3807904.171
Rubus chamaemorus,4760112.789,4774789.51
Rubus chamaemorus,4811195.801,4679767.306
Rubus chamaemorus,4433410.155,4308927.806
Rubus chamaemorus,4603607.637,3851653.918
Rubus chamaemorus,4267447.212,4199783.377
Rubus chamaemorus,4893786.271,4798712.085
Rubus chamaemorus,4535001.055,3876881.318
Rubus chamaemorus,4710858.312,4410413.534
Rubus chamaemorus,4480507.861,3772668.628
Rubus chamaemorus,4736860.267,4438216.937
Rubus chamaemorus,4667182.25,4417515.868
Rubus chamaemorus,4563692.983,4299399.196
Rubus chamaemorus,4685871.498,4549714.393
Rubus chamaemorus,4527323.241,4521231.578
Rubus chamaemorus,4606903.629,3867177.091
Rubus chamaemorus,4538276.195,4802902.765
Rubus chamaemorus,4270343.329,4016549.597
Rubus chamaemorus,4822631.915,4674319.634
Rubus chamaemorus,4584684.661,4174483.054
Rubus chamaemorus,4630308.768,4570637.083
Rubus chamaemorus,4722503.794,4508037.447
Rubus chamaemorus,4566603.534,4278206.374
Rubus chamaemorus,4743276.044,4499092.928
Rubus chamaemorus,4670468.031,3722067.639
Rubus chamaemorus,4677584.917,3693299.36
Rubus chamaemorus,4581381.296,3980708.624
Rubus chamaemorus,4696437.249,3768688.091
Rubus chamaemorus,4805433.047,4712006.805
Rubus chamaemorus,4345990.386,4037101.91
Rubus chamaemorus,4651207.343,4854229.16
Rubus chamaemorus,4679009.353,3907611.284
Rubus chamaemorus,4530583.937,3651908.151
Rubus chamaemorus,4560193.898,4518775.778
Rubus chamaemorus,4568407.745,3843983.624
Rubus chamaemorus,4684583.837,5225683.647
Rubus chamaemorus,4749963.860999999,4474086.552
Rubus chamaemorus,4541825.973,4547860.925
Rubus chamaemorus,4842305.647999999,4571719.26
Rubus chamaemorus,4646425.754,3804929.535
Rubus chamaemorus,4583934.084,4015847.135
Rubus chamaemorus,4690293.998,3827714.753
Rubus chamaemorus,4519833.722,4235635.029
Rubus chamaemorus,4633883.141,3959793.132
Rubus chamaemorus,4551661.899,4217762.404
Rubus chamaemorus,4686958.328,4589181.772
Rubus chamaemorus,4672291.773,4332567.436
Rubus chamaemorus,4977999.339,5392235.292
Rubus chamaemorus,4797222.617,4941688.908
Rubus chamaemorus,4578325.684,4405141.987
Rubus chamaemorus,4485697.158,4372567.518
Rubus chamaemorus,4371127.954,4147867.105
Rubus chamaemorus,4621578.047,4500090.002
Rubus chamaemorus,4594493.068,3900180.153
Rubus chamaemorus,4425708.911,3942024.431
Rubus chamaemorus,4858106.402000001,4787001.126
Rubus chamaemorus,4597196.686,3751002.960999999
Rubus chamaemorus,4624548.352,4509576.512
Rubus chamaemorus,4712999.119,4421271.396
Rubus chamaemorus,4716132.757,4071629.734
Rubus chamaemorus,4328885.854,4049034.8349999995
Rubus chamaemorus,4581632.92,4225447.724
Rubus chamaemorus,4540855.659,3931879.92
Rubus chamaemorus,4697189.534,4279853.753
Rubus chamaemorus,4744007.908,4654124.339
Rubus chamaemorus,4667793.241,3852460.989
Rubus chamaemorus,4843379.236999999,4884443.651
Rubus chamaemorus,4801188.317,4985502.405
Rubus chamaemorus,4550417.422,4238543.548
Rubus chamaemorus,4602817.528,3852637.467
Rubus chamaemorus,4815240.325,4699039.195
Rubus chamaemorus,4792937.943999999,4167121.062
Rubus chamaemorus,4539143.619,4451230.445
Rubus chamaemorus,4477041.91,4036600.926
Rubus chamaemorus,4707409.475,4170234.6960000005
Rubus chamaemorus,4218864.24,4411077.399
Rubus chamaemorus,4486108.861,3881923.016
Rubus chamaemorus,4628908.574,3849308.485
Rubus chamaemorus,4444086.148,4474812.413
Rubus chamaemorus,4896849.908,4819786.536
Rubus chamaemorus,4464832.391,4811859.123
Rubus chamaemorus,4848639.916,5296153.847
Rubus chamaemorus,4842037.166,5120929.578
Rubus chamaemorus,5010091.616,5341933.095
Rubus chamaemorus,4822851.862,4750524.906
Rubus chamaemorus,4748281.048,4593669.564
Rubus chamaemorus,4685868.497,4619737.285
Rubus chamaemorus,4871631.945,4793049.612000001
Rubus chamaemorus,4197773.407,4061969.391
Rubus chamaemorus,4598123.617,4557546.013
Rubus chamaemorus,4500208.044,4118149.076
Rubus chamaemorus,4663277.042,3855588.853
Rubus chamaemorus,4609058.883,4247666.187
Rubus chamaemorus,4555672.722,3598258.807
Rubus chamaemorus,4627806.252,4269592.199
Rubus chamaemorus,4108276.096,4374248.516
Rubus chamaemorus,4403832.456,3965599.255
Rubus chamaemorus,4464625.679,4069850.099
Rubus chamaemorus,4107981.821,4373905.553
Rubus chamaemorus,4740131.544,4022430.562
Rubus chamaemorus,4420984.304,3976150.12
Rubus chamaemorus,4420546.552,3850233.39
Rubus chamaemorus,4693089.723,3738489.191
Rubus chamaemorus,4901242.983,5281224.253
Rubus chamaemorus,4721906.63,4111804.467
Rubus chamaemorus,4652582.419,4095590.498
Rubus chamaemorus,4809478.673,3858240.067
Rubus chamaemorus,4396296.885,3994876.768
Rubus chamaemorus,4812304.223,4604569.325
Rubus chamaemorus,4871567.504,5031139.366
Rubus chamaemorus,4746898.362,4774548.472000001
Rubus chamaemorus,4524567.087,4070920.588
Rubus chamaemorus,4537490.194,4271950.413
Rubus chamaemorus,4414418.934,3957540.807
Rubus chamaemorus,4656235.497,4176967.312
Rubus chamaemorus,4402982.536,3960676.876
Rubus chamaemorus,4563836.074,3948460.522
Rubus chamaemorus,4561984.962,3736997.297
Rubus chamaemorus,4823393.634,5144967.612
Rubus chamaemorus,4423072.65,4350536.506
Rubus chamaemorus,4496457.941,3796167.423
Rubus chamaemorus,4530876.057,3771883.839
Rubus chamaemorus,4453132.207,3903441.439
Rubus chamaemorus,4682879.885,4223951.027
Rubus chamaemorus,4858626.699,4609081.572
Rubus chamaemorus,4363995.289,4459135.516
Rubus chamaemorus,4514071.309,3692387.167
Rubus chamaemorus,4668306.262,4427202.66
Rubus chamaemorus,4691602.274,3752979.028
Rubus chamaemorus,4634396.343,4419700.164
Rubus chamaemorus,4516094.126,3808432.926
Rubus chamaemorus,4760183.572,4189731.94
Rubus chamaemorus,4755680.218,4014660.638
Rubus chamaemorus,4077422.773,4223205.094
Rubus chamaemorus,4465518.089,4166709.403
Rubus chamaemorus,4782591.084,5201591.962
Rubus chamaemorus,4673202.257,4543196.124
Rubus chamaemorus,4387253.127,4641071.728
Rubus chamaemorus,4668632.94,4141633.111
Rubus chamaemorus,4588062.154,4136278.81
Rubus chamaemorus,4721521.974,3940750.0570000005
Rubus chamaemorus,4757762.265,4169290.71
Rubus chamaemorus,4833275.572,4745186.276
Rubus chamaemorus,4687543.44,4263967.576
Rubus chamaemorus,4440983.27,3878473.54
Rubus chamaemorus,4606292.33,3866615.159
Rubus chamaemorus,4680042.863,4508633.434
Rubus chamaemorus,4845305.147000001,4752343.229
Rubus chamaemorus,4727845.719,4042767.184
Rubus chamaemorus,4753960.688999999,4758528.045
Rubus chamaemorus,4120965.947,4014897.535
Rubus chamaemorus,4557107.729,3757778.578
Rubus chamaemorus,4681661.417,3878533.683
Rubus chamaemorus,4604909.426,4612296.034
Rubus chamaemorus,4076320.332,4044566.193
Rubus chamaemorus,4576111.65,4100876.8749999995
Rubus chamaemorus,4832680.651,4829923.028
Rubus chamaemorus,4676868.448,3923064.619
Rubus chamaemorus,4617406.269,3697753.851
Rubus chamaemorus,4581450.924,4105840.595
Rubus chamaemorus,4697225.678,4620473.656
Rubus chamaemorus,4684578.028,4539595.95
Rubus chamaemorus,4533901.286,4077169.461
Rubus chamaemorus,4579374.263,3824216.5309999995
Rubus chamaemorus,4445925.495,4053401.796
Rubus chamaemorus,4633003.232,4329408.163
Rubus chamaemorus,4798016.423,4553019.789
Rubus chamaemorus,4604042.719,4066424.614
Rubus chamaemorus,4631911.926,4099945.341
Rubus chamaemorus,4574483.473,3691949.233
Rubus chamaemorus,4785940.28,4172096.878
Rubus chamaemorus,4897168.784000001,4819651.41
Rubus chamaemorus,4911704.368999999,4928918.258
Rubus chamaemorus,4642670.046,3754038.92
Rubus chamaemorus,4660114.377,5076123.341
Rubus chamaemorus,4072654.352,4040125.0660000006
Rubus chamaemorus,4607073.483,4383460.3
Rubus chamaemorus,4597652.334,4146711.3390000006
Rubus chamaemorus,4880729.787,4878352.558
Rubus chamaemorus,4643647.879,4491012.774
Rubus chamaemorus,4575459.029,4284412.227
Rubus chamaemorus,4422427.916,4287048.962
Rubus chamaemorus,4514957.467,4878900.975
Rubus chamaemorus,4580909.835,4500483.706
Rubus chamaemorus,4577714.947,4265355.523
Rubus chamaemorus,4491005.478,3812573.144
Rubus chamaemorus,4455259.797,4384440.341
Rubus chamaemorus,4839363.409,4720835.757
Rubus chamaemorus,4788986.247,4587695.187
Rubus chamaemorus,4503619.997,4335196.182
Rubus chamaemorus,4686808.602,4904314.855000001
Rubus chamaemorus,4714284.953,4431546.25
Rubus chamaemorus,4593064.443,4432065.83
Rubus chamaemorus,4610395.908,4627481.285
Rubus chamaemorus,4550116.616,4133251.293
Rubus chamaemorus,4202092.344,3988785.858
Rubus chamaemorus,4271266.272,4115152.984
Rubus chamaemorus,4509581.566,4384687.492
Rubus chamaemorus,4652013.443,4750705.798
Rubus chamaemorus,4683253.343,3743475.843
Rubus chamaemorus,4759050.078000001,4144972.4750000006
Rubus chamaemorus,4636657.402,3824963.747
Rubus chamaemorus,4185824.148,4270966.831
Rubus chamaemorus,4745324.971,4509173.358
Rubus chamaemorus,4859826.21,5343777.919
Rubus chamaemorus,4817485.564,4804944.281
Rubus chamaemorus,4682798.676,3928591.523
Rubus chamaemorus,4776835.922,4006624.766
Rubus chamaemorus,4672992.144,4383468.309
Rubus chamaemorus,4665188.236,4307309.905
Rubus chamaemorus,4619293.944,4023170.152
Rubus chamaemorus,4333187.462,4198988.194
Rubus chamaemorus,4796036.853,4896091.817
Rubus chamaemorus,4711697.785,4040803.461
Rubus chamaemorus,4155167.635,3913250.75
Rubus chamaemorus,4857885.875,5246759.166
Rubus chamaemorus,4693884.106,5164036.619
Rubus chamaemorus,4796033.714999999,4062525.888
Rubus chamaemorus,4325763.931,4403733.066
Rubus chamaemorus,4554334.75,4083294.16
Rubus chamaemorus,4588354.642,4156108.56
Rubus chamaemorus,4584388.021,4447066.304
Rubus chamaemorus,4475810.439,3886168.6639999994
Rubus chamaemorus,5070946.134,5274241.112
Rubus chamaemorus,4549980.207,5037972.063
Rubus chamaemorus,4617996.57,4378543.727
Rubus chamaemorus,4716185.972,4541768.812
Rubus chamaemorus,4664812.584,3826369.378
Rubus chamaemorus,4478983.013,4817290.538999999
Rubus chamaemorus,4588656.651,5000923.033
Rubus chamaemorus,4612811.713,4092714.512
Rubus chamaemorus,4634804.321,4586018.502
Rubus chamaemorus,4660667.463,4617147.856
Rubus chamaemorus,4718262.149,4046310.47
Rubus chamaemorus,4640935.38,4240177.062
Rubus chamaemorus,4650138.084,3885286.246
Rubus chamaemorus,4654671.763,3709219.501
Rubus chamaemorus,4557263.525,3852794.224
Rubus chamaemorus,4453978.298,4064997.176
Rubus chamaemorus,4702262.982,3919724.658
Rubus chamaemorus,4876181.124,4997528.029999999
Rubus chamaemorus,4391061.881,4288103.854
Rubus chamaemorus,4580816.026,3644526.491
Rubus chamaemorus,4486599.986,4372985.042
Rubus chamaemorus,4504461.01,4503726.909
Rubus chamaemorus,4833680.983000001,5135279.789
Rubus chamaemorus,4543275.425,4398386.666
Rubus chamaemorus,4560036.628,3827704.777
Rubus chamaemorus,4222438.156,3918710.34
Rubus chamaemorus,4660161.307,3771646.791
Rubus chamaemorus,4575517.776,4395298.28
Rubus chamaemorus,4624177.509,4194270.705
Rubus chamaemorus,4691909.081,4340097.266
Rubus chamaemorus,4809050.415,4897627.085
Rubus chamaemorus,4880947.482,4789462.236
Rubus chamaemorus,4457740.285,3975797.088
Rubus chamaemorus,4292911.113,4137709.0709999995
Rubus chamaemorus,4827607.252,4789819.746
Rubus chamaemorus,4413733.396,3939913.562
Rubus chamaemorus,4437104.162,4565922.054
Rubus chamaemorus,4418771.922,3957030.8130000005
Rubus chamaemorus,4696364.455,3819994.289
Rubus chamaemorus,4286096.365,4372561.587
Rubus chamaemorus,4680502.763,4344490.883
Rubus chamaemorus,4492442.308,3856553.369
Rubus chamaemorus,4537734.331,4025800.637
Rubus chamaemorus,4679937.846,4243637.401
Rubus chamaemorus,4097295.254,4205621.216
Rubus chamaemorus,4174033.004,4167972.7
Rubus chamaemorus,4799720.687000001,4987355.177
Rubus chamaemorus,4467335.218,3860225.624
Rubus chamaemorus,4754676.842,4089394.211
Rubus chamaemorus,4673575.592,3843095.641
Rubus chamaemorus,4520321.776,4545672.684
Rubus chamaemorus,4799788.287,4142373.225
Rubus chamaemorus,4851322.505,4811337.305
Rubus chamaemorus,4623015.527,4043614.135
Rubus chamaemorus,4926636.383,4881897.984
Rubus chamaemorus,4468379.485,3970962.904
Rubus chamaemorus,4659057.038,4617048.803
Rubus chamaemorus,4682876.597,4724632.14
Rubus chamaemorus,4624608.434,4510265.591
Rubus chamaemorus,4610464.136,3762190.577
Rubus chamaemorus,4444664.499,4054635.055
Rubus chamaemorus,4306921.868,4415092.309
Rubus chamaemorus,4438684.147,3903102.936
Rubus chamaemorus,4507128.73,4363870.074
Rubus chamaemorus,4838505.364,3871623.848
Rubus chamaemorus,4586585.365,4050574.249
Rubus chamaemorus,4745433.823,4698900.5
Rubus chamaemorus,4550699.499,4228119.965
Rubus chamaemorus,4083592.1940000006,4136115.622
Rubus chamaemorus,4566491.888,3884270.797
Rubus chamaemorus,4875374.214,5171094.937
Rubus chamaemorus,4837272.144,4945908.335
Rubus chamaemorus,4604373.923,3835855.686
Rubus chamaemorus,4473709.633,3901009.906
Rubus chamaemorus,4657012.1,3755009.393
Rubus chamaemorus,4741768.019,5237106.793
Rubus chamaemorus,4448563.72,4577509.637
Rubus chamaemorus,4841849.948999999,4815439.637
Rubus chamaemorus,4693291.434,4438881.32
Rubus chamaemorus,4597777.902,4472143
Rubus chamaemorus,4859430.111,5234403.885
Rubus chamaemorus,4560069.534,3828299.425
Rubus chamaemorus,4606052.578,4172484.957
Rubus chamaemorus,4630779.249,4688234.947
Rubus chamaemorus,4132940.23,4049360.246
Rubus chamaemorus,4442952.214,3909042.414
Rubus chamaemorus,4917965.24,4895988.913
Rubus chamaemorus,4692564.909,3699372.109
Rubus chamaemorus,4308155.625,4479117.403
Rubus chamaemorus,4619385.81,4245217.719
Rubus chamaemorus,4225409.097,4413092.976
Rubus chamaemorus,4615855.909,4002313.172
Rubus chamaemorus,4783018.56,4157264.494999999
Rubus chamaemorus,5010963.165,5395099.662999999
Rubus chamaemorus,4416989.483,4489353.063
Rubus chamaemorus,4493281.609,4077646.245
Rubus chamaemorus,4705756.481,4530482.896
Rubus chamaemorus,4537518.338,3740849.493
Rubus chamaemorus,4650001.242,4245896.719
Rubus chamaemorus,4455183.866,3825733.8339999993
Rubus chamaemorus,4225360.519,4412690.185
Rubus chamaemorus,4575627.385,3715052.575
Rubus chamaemorus,4442058.042,3967678.36
Rubus chamaemorus,4078356.502,4242145.126
Rubus chamaemorus,4715476.215,4121915.921
Rubus chamaemorus,4416909.657,4560994.176
Rubus chamaemorus,4555324.711,4402449.781
Rubus chamaemorus,4649974.469,4530607.214
Rubus chamaemorus,4861118.446,5187405.146
Rubus chamaemorus,4083662.64,4218404.909
Rubus chamaemorus,4539837.605,3946702.504
Rubus chamaemorus,4449096.116,4977742.961
Rubus chamaemorus,4843654.845000001,5170988.869
Rubus chamaemorus,4727613.852,3746014.687
Rubus chamaemorus,4699597.493,4009505.242
Rubus chamaemorus,4675116.929,3888333.475
Rubus chamaemorus,4499858.722,4473678.027
Rubus chamaemorus,4811725.963,4912693.156
Rubus chamaemorus,4797186.525,4726569.916
Rubus chamaemorus,4442074.533,3918816.345
Rubus chamaemorus,4675195.355,4012678.457
Rubus chamaemorus,4618946.706,4368499.657
Rubus chamaemorus,4506557.253,3759623.119
Rubus chamaemorus,4570138.203,4514183.627
Rubus chamaemorus,4436462.354,4028288.163
Rubus chamaemorus,4481839.314,4352212.416
Rubus chamaemorus,4481446.523,4806445.306
Rubus chamaemorus,4570198.066,4239845.74
Rubus chamaemorus,4524592.067,3784580.578
Rubus chamaemorus,4238836.861,4255167.966
Rubus chamaemorus,4752110.075,4549548.883
Rubus chamaemorus,4785783.235,4641778.857
Rubus chamaemorus,4218975.743,4410687.335
Rubus chamaemorus,4813813.779,5200997.243
Rubus chamaemorus,4652772.602,3795256.724000001
Rubus chamaemorus,4821114.22,4590309.124
Rubus chamaemorus,4575666.196,4065376.925
Rubus chamaemorus,4654423.744,4082533.182
Rubus chamaemorus,4746243.076,4013130.3670000006
Rubus chamaemorus,4504223.529,4068986.351
Rubus chamaemorus,4460085.616,3994322.024
Rubus chamaemorus,4526460.294,4604670.694
Rubus chamaemorus,4666641.214,4603963.951
Rubus chamaemorus,4671806.674,3756980.304
Rubus chamaemorus,4690790.491,4420238.726
Rubus chamaemorus,4474131.154,4055796.01
Rubus chamaemorus,4928573.539,5212927.306
Rubus chamaemorus,4674507.962,4468271.391
Rubus chamaemorus,4923857.488,5296711.891
Rubus chamaemorus,4335021.953,4498314.559
Rubus chamaemorus,4665409.663,4172336.299
Rubus chamaemorus,4646909.935,4161868.634
Rubus chamaemorus,4754367.472,4559095.785
Rubus chamaemorus,4856611.953000001,5012017.245000001
Rubus chamaemorus,4668414.841,3737559.8739999994
Rubus chamaemorus,4679585.373,4509148.669
Rubus chamaemorus,4579174.694,3730594.284
Rubus chamaemorus,4213443.594,4411643.617
Rubus chamaemorus,4606617.43,4162956.477999999
Rubus chamaemorus,4698390.065,5146571.523
Rubus chamaemorus,4548641.478,3607752.920999999
Rubus chamaemorus,4494458.006,4177769.803
Rubus chamaemorus,4661817.197,4536151.545
Rubus chamaemorus,4537262.178,3801466.001
Rubus chamaemorus,4445626.55,4495112.059
Rubus chamaemorus,4558515.959,4262372.181
Rubus chamaemorus,4605088.322,4182878.556
Rubus chamaemorus,4487035.959,4157737.175
Rubus chamaemorus,5055771.52,5330876.349
Rubus chamaemorus,4578433.393,3960625.793
Rubus chamaemorus,4733518.948000001,4667864.495
Rubus chamaemorus,4740560.667999999,4068630.505
Rubus chamaemorus,4602498.03,3850990.563
Rubus chamaemorus,4772189.689,4626232.62
Rubus chamaemorus,4859255.15,5189767.684
Rubus chamaemorus,4162906.822,4027986.849
Rubus chamaemorus,4662838.496,4046187.835
Rubus chamaemorus,4586922.054,4110224.119
Rubus chamaemorus,4547894.812,3967192.15
Rubus chamaemorus,4878041.853,4833325.016
Rubus chamaemorus,4735044.344,4741810.317
Rubus chamaemorus,4557973.206,3854006.947
Rubus chamaemorus,4846246.86,4611890.111
Rubus chamaemorus,4099412.658,4289975.053
Rubus chamaemorus,4643456.585,4200922.118
Rubus chamaemorus,4553614.402,4298125.645
Rubus chamaemorus,4144716.708,4175901.785
Rubus chamaemorus,4818183.779,4635111.859
Rubus chamaemorus,4747562.387,4033424.769
Rubus chamaemorus,4243070.275,4201995.648
Rubus chamaemorus,4747458.317,4773289.4180000005
Rubus chamaemorus,4727370.373,4452824.749
Rubus chamaemorus,4658342.4,4156903.46
Rubus chamaemorus,4632443.245,4319633.036
Rubus chamaemorus,4879249.703,5342873.105
Rubus chamaemorus,4559430.841,4253260.622
Rubus chamaemorus,4878915.259,5306860.803
Rubus chamaemorus,4753602.729,5172830.79
Rubus chamaemorus,4670678.743,3882072.901
Rubus chamaemorus,4972781.604,5328876.191
Rubus chamaemorus,4716633.985,4801099.778
Rubus chamaemorus,4577764.007,4275357.278
Rubus chamaemorus,4412046.801,4077820.042
Rubus chamaemorus,4871014.478,5030440.578
Rubus chamaemorus,4790132.02,4132319.088
Rubus chamaemorus,4511116.174,3731751.473
Rubus chamaemorus,4919400.358000001,4822395.223
Rubus chamaemorus,4199873.895,4104424.614
Rubus chamaemorus,4208978.574,4247162.4
Rubus chamaemorus,4572111.357,3749275.883000001
Rubus chamaemorus,4687014.976,4274962.71
Rubus chamaemorus,4652144.635,4551735.363
Rubus chamaemorus,4808502.896,4584660.868
Rubus chamaemorus,4645879.135,3769955.779
Rubus chamaemorus,4841515.409,5174819.655
Rubus chamaemorus,4460792.283,4619881.312
Rubus chamaemorus,4561677.583,4604208.515
Rubus chamaemorus,4519666.423,3664951.955
Rubus chamaemorus,4632036.875,3864409.004
Rubus chamaemorus,4586194.836,3815152.461
Rubus chamaemorus,4873342.003,5322009.735
Rubus chamaemorus,4695868.091,4888032.489
Rubus chamaemorus,4793349.905,4101836.6080000005
Rubus chamaemorus,4680731.911,3708070.018
Rubus chamaemorus,4682346.988,3974379.848
Rubus chamaemorus,4689630.23,4014449.923
Rubus chamaemorus,4502359.006,4204481.391
Rubus chamaemorus,4171979.619999999,4212648.95
Rubus chamaemorus,4733197.807,4668901.895
Rubus chamaemorus,4529097.752,4446222.409
Rubus chamaemorus,4637572.99,4105735.9950000006
Rubus chamaemorus,4643469.639,4719348.728
Rubus chamaemorus,4843283.027,3881128.112
Rubus chamaemorus,4765732.919,4984063.803
Rubus chamaemorus,4878509.824,5006230.497
Rubus chamaemorus,4469588.56,4346359.364
Rubus chamaemorus,4394776.475,3923440.005
Rubus chamaemorus,4551822.935,3818050.4660000005
Rubus chamaemorus,4904770.960000001,4955108.404000001
Rubus chamaemorus,4466600.995,3969715.842
Rubus chamaemorus,4515179.992,4879155.964
Rubus chamaemorus,4595481.041,4611964.93
Rubus chamaemorus,4543986.666,4071732.873
Rubus chamaemorus,4688872.491,4274193.685
Rubus chamaemorus,4292131.714,4260711.577
Rubus chamaemorus,4650372.732,3760928.783
Rubus chamaemorus,4467893.49,3895779.126
Rubus chamaemorus,4789917.588,5254865.668
Rubus chamaemorus,4414152.654,4355184.179
Rubus chamaemorus,4789912.634999999,4132529.311
Rubus chamaemorus,4859463.107000001,4766449.316000001
Rubus chamaemorus,4934962.500000001,5249817.188
Rubus chamaemorus,4377682.498,4588010.259
Rubus chamaemorus,4515279.433,4878924.511000001
Rubus chamaemorus,4526163.318,3761393.625
Rubus chamaemorus,4913522.98,4855703.504000001
Rubus chamaemorus,4096054.139,4325908.255
Rubus chamaemorus,4770833.575,4065934.791
Rubus chamaemorus,4627551.743,3813554.36
Rubus chamaemorus,4537046.504,4801320.534
Rubus chamaemorus,4623203.001,3917887.236
Rubus chamaemorus,4604976.634,4297118.185
Rubus chamaemorus,4715092.605,4367272.94
Rubus chamaemorus,4335026.589,4360522.636
Rubus chamaemorus,4655582.184,4175700.246
Rubus chamaemorus,4524743.867,4726737.158
Rubus chamaemorus,4737111.615,4113337.194
Rubus chamaemorus,4073938.598,4040885.273
Rubus chamaemorus,4671985.902,4227408.661
Rubus chamaemorus,4672968.759,4767600.722999999
Rubus chamaemorus,4750263.991,4475631.265
Rubus chamaemorus,4532363.972,4835895.882
Rubus chamaemorus,4490050.863,4127516.374
Rubus chamaemorus,4567847.18,4144758.272
Rubus chamaemorus,4787652.677,4651731.704
Rubus chamaemorus,4717269.877,4542212.854
Rubus chamaemorus,4965028.782,5325383.804
Rubus chamaemorus,4753459.97,4484045.164
Rubus chamaemorus,4868575.276000001,4762450.691
Rubus chamaemorus,4644005.553,3712843.147
Rubus chamaemorus,4544057.255,4183162.134
Rubus chamaemorus,4813960.8270000005,4763921.541
Rubus chamaemorus,4508114.448,4550472.761
Rubus chamaemorus,4266902.788,4449880.508
Rubus chamaemorus,4701119.695,4346356.328
Rubus chamaemorus,4741252.224999999,4459474.224
Rubus chamaemorus,4505529.317,4512940.914
Rubus chamaemorus,4717303.341,4651462.974
Rubus chamaemorus,4565607.762,4069487.825
Rubus chamaemorus,4221907.905,4484605.187
Rubus chamaemorus,4535204.355,3816261.318
Rubus chamaemorus,4798578.11,4672722.335
Rubus chamaemorus,4837186.604,3831785.511
Rubus chamaemorus,4436626.368,4027346.44
Rubus chamaemorus,4728870.139,4726014.323
Rubus chamaemorus,4465518.011,4164808.179
Rubus chamaemorus,4473054.669,4202376.371
Rubus chamaemorus,4895346.057,4968895.295
Rubus chamaemorus,4625240.524,4309588.649
Rubus chamaemorus,4563242.277,4194013.234
Rubus chamaemorus,4619645.485,3788495.891
Rubus chamaemorus,4643818.214,3724638.155
Rubus chamaemorus,4770475.618,4075848.667
Rubus chamaemorus,4511854.518,4645100.629
Rubus chamaemorus,4653932.559,3965242.149
Rubus chamaemorus,4715443.152,4465997.245
Rubus chamaemorus,4911483.013,4929845.889
Rubus chamaemorus,4450785.973,3993657.274
Rubus chamaemorus,4780538.775,4121712.388
Rubus chamaemorus,4451600.281,4105473.181
Rubus chamaemorus,4895790.134,4809814.484
Rubus chamaemorus,4668355.807,3852361.698
Rubus chamaemorus,4308029.703,4395618.616
Rubus chamaemorus,4671619.191,3868412.9350000005
Rubus chamaemorus,4785154.411,4632329.614
Rubus chamaemorus,4499554.436,3883097.876
Rubus chamaemorus,4576052.127,3644061.174
Rubus chamaemorus,4332769.197,4199196.352
Rubus chamaemorus,4483495.707,4513125.102
Rubus chamaemorus,4682734.914,4527726.251
Rubus chamaemorus,4636995.706,4104846.638
Rubus chamaemorus,4511949.994,3750092.831
Rubus chamaemorus,4228763.26,4241483.327
Rubus chamaemorus,4835771.649000001,4839628.841999999
Rubus chamaemorus,5110921.974,5291104.774
Rubus chamaemorus,4600186.36,3721620.3080000007
Rubus chamaemorus,4748101.726000001,4445106.676
Rubus chamaemorus,4718914.234,4696460.904
Rubus chamaemorus,4648007.023,4661019.807
Rubus chamaemorus,4501065.921,3868727.887
Rubus chamaemorus,4537442.917,4037043.027
Rubus chamaemorus,4453746.455,4074086.536
Rubus chamaemorus,4690837.538,3828455.368
Rubus chamaemorus,4895257.652,4810313.558
Rubus chamaemorus,4631910.627,4114257.648
Rubus chamaemorus,4583018.842,3680621.042
Rubus chamaemorus,4911803.414,4919577.288
Rubus chamaemorus,4628675.669,3968873.649
Rubus chamaemorus,4628090.844,3923920.316
Rubus chamaemorus,4682791.643,4324097.029
Rubus chamaemorus,4765445.779,4575249.106
Rubus chamaemorus,4621376.133,4234116.778
Rubus chamaemorus,4632903.045,4660618.879
Rubus chamaemorus,4463273.014,4079336.66
Rubus chamaemorus,4425819.54,3938336.513
Rubus chamaemorus,4593296.487,4312855.611
Rubus chamaemorus,4730434.973,4072167.17
Rubus chamaemorus,4662179.317,3856301.131
Rubus chamaemorus,4507417.67,4144820.9759999993
Rubus chamaemorus,4482953.173,3861720.501
Rubus chamaemorus,4233963.233,3941235.991
Rubus chamaemorus,4946071.914,4842312.237
Rubus chamaemorus,4663133.779,3746966.793
Rubus chamaemorus,4756497.176,5175732.539000001
Rubus chamaemorus,4691988.413,4349126.405
Rubus chamaemorus,4363366.728,4390977.735
Rubus chamaemorus,4688983.601,4144935.115
Rubus chamaemorus,4905647.942,4890446.285
Rubus chamaemorus,4518417.795,4264376.294
Rubus chamaemorus,4564053.612,3723085.188
Rubus chamaemorus,4465983.829,3985947.885
Rubus chamaemorus,4749799.598,4019378.115
Rubus chamaemorus,4505027.542,3889183.48
Rubus chamaemorus,4072072.345,4065023.231
Rubus chamaemorus,4540407.506,4526751.297
Rubus chamaemorus,4698774.794,4270186.761
Rubus chamaemorus,4722775.474,4637329.259
Rubus chamaemorus,4920316.694,4916445.478
Rubus chamaemorus,4446866.121,4043432.036
Rubus chamaemorus,4602985.866,4716035.469
Rubus chamaemorus,4612618.913,5139996.458
Rubus chamaemorus,4676245.77,4122455.987
Rubus chamaemorus,4787156.469,4737712.667999999
Rubus chamaemorus,4542416.437,3746611.15
Rubus chamaemorus,4241640.109,4015370.637
Rubus chamaemorus,4827818.838,4630267.594
Rubus chamaemorus,4577362.99,4170550.923
Rubus chamaemorus,4493473.013,3743483.577
Rubus chamaemorus,4405500.011,4077997.3280000007
Rubus chamaemorus,4313835.811,4170779.126
Rubus chamaemorus,4693871.192,3849793.625
Rubus chamaemorus,4340911.483,4276245.999
Rubus chamaemorus,4883905.391,4899823.589
Rubus chamaemorus,4516930.413,3777312.624
Rubus chamaemorus,4692330.118,4844896.294
Rubus chamaemorus,4644351.989,3894590.021
Rubus chamaemorus,4470780.97,3880384.634
Rubus chamaemorus,4469714.705,4410471.078
Rubus chamaemorus,4585650.706,4060198.253
Rubus chamaemorus,4719081.837,4030872.426
Rubus chamaemorus,4879324.991,5306805.949
Rubus chamaemorus,4586347.379,4061430.977
Rubus chamaemorus,4663566.469,4632781.472
Rubus chamaemorus,4551659.647,4299569.963
Rubus chamaemorus,4815995.946,4115141.524
Rubus chamaemorus,4553311.566,4467007.17
Rubus chamaemorus,4496825.522,3818180.178
Rubus chamaemorus,4555701.257,3713530.4419999993
Rubus chamaemorus,4743831.078,4144816.967
Rubus chamaemorus,4663850.785,4307363.902
Rubus chamaemorus,4666700.841,3762284.453
Rubus chamaemorus,4603523.554,4978543.838
Rubus chamaemorus,4634638.247,3839973.459
Rubus chamaemorus,4733070.85,4091857.2160000005
Rubus chamaemorus,4617030.451,3698316.629
Rubus chamaemorus,4645080.126,4080430.86
Rubus chamaemorus,4088743.882,3974183.784
Rubus chamaemorus,4667961.271,4266949.153
Rubus chamaemorus,4673092.371,3807264.707
Rubus chamaemorus,4683506.769,3742042.525
Rubus chamaemorus,4593864.284,3840791.58
Rubus chamaemorus,4892510.714,5032838.131
Rubus chamaemorus,4552771.679,3803197.746
Rubus chamaemorus,4451744.492,3854045.436
Rubus chamaemorus,4582527.166,4521707.308
Rubus chamaemorus,4506217.431,4163948.4090000005
Rubus chamaemorus,4355885.827,4437140.88
Rubus chamaemorus,4554621.93,4394497.062
Rubus chamaemorus,4480921.161,4491176.08
Rubus chamaemorus,4452050.841,3919247.3139999993
Rubus chamaemorus,4643053,3723967.2459999993
Rubus chamaemorus,4835624.946,5252828.407
Rubus chamaemorus,4646223.427,4616226.719
Rubus chamaemorus,4600228.233,4062648.224
Rubus chamaemorus,4573466.206,3969539.9830000005
Rubus chamaemorus,4710451.078,3770744.929
Rubus chamaemorus,4513938.096,4686414.894
Rubus chamaemorus,4702763.732,4044960.199
Rubus chamaemorus,4497545.731,3753463.677
Rubus chamaemorus,4601431.131,3816103.262
Rubus chamaemorus,4537690.159,3912118.817
Rubus chamaemorus,4486782.647,4382739.199
Rubus chamaemorus,4441981.824,3874370.6699999995
Rubus chamaemorus,4602118.196,3740825.939
Rubus chamaemorus,4668373.524,4573143.09
Rubus chamaemorus,4580013.075,4245495.913
Rubus chamaemorus,4503261.315,3793835.375
Rubus chamaemorus,4668179.1,4098731.6830000007
Rubus chamaemorus,4498847.351,4243062.787
Rubus chamaemorus,4631851.425,4614272.208
Rubus chamaemorus,4892010.403000001,5226694.250000001
Rubus chamaemorus,4698792.217,3839584.367
Rubus chamaemorus,4649070.508,4371481.358
Rubus chamaemorus,4495249.121,3778031.828
Rubus chamaemorus,4514202.922,4505157.625
Rubus chamaemorus,4629732.583,4350647.941
Rubus chamaemorus,4400852.649,4645775.556
Rubus chamaemorus,4338766.985,4129524.495
Rubus chamaemorus,4606685.182,3692135.869999999
Rubus chamaemorus,4507168.347,4649461.941
Rubus chamaemorus,4607934.382,3902628.811
Rubus chamaemorus,4472648.446,3791185.081
Rubus chamaemorus,4670098.357,4571768.09
Rubus chamaemorus,4503832.532,3696347.834
Rubus chamaemorus,4842061.063,3864824.09
Rubus chamaemorus,4986598.471,5318104.513
Rubus chamaemorus,4434050.786,4742590.451
Rubus chamaemorus,4676711.024,4167586.942
Rubus chamaemorus,4847777.322999999,4707842.791
Rubus chamaemorus,4503308.264,4088446.068
Rubus chamaemorus,4714295.861,3951596.348
Rubus chamaemorus,4482431.86,4082182.283
Rubus chamaemorus,4711903.496,4636228.343
Rubus chamaemorus,4787373.19,4556807.07
Rubus chamaemorus,4801462.266,4986827.027
Rubus chamaemorus,4511730.678,4309119.702
Rubus chamaemorus,4446581.037,4700463.06
Rubus chamaemorus,4434769.766,4119583.668
Rubus chamaemorus,4747037.348,5042650.082
Rubus chamaemorus,4576805.531,4099054.516
Rubus chamaemorus,4676703.8,4179628.093
Rubus chamaemorus,4836437.957,4974565.904
Rubus chamaemorus,4345990.08,4157897.946
Rubus chamaemorus,4567894.732,4494225.581
Rubus chamaemorus,4635976.39,3759392.025
Rubus chamaemorus,4839406.288000001,4956015.544
Rubus chamaemorus,4607457.707,3917126.963
Rubus chamaemorus,4533318.144,3671384.124
Rubus chamaemorus,4769885.938,4530990.274
Rubus chamaemorus,4875223.311000001,4823903.644
Rubus chamaemorus,4715423.278,4186986.531
Rubus chamaemorus,4582606.891,3980175.784
Rubus chamaemorus,4486380.954,4287722.08
Rubus chamaemorus,4659877.935,3725942.28
Rubus chamaemorus,4927984.697,5122560.355
Rubus chamaemorus,4581494.471,4226511.857
Rubus chamaemorus,4722546.421,3755463.66
Rubus chamaemorus,4633140.606,5081894.83
Rubus chamaemorus,4628735.17,3848591.997
Rubus chamaemorus,4484670.683,3781723.192
Rubus chamaemorus,4921392.176,4917019.54
Rubus chamaemorus,4499404.126,5022036.866000001
Rubus chamaemorus,4652686.794,4390302.166
Rubus chamaemorus,4534229.161,3831249.424
Rubus chamaemorus,4620646.469,3757995.3530000006
Rubus chamaemorus,4775643.260999999,4561619.734
Rubus chamaemorus,4585046.753,4887012.853
Rubus chamaemorus,4564237.777,3768468.585
Rubus chamaemorus,4777026.528,5237145.56
Rubus chamaemorus,4638747.095,4461588.465
Rubus chamaemorus,4706959.175,3815088.5
Rubus chamaemorus,4571832.142,3924136.418
Rubus chamaemorus,4531272.449,4541777.327
Rubus chamaemorus,4599991.824,4128085.295
Rubus chamaemorus,4822586.904,4673782.782
Rubus chamaemorus,4484357.704,4072320.923
Rubus chamaemorus,4415398.991,4598034.702
Rubus chamaemorus,4692090.426,4439967.496
Rubus chamaemorus,4221061.673,4452057.001
Rubus chamaemorus,4260744.791,4470339.034
Rubus chamaemorus,4306224.931,4272519.923
Rubus chamaemorus,4537791.868,4451712.429
Rubus chamaemorus,4469918.764,3836342.165
Rubus chamaemorus,4501891.199,4109653.587
Rubus chamaemorus,4576491.2,4479792.574
Rubus chamaemorus,4729014.877,3730769.558
Rubus chamaemorus,4818774.981999999,4579356.517
Rubus chamaemorus,4511593.143,4319978.301
Rubus chamaemorus,4711267.411,3821306.1
Rubus chamaemorus,4646280.811,4006020.845
Rubus chamaemorus,4428866.516,4506109.61
Rubus chamaemorus,4633025.131,5147934.792
Rubus chamaemorus,4516219.587,4043837.374
Rubus chamaemorus,4547166.034,3687429.458
Rubus chamaemorus,4668710.856,4152468.599
Rubus chamaemorus,4504514.608,3888048.901
Rubus chamaemorus,4620025.996,4138733.984
Rubus chamaemorus,4478128.43,4141119.814
Rubus chamaemorus,4844254.220000001,4741407.326
Rubus chamaemorus,4602224.267,3801135.581
Rubus chamaemorus,4511715.341,3864800.899
Rubus chamaemorus,4825214.102,3840179.022
Rubus chamaemorus,4707675.955,4171421.12
Rubus chamaemorus,4208642.883,4418341.447
Rubus chamaemorus,4466808.473,4040712.952
Rubus chamaemorus,4478323.08,3890698.033
Rubus chamaemorus,4483289.544,4426493.8
Rubus chamaemorus,4661926.196,4327011.008
Rubus chamaemorus,4834845.776,5326877.917
Rubus chamaemorus,4646396.562,3769808.0339999995
Rubus chamaemorus,4656791.154,3765645.384
Rubus chamaemorus,4716615.021,4292479.348
Rubus chamaemorus,4695605.912,3758885.193
Rubus chamaemorus,4864512.599,4647773.696
Rubus chamaemorus,4609493.053,4246948.142
Rubus chamaemorus,4495339.846,4628835.965
Rubus chamaemorus,4456098.192,4034244.155
Rubus chamaemorus,4644290.567,4191773.23
Rubus chamaemorus,4837683.009,4626089.906
Rubus chamaemorus,4496911.32,4641991.144
Rubus chamaemorus,4433407.146,4008086.4249999993
Rubus chamaemorus,4756733.766,4124411.527
Rubus chamaemorus,4820343.421,4120088.493
Rubus chamaemorus,4463869.92,3890401.4
Rubus chamaemorus,4141112.971,4192999.9999999995
Rubus chamaemorus,4821257.799,4750056.009
Rubus chamaemorus,4491939.994,4208502.233
Rubus chamaemorus,4523564.435,3895382.129
Rubus chamaemorus,4521665.317,4225805.211
Rubus chamaemorus,4466635.08,3910887.68
Rubus chamaemorus,4507158.434,4459091.322
Rubus chamaemorus,4141728.3679999993,4031833.798
Rubus chamaemorus,4618412.517,4254962.578
Rubus chamaemorus,4527654.617,4436278.799
Rubus chamaemorus,4616223.377,4533272.072
Rubus chamaemorus,4662489.082,4222330.431
Rubus chamaemorus,4524193.895,3785117.707
Rubus chamaemorus,4772000.392999999,4531533.122
Rubus chamaemorus,4566575.334,3803395.03
Rubus chamaemorus,4681045.995,3768052.108
Rubus chamaemorus,4665974.269,4061664.692
Rubus chamaemorus,4569896.503,3939055.667
Rubus chamaemorus,4748320.352,3813207.605999999
Rubus chamaemorus,4560318.86,4897939.732
Rubus chamaemorus,4831646.899,3830221.453
Rubus chamaemorus,4663346.476,3745801.074
Rubus chamaemorus,4790796.712,4662963.805
Rubus chamaemorus,4576419.735,3695159.043
Rubus chamaemorus,4855061.91,5000766.318
Rubus chamaemorus,4738001.106,4147551.5030000005
Rubus chamaemorus,4871370.066,5170516.708
Rubus chamaemorus,4575779.739,3930181.581
Rubus chamaemorus,4470675.084,4096745.624
Rubus chamaemorus,4882205.191,5026307.528
Rubus chamaemorus,4539277.24,4292629.245
Rubus chamaemorus,4676362.311,3887099.298
Rubus chamaemorus,4641172.904,4221534.809
Rubus chamaemorus,4620663.277,4128903.274
Rubus chamaemorus,4481367.997,5024437.676
Rubus chamaemorus,4697272.482,3929733.611
Rubus chamaemorus,4621959.327,4488607.956
Rubus chamaemorus,4631150.981,5037822.045
Rubus chamaemorus,4415314.143,4341207.461
Rubus chamaemorus,4655856.997,4116839.17
Rubus chamaemorus,4781102.8,4181891.973
Rubus chamaemorus,4436432.873,3978402.099
Rubus chamaemorus,4487044.408,3917567.007
Rubus chamaemorus,4789298.03,4985758.402
Rubus chamaemorus,4325834.494,4374033.83
Rubus chamaemorus,4434007.999,4067817.1889999993
Rubus chamaemorus,4649021.253,4247242.986
Rubus chamaemorus,4787578.712,4097521.989
Rubus chamaemorus,4510656.037,4104611.6490000007
Rubus chamaemorus,4784791.569000001,4939652.949
Rubus chamaemorus,4500611.374,4109511.848
Rubus chamaemorus,4727440.049,4117384.588
Rubus chamaemorus,4720322.419,4620553.792
Rubus chamaemorus,4809671.118999999,4584690.929
Rubus chamaemorus,4569880.245,4354823.412
Rubus chamaemorus,4618349.028,4148870.815999999
Rubus chamaemorus,4319608.836,4339792.41
Rubus chamaemorus,4823193.237,4749720.492
Rubus chamaemorus,4659008.157,3785439.02
Rubus chamaemorus,4647390.674,4091244.368
Rubus chamaemorus,4661111.266,4356419.967
Rubus chamaemorus,4714179.778,4207273.432
Rubus chamaemorus,4695315.28,4384181.971
Rubus chamaemorus,4631560.618,4349230.531
Rubus chamaemorus,4907457.048,4964410.192
Rubus chamaemorus,4466378.212,3810357.839
Rubus chamaemorus,4506639.241,4048045.968
Rubus chamaemorus,5076235.361,5216911.176
Rubus chamaemorus,4472486.777,4095183.785
Rubus chamaemorus,4166012.57,4026729.297
Rubus chamaemorus,4829980.811,5285209.904
Rubus chamaemorus,4624137.327,4704043.863
Rubus chamaemorus,4453008.687,4189443.116
Rubus chamaemorus,4725501.104,4832656.705
Rubus chamaemorus,4736548.671,4052631.508
Rubus chamaemorus,4490364.071,4108435.9859999996
Rubus chamaemorus,4487697.966,4477464.271
Rubus chamaemorus,4707417.64,4390544.904
Rubus chamaemorus,4595321.848,3995306.502
Rubus chamaemorus,4452117.259,4289986.677
Rubus chamaemorus,4917234.952,4810873.531
Rubus chamaemorus,4772433.488,4095693.493
Rubus chamaemorus,4603826.669,3725703.069
Rubus chamaemorus,4587426.099,4036178.565
Rubus chamaemorus,4627475.392,4370590.848
Rubus chamaemorus,4715482.07,4522250.066
Rubus chamaemorus,4559963.21,4003343.899
Rubus chamaemorus,4861907.559,4797002.132
Rubus chamaemorus,4596082.676,3761347.332
Rubus chamaemorus,4713196.829,3855118.513
Rubus chamaemorus,4489623.549,3778044.836
Rubus chamaemorus,4592236.991,3756537.499
Rubus chamaemorus,4822583.21,3825544.292
Rubus chamaemorus,5115016.082,5306110.943000001
Rubus chamaemorus,4853895.569,4916282.137
Rubus chamaemorus,4631822.735,5134543.416
Rubus chamaemorus,4475763.909,3885559.27
Rubus chamaemorus,4648660.319,4140316.323
Rubus chamaemorus,4341548.856,4479960.709
Rubus chamaemorus,4827538.373999999,4714077.971
Rubus chamaemorus,4775642.917,4495647.44
Rubus chamaemorus,4407579.433,3975952.961
Rubus chamaemorus,4860659.974,4701724.051
Rubus chamaemorus,4452075.037,4365166.483
Rubus chamaemorus,4239549.16,4024126.775
Rubus chamaemorus,4788739.473,4805934.189
Rubus chamaemorus,4468528.768,4030603.5540000005
Rubus chamaemorus,4709103.635,4890138.396
Rubus chamaemorus,4413065.995,3962058.111
Rubus chamaemorus,4644034.547,4490319.502
Rubus chamaemorus,4794239.383,4087747.861
Rubus chamaemorus,4679487.407,3847329.554
Rubus chamaemorus,4662768.799,4781603.569
Rubus chamaemorus,4825920.257000001,3835686.184
Rubus chamaemorus,4567131.403,3639099.442
Rubus chamaemorus,4681729.177,4888589.599
Rubus chamaemorus,4843188.045,4740721.916
Rubus chamaemorus,4613422.747,3847691.459
Rubus chamaemorus,4585024.194,4541446.943
Rubus chamaemorus,4724965.639,3726136.245
Rubus chamaemorus,4346251.091,4419697.308
Rubus chamaemorus,4581467.453,3623435.418
Rubus chamaemorus,4588590.885,4021092.436
Rubus chamaemorus,4538047.336,4602738.761
Rubus chamaemorus,4869701.448,5354817.328
Rubus chamaemorus,4787403.186,4835361.351
Rubus chamaemorus,4703636.486,3733676.747
Rubus chamaemorus,4497047.014,4642320.108
Rubus chamaemorus,4568621.527,4259466.721
Rubus chamaemorus,4606238.68,4437886.074
Rubus chamaemorus,4683595.104,4024515.314
Rubus chamaemorus,4483564.744,4732004.358
Rubus chamaemorus,4545908.555,4417111.412
Rubus chamaemorus,4606423.723,3711901.822
Rubus chamaemorus,4684488.656,3898566.278
Rubus chamaemorus,4666746.792,4097263.782
Rubus chamaemorus,4607232.623,4277478.372
Rubus chamaemorus,4544709.791,4192152.893
Rubus chamaemorus,4758814.868,3985280.087
Rubus chamaemorus,4718948.529,4141809.704
Rubus chamaemorus,4222095.06,3919004.288
Rubus chamaemorus,4766294.093,4501827.903
Rubus chamaemorus,4650143.561,3824986.322
Rubus chamaemorus,4406849.924,3999899.709
Rubus chamaemorus,4795143.38,4073262.525
Rubus chamaemorus,4445834.133,3988842.619
Rubus chamaemorus,4647401.312,3701133.502
Rubus chamaemorus,4456871.878,4678973.81
Rubus chamaemorus,4710239.815,4936109.227
Rubus chamaemorus,4474530.178,4076078.559
Rubus chamaemorus,4556360.22,4404423.589
Rubus chamaemorus,4619441.335,4138948.104
Rubus chamaemorus,4366771.499,4216931.898
Rubus chamaemorus,4571199.221,3748243.931
Rubus chamaemorus,4607891.024,4102532.567
Rubus chamaemorus,4892378.990999999,4854484.008
Rubus chamaemorus,4542167.474,4473327.856
Rubus chamaemorus,4781153.296,4894598.5139999995
Rubus chamaemorus,4601636.481,3801947.054
Rubus chamaemorus,4562582.925,3974339.897
Rubus chamaemorus,4543646.412,4082042.943
Rubus chamaemorus,4393932.241,4275929.583
Rubus chamaemorus,4543226.509,3791511.44
Rubus chamaemorus,4633701.913,4959400.624000001
Rubus chamaemorus,4799208.367,4737672.853
Rubus chamaemorus,4459397.596,3894669.922
Rubus chamaemorus,4880203.387,4944161.909999999
Rubus chamaemorus,4681929.014,4223822.015
Rubus chamaemorus,4464314.217,3965298.761
Rubus chamaemorus,4480432.32,4828524.137
Rubus chamaemorus,4656049.806,3831312.966
Rubus chamaemorus,4495086.857,4357890.881
Rubus chamaemorus,4552756.584,4298753.297
Rubus chamaemorus,4303819.898,4124290.785
Rubus chamaemorus,4749741.58,4018555.168
Rubus chamaemorus,4647645.019,4512130.812
Rubus chamaemorus,4471338.274,4220796.2
Rubus chamaemorus,4652686.451,4206181.43
Rubus chamaemorus,4541255.341,3651598.612
Rubus chamaemorus,4588644.461,3786163.938
Rubus chamaemorus,4778804.473,4835435.887
Rubus chamaemorus,4678201.432,4603386.58
Rubus chamaemorus,4536438.918,3817063.759
Rubus chamaemorus,4591075.385,4101034.079
Rubus chamaemorus,4607912.388,4086737.557
Rubus chamaemorus,4165242.826,4070513.657
Rubus chamaemorus,4529610.06,4542215.094
Rubus chamaemorus,4371263.677,4148197.179
Rubus chamaemorus,4590740.545,3881559.4720000005
Rubus chamaemorus,4560035.721,4434980.949
Rubus chamaemorus,4380829.347,4332706.305
Rubus chamaemorus,4848873.541,4950552.159
Rubus chamaemorus,4833625.681000001,5077481.36
Rubus chamaemorus,5078699.4569999995,5227988.598
Rubus chamaemorus,4453734.681,4073455.59
Rubus chamaemorus,4475887.394,3825259.276
Rubus chamaemorus,4652947.487,3681491.142
Rubus chamaemorus,4622312.903,3747147.332
Rubus chamaemorus,4571590.737,3649192.3339999993
Rubus chamaemorus,4282011.339,4000354.173
Rubus chamaemorus,4651525.897,4380372.079
Rubus chamaemorus,4696598.571,4575378
Rubus chamaemorus,4816209.811,4793480.789
Rubus chamaemorus,4575616.478,3769514.527
Rubus chamaemorus,4671716.57,4218012.467
Rubus chamaemorus,4505728.279,4269010.214
Rubus chamaemorus,4581814.586,4214714.053
Rubus chamaemorus,4419294.605,4165866.283
Rubus chamaemorus,4797246.556999999,4108896.321
Rubus chamaemorus,4571325.186,4609091.584
Rubus chamaemorus,4618936.185,5137123.12
Rubus chamaemorus,4723446.831,3725940.187
Rubus chamaemorus,4443966.492,4474111.309
Rubus chamaemorus,4757475.091999999,4095412.753
Rubus chamaemorus,4198490.618,4145004.343
Rubus chamaemorus,4597940.692,4270864.195
Rubus chamaemorus,4469699.254,3880232.917
Rubus chamaemorus,4492398.508,4413808.627
Rubus chamaemorus,4545994.925,4052850.243
Rubus chamaemorus,4627814.819,3969845.727
Rubus chamaemorus,4420512.242,3992730.545
Rubus chamaemorus,4414741.816,4421313.242
Rubus chamaemorus,4649706.407,4736368.08
Rubus chamaemorus,4484243.022,3837581.757
Rubus chamaemorus,4641184.83,4345634.069
Rubus chamaemorus,4565233.674,3768396.138
Rubus chamaemorus,4698969.191,3855719.106
Rubus chamaemorus,4688062.139,3808784.139
Rubus chamaemorus,4739060.455,4082877.406
Rubus chamaemorus,4599501.679,4077803.878
Rubus chamaemorus,4857586.286,5035774.383
Rubus chamaemorus,4530446.931,4221715.002
Rubus chamaemorus,4557910.931,3623668.009
Rubus chamaemorus,4687760.988,4275399.4
Rubus chamaemorus,4662793.513,4473306.117
Rubus chamaemorus,4550529.287,4218674.916
Rubus chamaemorus,4740882.802,4757942.943
Rubus chamaemorus,4233209.324,4110496.558
Rubus chamaemorus,4567215.876,4039351.139
Rubus chamaemorus,4585960.083,4061744.134
Rubus chamaemorus,4677475.028,4283206.455
Rubus chamaemorus,4597472.696,3855592.939
Rubus chamaemorus,4801227.854,4592117.327
Rubus chamaemorus,4448909.316,4978046.838
Rubus chamaemorus,4608573.183,4266852.188
Rubus chamaemorus,4930205.267,4827592.958
Rubus chamaemorus,4868357.009000001,4846576.451000001
Rubus chamaemorus,4623992.866,4748939.836
Rubus chamaemorus,4571430.252,3648895.802
Rubus chamaemorus,4587677.24,4654494.128
Rubus chamaemorus,4758858.327,4774127.919
Rubus chamaemorus,4522036.574,4204352.962
Rubus chamaemorus,4558019.191,4592944.618
Rubus chamaemorus,4508562.238,4374315.401
Rubus chamaemorus,4574560.387,4620014.378
Rubus chamaemorus,4637360.4,3869981.0010000006
Rubus chamaemorus,4652330.528,3700954.378
Rubus chamaemorus,4821601.393,4119922.756
Rubus chamaemorus,4741875.014,4043437.315
Rubus chamaemorus,4543514.92,3716618.396
Rubus chamaemorus,4237524.586,4359683.373
Rubus chamaemorus,4484030.894,4457175.143
Rubus chamaemorus,4726991.304,4536736.237
Rubus chamaemorus,4552636.38,4308201.462
Rubus chamaemorus,4609413.188,3952307.4550000005
Rubus chamaemorus,4631519.336,4329700.118
Rubus chamaemorus,4582315.537,4105701.461
Rubus chamaemorus,4432309.614,3973125.2980000004
Rubus chamaemorus,4800833.217,4682832.679
Rubus chamaemorus,4698281.2,3729848.542
Rubus chamaemorus,4436599.1,4236868.954
Rubus chamaemorus,4732109.05,4622842.161
Rubus chamaemorus,4630467.057,4054277.526
Rubus chamaemorus,4718948.75,4652735.909
Rubus chamaemorus,4856734.756,4747170.484
Rubus chamaemorus,4115112.807,3938215.194
Rubus chamaemorus,4515272.81,4064794.931
Rubus chamaemorus,4530196.875,4126293.972
Rubus chamaemorus,4490943.374,3706923.385
Rubus chamaemorus,4269967.612,4292886.301
Rubus chamaemorus,4525038.395,3945355.876
Rubus chamaemorus,4596160.35,4386895.367
Rubus chamaemorus,4559229.008,3718287.251
Rubus chamaemorus,4413930.778,4354927.881
Rubus chamaemorus,4519109.823,3725129.296
Rubus chamaemorus,4715413.137,4680417.904
Rubus chamaemorus,4645036.557,5097002.711
Rubus chamaemorus,4620314.983,3883522.0789999994
Rubus chamaemorus,4927973.784,4873303.801
Rubus chamaemorus,4448511.807,3958791.909
Rubus chamaemorus,4624601.289,3904243.799
Rubus chamaemorus,4553869.61,4308426.386
Rubus chamaemorus,4642205.689,4480313.173
Rubus chamaemorus,4819465.319,4929750.521000001
Rubus chamaemorus,4601945.932,4212098.101
Rubus chamaemorus,4803998.233,5184953.065
Rubus chamaemorus,4703501.513,4726513.178000001
Rubus chamaemorus,4844101.72,4752353.899
Rubus chamaemorus,4473206.692,4191496.961
Rubus chamaemorus,4612280.108,3982354.724
Rubus chamaemorus,4449278.547,4009369.1820000005
Rubus chamaemorus,4747767.191,3984685.16
Rubus chamaemorus,4727432.167,4607489.802
Rubus chamaemorus,4702913.701,4651466.933
Rubus chamaemorus,4527707.016,3690751.158
Rubus chamaemorus,4438988.158,4018711.971
Rubus chamaemorus,4616872.169,4282407.185
Rubus chamaemorus,4797676.583,4092655.643
Rubus chamaemorus,4515878.398,3869222.589
Rubus chamaemorus,4743043.898,4489400.108
Rubus chamaemorus,4507007.43,3749976.956
Rubus chamaemorus,4563351.815,4087891.643
Rubus chamaemorus,4680873.868,3758517.545
Rubus chamaemorus,4564648.896,4057888.802
Rubus chamaemorus,4605901.758,4288228.383
Rubus chamaemorus,4462067.763,3920620.402
Rubus chamaemorus,4661013.131,4347606.081
Rubus chamaemorus,4575738.143,3943964.034
Rubus chamaemorus,4573394.87,4210224.115
Rubus chamaemorus,4226385.02,4331965.565
Rubus chamaemorus,4164970.633999999,4102446.665
Rubus chamaemorus,4686205.949,3868133.553
Rubus chamaemorus,4649779.106,4660668.706
Rubus chamaemorus,4810343.083,4658708.54
Rubus chamaemorus,4659953.594,3836062.214
Rubus chamaemorus,4944938.856,4832427.419
Rubus chamaemorus,4563120.141,3723894.2259999993
Rubus chamaemorus,4487669.372,3902580.076
Rubus chamaemorus,4568442.732,3978983.134
Rubus chamaemorus,4720923.897,4052544.866
Rubus chamaemorus,4728923.685,4086801.266
Rubus chamaemorus,4697194.384,4099940.522
Rubus chamaemorus,4812708.092,4109252.664
Rubus chamaemorus,4529866.045,3660254.7159999995
Rubus chamaemorus,4422016.949,4181645.801
Rubus chamaemorus,4567753.768,4324365.028
Rubus chamaemorus,4500396.119,4234702.297
Rubus chamaemorus,4674385.499,4544291.123
Rubus chamaemorus,4643488.181,3850114.753
Rubus chamaemorus,4749784.532,4473861.11
Rubus chamaemorus,4681502.524,4573721.344
Rubus chamaemorus,4696341.267,3929836.205
Rubus chamaemorus,4697096.179,4155516.837
Rubus chamaemorus,4577233.87,4997053.696
Rubus chamaemorus,4558085.934,4593072.644
Rubus chamaemorus,4769712.581,4878995.782
Rubus chamaemorus,4790305.853,4598201.668
Rubus chamaemorus,4291787.071,4261004.664
Rubus chamaemorus,4564646.237,3897854.981
Rubus chamaemorus,4449307.06,3944280.584
Rubus chamaemorus,4575952.438,3755181.629
Rubus chamaemorus,4428878.945,4505950.896
Rubus chamaemorus,4634800.469,4583685.86
Rubus chamaemorus,4972923.681,5365807.345999999
Rubus chamaemorus,4201136.682,4444064.246
Rubus chamaemorus,4740997.126,4478521.799
Rubus chamaemorus,4744829.495000001,4143336.3250000007
Rubus chamaemorus,4649478.177,4255509.869
Rubus chamaemorus,4668388.007,4082647.066
Rubus chamaemorus,4681512.5,4053575.6020000004
Rubus chamaemorus,4541311.026,3931877.249
Rubus chamaemorus,4609424.467,3826751.704000001
Rubus chamaemorus,4791634.823,4681288.144
Rubus chamaemorus,4643241.573,3910592.899
Rubus chamaemorus,4474491.424,3782086.118
Rubus chamaemorus,4733781.795999999,4622367.134
Rubus chamaemorus,4540819.953,3652161.14
Rubus chamaemorus,4486417.328,4032572.062
Rubus chamaemorus,4900977.208,4924656.105
Rubus chamaemorus,4472517.753,4451688.311
Rubus chamaemorus,4642984.938,4325804.089
Rubus chamaemorus,4562742.285,4309017.638
Rubus chamaemorus,4810202.823,4124345.084
Rubus chamaemorus,4440665.917,3938739.485
Rubus chamaemorus,4525110.75,3655843.71
Rubus chamaemorus,4236638.303,4304907.617
Rubus chamaemorus,4482959.974,4267600.999
Rubus chamaemorus,4628967.45,4559973.76
Rubus chamaemorus,4608745.418,3951651.072
Rubus chamaemorus,4687216.389,3809249.466
Rubus chamaemorus,4816400.079,4130207.597
Rubus chamaemorus,4460940.365,4620051.841
Rubus chamaemorus,4085993.346,4327339.079
Rubus chamaemorus,4659194.953,4432764.553
Rubus chamaemorus,4109875.1979999994,3918257.099
Rubus chamaemorus,4840729.257,3851207.244
Rubus chamaemorus,4815847.295,4129717.37
Rubus chamaemorus,4613132.718,4412932.49
Rubus chamaemorus,4549269.222,3667880.161
Rubus chamaemorus,4086928.47,4323927.213
Rubus chamaemorus,4771373.206,4530411.033
Rubus chamaemorus,4573600.4,3850047.621
Rubus chamaemorus,4579656.447,4070062.255000001
Rubus chamaemorus,4681333.003,3927939.634
Rubus chamaemorus,4632652.004,4219722.697
Rubus chamaemorus,4712634.096,3991079.496
Rubus chamaemorus,4612915.975,3847334.412
Rubus chamaemorus,4523307.555,4195734.99
Rubus chamaemorus,4603710.946,3896695.879
Rubus chamaemorus,4062831.017,4107601.73
Rubus chamaemorus,4520789.099,4100513.2810000004
Rubus chamaemorus,4495367.03,3703450.607
Rubus chamaemorus,4711189.269,4785792.833
Rubus chamaemorus,4480294.091,3891876.193
Rubus chamaemorus,4464638.053,4186626.2729999996
Rubus chamaemorus,4811459.315,5018249.969
Rubus chamaemorus,4477457.112,4398248.029
Rubus chamaemorus,4622463.725,4499473.538
Rubus chamaemorus,4606650.826,4287261.588
Rubus chamaemorus,4608908.214,4013077.069
Rubus chamaemorus,4493420.284,4422896.777
Rubus chamaemorus,4557699.329,3693832.439
Rubus chamaemorus,4440504.831,3937145.143
Rubus chamaemorus,4763163.459,4099488.806
Rubus chamaemorus,4655348.727,3956788.0529999994
Rubus chamaemorus,4675646.809,4013449.167
Rubus chamaemorus,4642216.515,3814101.929
Rubus chamaemorus,4776379.435,4572636.217
Rubus chamaemorus,4914222.711,5196829.957
Rubus chamaemorus,4790631.287,4806928.254
Rubus chamaemorus,4517811.965,4265377.858
Rubus chamaemorus,4507009.384,4612901.995
Rubus chamaemorus,4618812.643,4023182.751
Rubus chamaemorus,4661377.82,4346203.016
Rubus chamaemorus,4671992.083,3807887.401
Rubus chamaemorus,4840862.614000001,4720950.751
Rubus chamaemorus,4238150.765,4055660.75
Rubus chamaemorus,4637488.032,4431021.679
Rubus chamaemorus,4691699.629,4235520.308
Rubus chamaemorus,4611274.685,4047382.509
Rubus chamaemorus,4105395.954,4331753.061
Rubus chamaemorus,4521100.054,4838638.986
Rubus chamaemorus,4596315.876,3996687.494
Rubus chamaemorus,4532894.561,3675946.281
Rubus chamaemorus,4643727.026,4554861.815
Rubus chamaemorus,4790647.727,5224045.611
Rubus chamaemorus,4533741.162,3735578.118
Rubus chamaemorus,4580249.647,4070115.113
Rubus chamaemorus,4676016.416,4107450.693
Rubus chamaemorus,4513150.938,3849337.521
Rubus chamaemorus,4413979.396,4033182.874
Rubus chamaemorus,4575236.639,3768532.619
Rubus chamaemorus,4716485.911,4951231.628
Rubus chamaemorus,4393889.512,4254762.276
Rubus chamaemorus,4339783.902,4564418.404
Rubus chamaemorus,4817422.614,4099248.5550000006
Rubus chamaemorus,4528856.07,4551025.097
Rubus chamaemorus,4615806.86,4672791.359
Rubus chamaemorus,4078387.021,4170609.274
Rubus chamaemorus,4594407.807,4196046.878
Rubus chamaemorus,4345856.725,4419587.272
Rubus chamaemorus,4451337.203,4209446.531
Rubus chamaemorus,4847256.173999999,4761644.021
Rubus chamaemorus,4726924.985,4681927.559
Rubus chamaemorus,4777074.433000001,4790335.667
Rubus chamaemorus,4836506.638,5195805.289
Rubus chamaemorus,4904619.485,4879147.536
Rubus chamaemorus,4811363.308,4064638.811
Rubus chamaemorus,4547220.813,3622426.812
Rubus chamaemorus,4164814.757,4243098.005
Rubus chamaemorus,4900901.244,5250389.02
Rubus chamaemorus,4575701.947,4160934.698
Rubus chamaemorus,4509019.162,4863286.443
Rubus chamaemorus,4069378.842,4155243.912
Rubus chamaemorus,4571152.098,3938503.688
Rubus chamaemorus,4721927.193,4161723.344
Rubus chamaemorus,4836211.281,4900366.224
Rubus chamaemorus,4120953.772,4015056.332
Rubus chamaemorus,4476090.823,4161622.326
Rubus chamaemorus,4659396.208,4433337.865
Rubus chamaemorus,4677159.829,4487228.74
Rubus chamaemorus,4402755.399,3975109.215
Rubus chamaemorus,4722161.408,4162697.722
Rubus chamaemorus,4602946.159,4037279.256
Rubus chamaemorus,4719142.755,5135136.008999999
Rubus chamaemorus,4459435.832,4341085.73
Rubus chamaemorus,4628393.462,3723429.443
Rubus chamaemorus,4690663.574,4560569.362
Rubus chamaemorus,4810513.882,4828741.554
Rubus chamaemorus,4487474.107,4466288.067
Rubus chamaemorus,4607122.473,4468143.248
Rubus chamaemorus,4520990.241,3705778.073
Rubus chamaemorus,4658537.704,3962252.095
Rubus chamaemorus,4818900.161,3860089.544
Rubus chamaemorus,4644253.24,4407279.452
Rubus chamaemorus,4628332.364,4379600.368
Rubus chamaemorus,4580627.868,3711017.023
Rubus chamaemorus,4815475.362,4959100.578
Rubus chamaemorus,4802649.717,5223808.241
Rubus chamaemorus,4537897.688,3680859.316
Rubus chamaemorus,4608376.148,3917266.913
Rubus chamaemorus,4605932.825,3867756.291
Rubus chamaemorus,4656939.469,4497063.465
Rubus chamaemorus,4409877.73,4023036.024
Rubus chamaemorus,4550578.006,4122261.557
Rubus chamaemorus,4438133.19,4019652.587
Rubus chamaemorus,4668480.626,4154212.8429999994
Rubus chamaemorus,4655208.191,4006206.014
Rubus chamaemorus,4519755.863,3748772.857
Rubus chamaemorus,4566582.345,3753346.8659999995
Rubus chamaemorus,4625489.411,4174269.884
Rubus chamaemorus,4478650.614,4006988.46
Rubus chamaemorus,4491482.353,3811306.088
Rubus chamaemorus,4591310.371,3880896.919
Rubus chamaemorus,4624826.981,3953580.531
Rubus chamaemorus,4768825.459,4076098.856
Rubus chamaemorus,4820104.782,4928089.051
Rubus chamaemorus,4599628.363,4061549.875
Rubus chamaemorus,4651939.688,3760418.897
Rubus chamaemorus,4472631.746,3851884.432
Rubus chamaemorus,4523288.855,3735073.508
Rubus chamaemorus,4283288.158,4192009.617
Rubus chamaemorus,4936936.205,5324296.683000001
Rubus chamaemorus,4561307.463,3872092.418
Rubus chamaemorus,4451259.382,4703124.535
Rubus chamaemorus,4654966.707,3831861.271
Rubus chamaemorus,4590294.076,4065521.796
Rubus chamaemorus,4614120.025,4523153.267
Rubus chamaemorus,4438399.83,3962263.347
Rubus chamaemorus,4555803.345,3702979.187
Rubus chamaemorus,4599015.585,4031356.781
Rubus chamaemorus,4582794.623,3734014.388
Rubus chamaemorus,4658828.293,4086855.8640000005
Rubus chamaemorus,4522731.52,4090572.618
Rubus chamaemorus,4510498.819,4469935.55
Rubus chamaemorus,4540447.9,3882079.331
Rubus chamaemorus,4403839.259,4557094.833
Rubus chamaemorus,4747348.039,5041883.376
Rubus chamaemorus,4558892.2,3791768.94
Rubus chamaemorus,4515884.369,3934651.859
Rubus chamaemorus,4596434.035,4376464.315
Rubus chamaemorus,4571815.644,3923500.251
Rubus chamaemorus,4685128.406,5140152.48
Rubus chamaemorus,4647411.32,4659557.312
Rubus chamaemorus,4596970.698,3871024.568
Rubus chamaemorus,4528064.994,4371417.668
Rubus chamaemorus,4677084.36,4272433.378
Rubus chamaemorus,4819328.599999999,4084549.775
Rubus chamaemorus,4697188.03,4164957.409
Rubus chamaemorus,4562848.19,3798067.232
Rubus chamaemorus,4394295.845,4254712.725
Rubus chamaemorus,4511411.387,3764339.168
Rubus chamaemorus,4660756.18,4462177.302
Rubus chamaemorus,4460925.501,3935023.674
Rubus chamaemorus,4505309.573,4448153.419
Rubus chamaemorus,4605292.824,4522261.631
Rubus chamaemorus,4695612.827,4174446.593
Rubus chamaemorus,4483851.237,3836464.753
Rubus chamaemorus,4453680.13,4299736.406
Rubus chamaemorus,4691764.163,4348701.788
Rubus chamaemorus,4567785.529,4143442.504
Rubus chamaemorus,4517846.604,3745320.735
Rubus chamaemorus,4659504.981,4442139.399
Rubus chamaemorus,4567495.643,4580507.821
Rubus chamaemorus,4645738.159,4305272.036
Rubus chamaemorus,4467500.961,3970350.7790000006
Rubus chamaemorus,4553813.412,5002830.855
Rubus chamaemorus,4446558.605,4494037.911
Rubus chamaemorus,4643007.369,3924656.258
Rubus chamaemorus,4809434.096,3859472.332
Rubus chamaemorus,4837802.262,4616324.889
Rubus chamaemorus,4656276.2,4722268.61
Rubus chamaemorus,4502296.272,5027890.508
Rubus chamaemorus,4591381.765,4671521.912
Rubus chamaemorus,4478395.506,4248029.004
Rubus chamaemorus,4746114.075,4772839.311
Rubus chamaemorus,4545615.022,4181525.878
Rubus chamaemorus,4483226.14,4198050.603
Rubus chamaemorus,4786469.235,4052173.234
Rubus chamaemorus,4382527.605,4485252.356
Rubus chamaemorus,4573300.774,3968976.06
Rubus chamaemorus,4792270.85,5001467.936
Rubus chamaemorus,4843975.485,5004940.872
Rubus chamaemorus,4395407.083,3940509.342
Rubus chamaemorus,4410903.846,3940954.72
Rubus chamaemorus,4702059.754,3934505.498
Rubus chamaemorus,4911153.564,4835898.403999999
Rubus chamaemorus,4121051.766,4014824.362
Rubus chamaemorus,4445142.684,3989778.223
Rubus chamaemorus,4596798.315,3810490.683
Rubus chamaemorus,4604902.163,3837274.598
Rubus chamaemorus,4823069.696,4684377.933
Rubus chamaemorus,4676110.236,4402317.45
Rubus chamaemorus,4632134.386,4114777.135
Rubus chamaemorus,4574551.544,4005200.242
Rubus chamaemorus,4430543.904,4525371.358
Rubus chamaemorus,4584023.229,4307012.838
Rubus chamaemorus,4739202.968,4132648.621
Rubus chamaemorus,4695705.006,4385674.951
Rubus chamaemorus,4845942.104,3896485.876
Rubus chamaemorus,4639539.195,4075036.165
Rubus chamaemorus,4240799.995,4178089.9139999994
Rubus chamaemorus,4419504.399,4166281.765
Rubus chamaemorus,4542507.35,4101197.831
Rubus chamaemorus,4704608.577,4801505.218
Rubus chamaemorus,4431609.747,4266824.624
Rubus chamaemorus,4680759.868,4233901.68
Rubus chamaemorus,4724834.5,4192294.436
Rubus chamaemorus,4570863.662,3758686.378
Rubus chamaemorus,4341096.135,4275940.374
Rubus chamaemorus,4689183.189,4409200.128
Rubus chamaemorus,4653025.56,3846361.481
Rubus chamaemorus,4790255.953,4597018.975
Rubus chamaemorus,4548295.014,3847533.367
Rubus chamaemorus,4250867.087,3972007.104
Rubus chamaemorus,4766974.976,4106452.762
Rubus chamaemorus,4458034.363,3974629.837
Rubus chamaemorus,4529205.761,3839755.696
Rubus chamaemorus,4505467.296,5063867.031
Rubus chamaemorus,4623881.341,4308008.86
Rubus chamaemorus,4668972.655,4257801.834
Rubus chamaemorus,4687203.712,4104287.432
Rubus chamaemorus,4454096.156,4066039.814
Rubus chamaemorus,4400038.853,4179675.869
Rubus chamaemorus,4515465.23,3824552.351
Rubus chamaemorus,4698194.127,4490445.173
Rubus chamaemorus,4833356.388,4853701.754
Rubus chamaemorus,4492283.361,4411982.369
Rubus chamaemorus,4801667.526,5272165.857
Rubus chamaemorus,4574765.963,4018615.098
Rubus chamaemorus,4721854.514,4741606.579000001
Rubus chamaemorus,4662306.745,4338369.568
Rubus chamaemorus,4665082.663,4633017.697
Rubus chamaemorus,4632789.286,5147839.217
Rubus chamaemorus,4539964.919,4442313.029
Rubus chamaemorus,4464331.742,4185786.68
Rubus chamaemorus,4638948.191,3844718.685
Rubus chamaemorus,4762671.867,4039418.258
Rubus chamaemorus,4613671.8,4673098.128
Rubus chamaemorus,4779175.628,4085496.228
Rubus chamaemorus,4302858.808,4396316.314
Rubus chamaemorus,4738988.605,4861465.391
Rubus chamaemorus,4922036.2,4831121.569
Rubus chamaemorus,4644176.163,4190999.587
Rubus chamaemorus,4492818.098,3858420.991
Rubus chamaemorus,4713304.494,4430552.545
Rubus chamaemorus,4666589.77,4503125.998
Rubus chamaemorus,4618893.65,3853863.679
Rubus chamaemorus,4654146.789,4403128.747
Rubus chamaemorus,4543474.766,4568032.881
Rubus chamaemorus,4558655.381,3776839.199
Rubus chamaemorus,4648987.963,4370561.812
Rubus chamaemorus,4779362.368,4505765.453
Rubus chamaemorus,4890267.475,4928857.389
Rubus chamaemorus,4611557.382,4333996.772
Rubus chamaemorus,4619665.546,3823523.109
Rubus chamaemorus,4390120.817,4391246.812
Rubus chamaemorus,4814356.253,4093665.889
Rubus chamaemorus,4673015.859,4382157.253
Rubus chamaemorus,4632622.627,4330276.725
Rubus chamaemorus,4779647.03,4087475.843
Rubus chamaemorus,4589928.06,4065750.185
Rubus chamaemorus,4536220.859,4282870.983
Rubus chamaemorus,4623879.63,4425344.115
Rubus chamaemorus,4214164.18,4301884.596
Rubus chamaemorus,4722409.965,4052425.694
Rubus chamaemorus,4557498.975,4023132.784
Rubus chamaemorus,4777038.293,5305920.844
Rubus chamaemorus,4506848.287,4165347.871
Rubus chamaemorus,4594646.301,4367493.404
Rubus chamaemorus,4433970.236,4007241.1820000005
Rubus chamaemorus,4559790.205,3657822.738
Rubus chamaemorus,4693059.633,4429530.175
Rubus chamaemorus,4444263.6,3954484.769
Rubus chamaemorus,4666739.058,3876698.547
Rubus chamaemorus,4599007.001,5029959.369000001
Rubus chamaemorus,4763551.022,4640384.349
Rubus chamaemorus,4840177.806,3884586.836
Rubus chamaemorus,4972769.619,5329033.529
Rubus chamaemorus,4669016.398,4427731.219
Rubus chamaemorus,4454271.959,4383947.562
Rubus chamaemorus,4618397.365,4252487.161
Rubus chamaemorus,4371064.508,4487692.301
Rubus chamaemorus,4545100.971,4171555.29
Rubus chamaemorus,4703394.841,3844770.022
Rubus chamaemorus,4826299.111,4065392.305
Rubus chamaemorus,4592977.691,4591965.093
Rubus chamaemorus,4534117.43,4412643.19
Rubus chamaemorus,4725008.479,3770949.611
Rubus chamaemorus,4467101.012,4475415.614
Rubus chamaemorus,4616420.929,4052878.95
Rubus chamaemorus,4486069.999,4533776.201
Rubus chamaemorus,4485774.822,4041844.04
Rubus chamaemorus,4864855.371,4912682.146
Rubus chamaemorus,4721248.935,4001761.136
Rubus chamaemorus,4488067.747,4023560.3319999995
Rubus chamaemorus,4862649.225999999,4807389.328
Rubus chamaemorus,4268749.072,4196986.813
Rubus chamaemorus,4333089.15,4199220.581
Rubus chamaemorus,4458404.798,3910030.014
Rubus chamaemorus,4747932.463,4818024.97
Rubus chamaemorus,4769399.386,4606264.361
Rubus chamaemorus,4601865.431,5035542.315
Rubus chamaemorus,4820812.847,4740408.992
Rubus chamaemorus,4918837.214,4895509.773
Rubus chamaemorus,4535106.8,4411738.006
Rubus chamaemorus,4249807.3,3977265.4849999994
Rubus chamaemorus,4553252.438,3742254.621
Rubus chamaemorus,4534607.954,4077329.639
Rubus chamaemorus,4679745.754,4244405.194
Rubus chamaemorus,4879255.381,5018589.323
Rubus chamaemorus,4577494.088,4984395.098
Rubus chamaemorus,4647333.478,4276327.987
Rubus chamaemorus,4798654.582,4562120.098
Rubus chamaemorus,4579357.269,4254929.569
Rubus chamaemorus,4609140.117,3677986.844
Rubus chamaemorus,4597762.79,3857260.836
Rubus chamaemorus,4447671.866,4345215.14
Rubus chamaemorus,4512772.585,5029969.815
Rubus chamaemorus,4449442.978,4354392.649
Rubus chamaemorus,4463617.911,4380436.237
Rubus chamaemorus,4670588.575,4343754.304
Rubus chamaemorus,4566275.557,4175088.773
Rubus chamaemorus,4538775.57,4251982.485
Rubus chamaemorus,4516357.8,4275359.113
Rubus chamaemorus,4786680.234,4066721.0830000006
Rubus chamaemorus,4793099.079,4793263.557
Rubus chamaemorus,4234036.579,4118292.781
Rubus chamaemorus,4357891.777,4238747.625
Rubus chamaemorus,4447995.44,3849286.062
Rubus chamaemorus,4697063.354,4175785.572
Rubus chamaemorus,4507149.603,3781544.302
Rubus chamaemorus,4723913.008000001,4146363.333
Rubus chamaemorus,4759092.063,4094999.819
Rubus chamaemorus,4851969.483,4810930.727
Rubus chamaemorus,4552000.031,3615835.789
Rubus chamaemorus,4650564.417,4446305.108
Rubus chamaemorus,4929591.953,4902259.308
Rubus chamaemorus,4570286.325,3828859.168
Rubus chamaemorus,4758930.654,4701122.6
Rubus chamaemorus,4445869.175,4312821.655
Rubus chamaemorus,4507488.729,4134311.942
Rubus chamaemorus,4435324.695,3993065.064
Rubus chamaemorus,4680748.228,4232643.459
Rubus chamaemorus,4654570.543,4311611.762
Rubus chamaemorus,4601920.808,4222486.176
Rubus chamaemorus,4574083.741,3784794.756
Rubus chamaemorus,4630934.046,4549043.432
Rubus chamaemorus,4838035.714,3867216.8919999995
Rubus chamaemorus,4647582.299,3990119.615
Rubus chamaemorus,4480583.13,3831184.276
Rubus chamaemorus,4835805.770999999,4765263.388
Rubus chamaemorus,4562195.883,3799062.706
Rubus chamaemorus,4561311.542,4445074.384
Rubus chamaemorus,4611236.299,3887110.364
Rubus chamaemorus,4442963.718,4074124.579
Rubus chamaemorus,4647419.231,4510428.91
Rubus chamaemorus,4624899.438,3843009.019
Rubus chamaemorus,4534792.625,3601857.103
Rubus chamaemorus,4563902.036,4465250.058
Rubus chamaemorus,4544950.02,3886624.406
Rubus chamaemorus,4601986.213,5053085.074
Rubus chamaemorus,4726884.561,4057183.051
Rubus chamaemorus,4659663.832,3837060.724
Rubus chamaemorus,4592146.172,4432099.61
Rubus chamaemorus,4699561.119,4491269.165
Rubus chamaemorus,4606910.432,3976953.343
Rubus chamaemorus,4069317.726,4154999.638
Rubus chamaemorus,4371715.267,4108155.774
Rubus chamaemorus,4682254.913,4214880.42
Rubus chamaemorus,4766516.172,4759455.084999999
Rubus chamaemorus,4788626.726,4736108.332
Rubus chamaemorus,4660232.046,3836803.235
Rubus chamaemorus,4562689.681,4463573.318
Rubus chamaemorus,4722459.74,4096965.542
Rubus chamaemorus,4518487.236,4140168.415
Rubus chamaemorus,4593022.794,4516989.694
Rubus chamaemorus,5023905.761,5337739.132
Rubus chamaemorus,4653197.944,4206091.741
Rubus chamaemorus,4611826.5,4589070.889
Rubus chamaemorus,4449070.456,4978058.966
Rubus chamaemorus,4882389.208999999,4788978.276
Rubus chamaemorus,4555919.166,4043356.132
Rubus chamaemorus,4720905.198,3706364.789
Rubus chamaemorus,4537030.489,4142474.215
Rubus chamaemorus,4605370.189,3707435.396
Rubus chamaemorus,4658938.821,4766593.831
Rubus chamaemorus,4601191.221,4050750.729
Rubus chamaemorus,4765258.685,4134434.706
Rubus chamaemorus,4583176.159,3620126.997
Rubus chamaemorus,4602559.73,4426619.263
Rubus chamaemorus,4649939.148,4246282.86
Rubus chamaemorus,4442395.079,3923503.841
Rubus chamaemorus,4681054.42,4113781.679
Rubus chamaemorus,4344760.131,4355016.233
Rubus chamaemorus,4730394.185,4182722.559
Rubus chamaemorus,4668418.485,4512460.962
Rubus chamaemorus,4669582.907,3911585.892
Rubus chamaemorus,4585209.931,4295015.692
Rubus chamaemorus,4501001.911,4817920.956
Rubus chamaemorus,4617813.433,4534333.513
Rubus chamaemorus,4325801.277,4079900.794
Rubus chamaemorus,4757705.38,4803993.013000001
Rubus chamaemorus,4597955.603,4032075.52
Rubus chamaemorus,4652535.996,4340624.208
Rubus chamaemorus,4660921.814,4337185.176
Rubus chamaemorus,4871890.864,5042102.832
Rubus chamaemorus,4653956.483,4752235.269999999
Rubus chamaemorus,4511992.537,4405101.612
Rubus chamaemorus,4384949.379,4009533.596999999
Rubus chamaemorus,4479163.973,4016869.555
Rubus chamaemorus,4653713.934,4207086.929
Rubus chamaemorus,4436431.824,4496618.808
Rubus chamaemorus,4711892.64,4215746.717
Rubus chamaemorus,4600285.994,4112138.196
Rubus chamaemorus,4703653.006,4800019.053
Rubus chamaemorus,4428854.715,3853148.139
Rubus chamaemorus,4637764.14,3694039.452
Rubus chamaemorus,4813544.495999999,4603050.352
Rubus chamaemorus,4462726.114,3965394.115
Rubus chamaemorus,4635475.925,4070545.97
Rubus chamaemorus,4688248.624,3979265.515
Rubus chamaemorus,4237515.362,4173001.67
Rubus chamaemorus,4726298.872,4007757.4630000005
Rubus chamaemorus,4616751.196,4177954.827
Rubus chamaemorus,4611838.382,4334306.323
Rubus chamaemorus,4524165.03,3730350.864
Rubus chamaemorus,4657287.891,3816867.916
Rubus chamaemorus,4629568.558,4690233.3
Rubus chamaemorus,4783591.919,4776124.145
Rubus chamaemorus,4606780.581,4164017.185
Rubus chamaemorus,4696672.368,3818833.522
Rubus chamaemorus,4688839.212,4663686.438
Rubus chamaemorus,4518800.717,3675181.616
Rubus chamaemorus,4571498.838,4431038.079
Rubus chamaemorus,4526981.12,4606908.844
Rubus chamaemorus,4074015.123,4266296.869
Rubus chamaemorus,4518927.916,4245212.568
Rubus chamaemorus,4467913.33,4705362.54
Rubus chamaemorus,4799419.189,4672014.718
Rubus chamaemorus,4632040.352,4614150.495
Rubus chamaemorus,4771522.472,4065579.996
Rubus chamaemorus,4562612.92,3737255.797
Rubus chamaemorus,4594247.504,4185751.284
Rubus chamaemorus,4611924.514,3702138.247
Rubus chamaemorus,4551351.641,4468002.993
Rubus chamaemorus,4467027.935,3810407.64
Rubus chamaemorus,4675093.487,4543222.739
Rubus chamaemorus,4675538.227,4302870.338
Rubus chamaemorus,4842955.108,4561400.117
Rubus chamaemorus,4774750.615999999,4131976.183
Rubus chamaemorus,4569739.91,4249064.134
Rubus chamaemorus,4604982.279,3882005.782
Rubus chamaemorus,4549344.43,4523644.352
Rubus chamaemorus,4749430.791,4892717.574
Rubus chamaemorus,4665706.119,4493724.064
Rubus chamaemorus,4654146.93,3795220.621
Rubus chamaemorus,4507473.977,4258766.96
Rubus chamaemorus,4628017.553,4279999.718
Rubus chamaemorus,4595800.025,4442566.285
Rubus chamaemorus,4701963.053,3935006.194
Rubus chamaemorus,4688199.275,3793395.82
Rubus chamaemorus,4807023.516,4119400.498
Rubus chamaemorus,4599303.22,4576915.165
Rubus chamaemorus,4479791.303,4322191.376
Rubus chamaemorus,4656779.281,4272725.388
Rubus chamaemorus,4495708.542,4518714.227
Rubus chamaemorus,4662628.894,3686284.3509999993
Rubus chamaemorus,4511837.644,3803087.4360000007
Rubus chamaemorus,4697112.528,3989365.413
Rubus chamaemorus,4461581.676,3844179.018
Rubus chamaemorus,4703554.049,3859318.362
Rubus chamaemorus,4486110.585,4051748.696
Rubus chamaemorus,4606816.262,3746697.9139999994
Rubus chamaemorus,4548593.192,4342160.322
Rubus chamaemorus,4675029.566,3962155.088
Rubus chamaemorus,4689451.575,4029455.398
Rubus chamaemorus,4793629.908,4926746.826
Rubus chamaemorus,4921008.667,4916444.777
Rubus chamaemorus,4674617.217,3887368.01
Rubus chamaemorus,4625394.13,3873387.0989999995
Rubus chamaemorus,4532391.218,4087299.361
Rubus chamaemorus,4763607.602,4715422.239
Rubus chamaemorus,4642550.009,5197082.841
Rubus chamaemorus,4941214.178,5279262.457
Rubus chamaemorus,4581239.541,4500475.977
Rubus chamaemorus,4578271.38,4254703.068
Rubus chamaemorus,4839103.561,4710908.323
Rubus chamaemorus,4559407.47,3717753.035
Rubus chamaemorus,4727987.915,4606470.577
Rubus chamaemorus,4693879.22,4440906.612
Rubus chamaemorus,4719489.606,3965739.787
Rubus chamaemorus,4524577.507,3945112.772
Rubus chamaemorus,4512560.83,4321400.097
Rubus chamaemorus,4767453.85,4500257.371
Rubus chamaemorus,4675305.909,4304399.66
Rubus chamaemorus,4591262.293,3881761.157
Rubus chamaemorus,4617266.286,4147897.904
Rubus chamaemorus,4522965.476,3784337.472
Rubus chamaemorus,4460986.962,4275505.815
Rubus chamaemorus,4732702.775,4847586.667
Rubus chamaemorus,4766098.939,4574541.786
Rubus chamaemorus,4823952.495,4868909.294
Rubus chamaemorus,4533387.642,4191615.72
Rubus chamaemorus,4412221.871,3977294.372
Rubus chamaemorus,4517015.067,3744995.004
Rubus chamaemorus,4697339.082,3758990.658
Rubus chamaemorus,4473922.172,3886264.524
Rubus chamaemorus,4554988.483,3898459.634
Rubus chamaemorus,4675284.38,3712658.18
Rubus chamaemorus,4671915.069,4226799.414
Rubus chamaemorus,4239220.359,4224405.372
Rubus chamaemorus,4583533.203,4455181.956
Rubus chamaemorus,4549568.045,4362002.341
Rubus chamaemorus,4617585.096,3802590.699
Rubus chamaemorus,4601958.126,3861505.531
Rubus chamaemorus,4543056.685,4546287.843
Rubus chamaemorus,4685859.319,4390265.979
Rubus chamaemorus,4412882.832,3907121.11
Rubus chamaemorus,4692715.771,3799608.825
Rubus chamaemorus,4815295.48,4698500.93
Rubus chamaemorus,4653725.168,5024739.994
Rubus chamaemorus,4718028.951,3921105.069
Rubus chamaemorus,4628537.514,4259485.141
Rubus chamaemorus,4691933.511,4214833.615
Rubus chamaemorus,4819157.564,4852912.43
Rubus chamaemorus,4809286.002,3853658.457
Rubus chamaemorus,4703825.662,4520000.546
Rubus chamaemorus,4669013.287,4083120.22
Rubus chamaemorus,4603393.755,3910900.987
Rubus chamaemorus,4663503.993,3857558.657
Rubus chamaemorus,4632901.227,3989380.61
Rubus chamaemorus,4398158.554,4419467.644
Rubus chamaemorus,4438173.78,3890934.9489999996
Rubus chamaemorus,4565122.956,4634198.909
Rubus chamaemorus,4794494.438,4138050.381
Rubus chamaemorus,4532765.685,4317630.131
Rubus chamaemorus,4480707.146,4500954.757
Rubus chamaemorus,4784114.799,4536594.374
Rubus chamaemorus,4661703.056,3982660.1
Rubus chamaemorus,4694417.976,4525826.755
Rubus chamaemorus,4840419.742,4815143.727
Rubus chamaemorus,4688486.464,4589163
Rubus chamaemorus,4588044.493,4266315.301
Rubus chamaemorus,4360437.71,4155144.625
Rubus chamaemorus,4587382.66,4267172.796
Rubus chamaemorus,4339000.794,4129622.06
Rubus chamaemorus,4615614.909,4522696.51
Rubus chamaemorus,4727770.15,3992996.149
Rubus chamaemorus,4506520.372,4614575.315
Rubus chamaemorus,4823718.648000001,4104601.95
Rubus chamaemorus,4628116.044,3969243.513
Rubus chamaemorus,4764134.738,4556316.147
Rubus chamaemorus,4516209.875,3919875.625
Rubus chamaemorus,4722271.653,3987010.723
Rubus chamaemorus,4506462.4,4144791.19
Rubus chamaemorus,4622117.756,4497847.767
Rubus chamaemorus,4537334.565,4517011.861
Rubus chamaemorus,5060271.347,5289736.04
Rubus chamaemorus,4763451.073,4556617.38
Rubus chamaemorus,4640795.876,4060056.9840000006
Rubus chamaemorus,4661912.507,3936724.397
Rubus chamaemorus,4396352.121,4241035.311
Rubus chamaemorus,4489952.769,4393730.846
Rubus chamaemorus,4788680.316,4672538.762
Rubus chamaemorus,4827008.117,5019632.460999999
Rubus chamaemorus,4442920.839,4472498.051
Rubus chamaemorus,4745289.541999999,4804375.593
Rubus chamaemorus,4534162.022,3721570.4
Rubus chamaemorus,4916317.408,4886012.049000001
Rubus chamaemorus,4502027.393,4324769.216
Rubus chamaemorus,4560010.567,4002703.935
Rubus chamaemorus,4662975.427,3966707.548
Rubus chamaemorus,4433545.186,4233904.316
Rubus chamaemorus,4669074.507,4082509.339
Rubus chamaemorus,4678636.656,4147811.4619999994
Rubus chamaemorus,4707269.109,3814994.509
Rubus chamaemorus,4490298.563,3887837.196
Rubus chamaemorus,4467631.342,3774364.17
Rubus chamaemorus,4642918.47,4326058.104
Rubus chamaemorus,4616100.819,4532923.141
Rubus chamaemorus,4526370.438,4595338.716
Rubus chamaemorus,4503809.589,3663454.613
Rubus chamaemorus,4580544.235,3758501.814
Rubus chamaemorus,5115039.425,5305796.434
Rubus chamaemorus,4603661.83,4081430.069
Rubus chamaemorus,4757942.642,4609035.167
Rubus chamaemorus,4618825.97,4542871.63
Rubus chamaemorus,4738227.668,5179088.384
Rubus chamaemorus,4657495.509,3740923.889
Rubus chamaemorus,4612959.468,4424021.505
Rubus chamaemorus,4553340.591,4198195.227
Rubus chamaemorus,4614650.768,4077241.348
Rubus chamaemorus,4709804.501,3850054.802
Rubus chamaemorus,4784849.855999999,5016588.422
Rubus chamaemorus,4726303.923,3761501.543
Rubus chamaemorus,4662930.164,4221412.408
Rubus chamaemorus,4455266.863,4310846.199
Rubus chamaemorus,4275407.644,4008014.582999999
Rubus chamaemorus,4469892.387,4326423.726
Rubus chamaemorus,4799295.674000001,4141900.5400000005
Rubus chamaemorus,4783714.834000001,4537359.761
Rubus chamaemorus,4575666.266,4566463.903
Rubus chamaemorus,4626625.77,4674610.057
Rubus chamaemorus,4453158.671,3904482.635
Rubus chamaemorus,4697305.218,4269942.477
Rubus chamaemorus,4839434.793,5019130.773
Rubus chamaemorus,4301808.762,4417090.841
Rubus chamaemorus,4961089.625,5400284.297
Rubus chamaemorus,4597175.568,3706284.418
Rubus chamaemorus,4480574.611,4493088.713
Rubus chamaemorus,4666121.037,4296790.41
Rubus chamaemorus,4458157.234,4109453.787
Rubus chamaemorus,4883707.843,4982774.134
Rubus chamaemorus,4361589.869,4562948.352
Rubus chamaemorus,4621864.407,4098912.105
Rubus chamaemorus,4688817.663,4154937.655
Rubus chamaemorus,4579975.981,4055846.125
Rubus chamaemorus,4454591.193,3830279.378
Rubus chamaemorus,4879079.663,5017303.199
Rubus chamaemorus,4476030.742,4754850.898
Rubus chamaemorus,4606315.526,4448368.736
Rubus chamaemorus,4977861.884,5391912.081
Rubus chamaemorus,4825514.183,4619647.404
Rubus chamaemorus,4482021.188,3860987.147
Rubus chamaemorus,4570819.716,3759594.484
Rubus chamaemorus,4631290.541,4338853.153
Rubus chamaemorus,4458548.935,4008909.569
Rubus chamaemorus,4362201.765,4415425.766
Rubus chamaemorus,4790810.454,4661442.412
Rubus chamaemorus,4554516.778,4188294.359
Rubus chamaemorus,4701615.929,4230510.94
Rubus chamaemorus,4628546.81,5026977.001
Rubus chamaemorus,4791224.25,4882596.602
Rubus chamaemorus,4192146.054,4225636.694
Rubus chamaemorus,4726590.212000001,4527321.719
Rubus chamaemorus,4653016.487,4322670.812
Rubus chamaemorus,4279853.609,4053178.608
Rubus chamaemorus,4443196.529,4074931.197
Rubus chamaemorus,4566027.288,3934787.9219999993
Rubus chamaemorus,4479045.387,3830181.083
Rubus chamaemorus,4546786.948,4278562.766
Rubus chamaemorus,4758511.975,4695223.267
Rubus chamaemorus,4694268.907,5164300.179
Rubus chamaemorus,4552733.034,3912477.415
Rubus chamaemorus,4459147.827,4509948.787
Rubus chamaemorus,4124220.699,4052930.453
Rubus chamaemorus,4519675.329,4555068.732
Rubus chamaemorus,4523119.799,4079545.692
Rubus chamaemorus,4451326.022,4199646.374
Rubus chamaemorus,4646561.243,4296558.358
Rubus chamaemorus,4630449.569,4360718.966
Rubus chamaemorus,4527131.092,4164922.939
Rubus chamaemorus,4601793.263,4492078.353
Rubus chamaemorus,4325949.048,4080071.877
Rubus chamaemorus,4665563.571,4707654.739
Rubus chamaemorus,4637841.009,3844210.075
Rubus chamaemorus,4489022.47,4257101.796
Rubus chamaemorus,4495005.989,4369827.307
Rubus chamaemorus,4492359.69,4421926.182
Rubus chamaemorus,4432364.259,4087524.431
Rubus chamaemorus,4636806.764,3760179.55
Rubus chamaemorus,4591874.817,4217209.814
Rubus chamaemorus,4707155.544,3999971.318
Rubus chamaemorus,4383082.698,4465337.919
Rubus chamaemorus,4440248.719,3997984.897
Rubus chamaemorus,4885616.533999999,4982045.316
Rubus chamaemorus,4836848.748,4615704.008
Rubus chamaemorus,4567313.788,4270540.976
Rubus chamaemorus,4706180.409,3955635.693
Rubus chamaemorus,4832338.774,4831073.808
Rubus chamaemorus,4711100.509,4004892.978
Rubus chamaemorus,4629535.368,3893641.825
Rubus chamaemorus,4651318.687,3761387.591
Rubus chamaemorus,4818012.207,3815719.617
Rubus chamaemorus,4539243.025,4452765.046
Rubus chamaemorus,4834982.779999999,5327202.549
Rubus chamaemorus,4666642.179,4161372.685
Rubus chamaemorus,4733965.701,4669002.547
Rubus chamaemorus,4689005.217,4143942.0230000005
Rubus chamaemorus,4713355.788,3865997.848
Rubus chamaemorus,4611563.94,4108745.1239999994
Rubus chamaemorus,4140953.298,4192987.322
Rubus chamaemorus,4635697.42,4189508.493
Rubus chamaemorus,4717392.138,4577764.926
Rubus chamaemorus,4687328.508,4693385.452
Rubus chamaemorus,4544193.641,3661490.09
Rubus chamaemorus,4626290.14,3999590.286
Rubus chamaemorus,4471375.133,3820060.912
Rubus chamaemorus,5071044.256,5274009.264
Rubus chamaemorus,4703309.758,4426806.75
Rubus chamaemorus,4869921.946,5360599.471
Rubus chamaemorus,4660151.06,4357214.445
Rubus chamaemorus,4471617.804,4201293.734
Rubus chamaemorus,4216321.552,4006203.147
Rubus chamaemorus,4413917.382,4032938.188
Rubus chamaemorus,4869567.392,3908981.84
Rubus chamaemorus,4828686.083,5032753.317999999
Rubus chamaemorus,4598470.993,4017341.513
Rubus chamaemorus,4593231.838,3709370.845
Rubus chamaemorus,4788124.511999999,4172379.354
Rubus chamaemorus,4598327.173,3780692.093
Rubus chamaemorus,4802247.009,4113797.184
Rubus chamaemorus,4733901.257,4427594.237
Rubus chamaemorus,4622662.93,4498926.058
Rubus chamaemorus,4826068.152,4064498.226
Rubus chamaemorus,4694140.121,4374838.839
Rubus chamaemorus,4616985.648,3861793.527
Rubus chamaemorus,4589826.755,4411518.495
Rubus chamaemorus,4784011.988,4142021.347
Rubus chamaemorus,4633099.542,5148019.246
Rubus chamaemorus,4616646.49,4467802.594
Rubus chamaemorus,4078209.44,4241973.672
Rubus chamaemorus,4610986.381,4226631.092
Rubus chamaemorus,4821223.303,4899451.853999999
Rubus chamaemorus,5041262.542000001,5311932.986
Rubus chamaemorus,4474905.395,3885693.706
Rubus chamaemorus,4494458.284,4078299.077
Rubus chamaemorus,4649521.31,3900420.072
Rubus chamaemorus,4670352.173,4006700.853
Rubus chamaemorus,4630681.93,4124683.254
Rubus chamaemorus,4464717.858,4176332.298
Rubus chamaemorus,4560326.065,4603475.568
Rubus chamaemorus,4535157.715,4182780.8089999994
Rubus chamaemorus,4662167.859,5111069.845
Rubus chamaemorus,4437331.007,3858722.158
Rubus chamaemorus,4724029.884,4786195.226
Rubus chamaemorus,4685148.579,4133958.41
Rubus chamaemorus,4682987.033,4213113.892
Rubus chamaemorus,4669305.644,4512288.643
Rubus chamaemorus,4630800.958,3769152.666
Rubus chamaemorus,4674852.108,4197211.729
Rubus chamaemorus,4468683.923,3834568.5890000006
Rubus chamaemorus,4588705.682,3972013.268
Rubus chamaemorus,4293404.188,4067427.61
Rubus chamaemorus,4530388.788,3649995.096000001
Rubus chamaemorus,4673564.738,4531941.671
Rubus chamaemorus,4474386.221,3840822.14
Rubus chamaemorus,4859577.46,4936697.275000001
Rubus chamaemorus,4702896.88,3859781.104
Rubus chamaemorus,4707135.724,4110841.564
Rubus chamaemorus,4509605.517,3658541.358
Rubus chamaemorus,4288039.701,4301418.139
Rubus chamaemorus,4607210.04,4276586.459
Rubus chamaemorus,4602162.09,4418163.868
Rubus chamaemorus,4888478.276,4918676.806
Rubus chamaemorus,4797861.605,4638893.185
Rubus chamaemorus,4433897.409,4068670.244
Rubus chamaemorus,4621463.904,3699233.729
Rubus chamaemorus,4656284.288,3890622.523
Rubus chamaemorus,4852563.414,4916565.812
Rubus chamaemorus,4635644.104,4514048.207
Rubus chamaemorus,4953319.091,4828907.194
Rubus chamaemorus,4515179.038,4053875.47
Rubus chamaemorus,4699496.312,4251012.647
Rubus chamaemorus,4495474.061,3817703.143
Rubus chamaemorus,4633200.205,3914772.827
Rubus chamaemorus,4545740.345,3657099.106
Rubus chamaemorus,5111157.453,5291195.636
Rubus chamaemorus,4412517.554,3910940.664
Rubus chamaemorus,4435587.148,4037212.177
Rubus chamaemorus,4515747.733,4339038.038
Rubus chamaemorus,4554486.492,4073005.572
Rubus chamaemorus,4874043.985,4987057.796
Rubus chamaemorus,4655762.42,4720246.781
Rubus chamaemorus,4612457.989,3751273.407
Rubus chamaemorus,4925991.766,4862747.154
Rubus chamaemorus,4647195.306,4160491.362
Rubus chamaemorus,4671953.477,4332980.532
Rubus chamaemorus,4670762.362,4872503.467
Rubus chamaemorus,4480208.727,3876124.602
Rubus chamaemorus,4672659.634,4322999.49
Rubus chamaemorus,4653477.81,4035450.301
Rubus chamaemorus,4510009.198,4238380.129
Rubus chamaemorus,4701967.992,3825164.2
Rubus chamaemorus,4597583.051,4388079.086
Rubus chamaemorus,4838193.544,5019826.71
Rubus chamaemorus,4633722.996,3684015.435
Rubus chamaemorus,4070428.622,4265187.192
Rubus chamaemorus,4520950.957,3875776.302
Rubus chamaemorus,4637481.132,4375067.876
Rubus chamaemorus,4679565.841,4263827.542
Rubus chamaemorus,4632068.075,4340335.382
Rubus chamaemorus,4664249.311,4306952.096
Rubus chamaemorus,4759020.929,4655521.768
Rubus chamaemorus,4489479.15,3842303.57
Rubus chamaemorus,4851171.46,4801104.718
Rubus chamaemorus,4548109.431,4142251.3550000004
Rubus chamaemorus,4588682.861,3895456.408
Rubus chamaemorus,4872316.552,4976431.384
Rubus chamaemorus,4561942.888,4613864.725
Rubus chamaemorus,4610234.013,4476875.5
Rubus chamaemorus,4597753.056,4555782.536
Rubus chamaemorus,4770868.004,4520398.137
Rubus chamaemorus,4417514.98,4371335.433
Rubus chamaemorus,4565957.006,3818257.706
Rubus chamaemorus,4395048.877,3923152.323
Rubus chamaemorus,4563885.079,4633157.38
Rubus chamaemorus,4885199.743999999,4992636.831000001
Rubus chamaemorus,4631496.385,3877848.9279999994
Rubus chamaemorus,4734572.093,4428137.946
Rubus chamaemorus,4656682.869,4100417.762
Rubus chamaemorus,4676173.019,3752120.023
Rubus chamaemorus,4648167.492,3916257.916
Rubus chamaemorus,4476501.837,4764943.168
Rubus chamaemorus,4553513.395,4628081.851
Rubus chamaemorus,4600498.618,4337351.956
Rubus chamaemorus,4533775.28,3606192.494999999
Rubus chamaemorus,4087149.08,4324184.449
Rubus chamaemorus,4538891.478,4242203.389
Rubus chamaemorus,4817766.382000001,4852413.268
Rubus chamaemorus,4666540.783,4278540.155
Rubus chamaemorus,4586120.468,4155757.823
Rubus chamaemorus,4475737.627,3870619.602
Rubus chamaemorus,4629730.693,3723636.693
Rubus chamaemorus,4536978.017,4281508.34
Rubus chamaemorus,4650164.491,3716455.113
Rubus chamaemorus,4853160.027,4725954.165
Rubus chamaemorus,4566736.661,3694745.483
Rubus chamaemorus,4812402.401,4913487.63
Rubus chamaemorus,4704551.986,3965349.677
Rubus chamaemorus,4621492.512,3757559.285
Rubus chamaemorus,4653192.085,4312032.651
Rubus chamaemorus,4713766.393,4101330.33
Rubus chamaemorus,4718281.553,4541550.63
Rubus chamaemorus,4828041.02,4714959.776
Rubus chamaemorus,4521870.528,4215662.745
Rubus chamaemorus,4736045.832999999,4522584.724
Rubus chamaemorus,4975131.643,5372185.942
Rubus chamaemorus,4591507.843,3755363.965
Rubus chamaemorus,4742810.172,4876997.586
Rubus chamaemorus,4511033.785,4104937.974000001
Rubus chamaemorus,4615491.874,4178253.5339999995
Rubus chamaemorus,4557461.762,4147656.955
Rubus chamaemorus,4406798.931,4556919.814
Rubus chamaemorus,4499160.195,4129883.8810000005
Rubus chamaemorus,4558686.005,3623278.456
Rubus chamaemorus,4779171.902,4591031.746
Rubus chamaemorus,4072158.186,4064950.231
Rubus chamaemorus,4517992.911,4725986.278
Rubus chamaemorus,4698612.999,3914646.728
Rubus chamaemorus,4498431.888,4303676.576
Rubus chamaemorus,4739738.818,4479532.72
Rubus chamaemorus,4547563.984,3736449.515
Rubus chamaemorus,4582394.217,3750380.474
Rubus chamaemorus,4464125.177,4296553.291
Rubus chamaemorus,4527068.208,3778550.047
Rubus chamaemorus,4588158.11,4256773.389
Rubus chamaemorus,4474110.778,3841389.948
Rubus chamaemorus,4423277.688,4119978.16
Rubus chamaemorus,4855239.02,4587186.287
Rubus chamaemorus,4612199.291,4047460.371
Rubus chamaemorus,4132696.0679999995,3975029.219
Rubus chamaemorus,4693900.557,4020104.363
Rubus chamaemorus,4652174.267,4216340.56
Rubus chamaemorus,4580924.15,3645592.949
Rubus chamaemorus,4627803.103,3798768.77
Rubus chamaemorus,4720689.673,4486613.569
Rubus chamaemorus,4555982.078,3822727.264
Rubus chamaemorus,4790846.347,4782177.086
Rubus chamaemorus,4478442.538,4247158.348
Rubus chamaemorus,4458562.234,4416065.08
Rubus chamaemorus,4455395.593,4480315.285
Rubus chamaemorus,4791824.318,4999642.122
Rubus chamaemorus,4617656.313,4367937.808
Rubus chamaemorus,4795985.2530000005,4626696.549
Rubus chamaemorus,4562315.807,4088651.771
Rubus chamaemorus,4585575.7,3829713.446
Rubus chamaemorus,4515837.179,4285316.118
Rubus chamaemorus,4438219.355,3913408.711
Rubus chamaemorus,4816386.965,3813102.86
Rubus chamaemorus,4695052.6,4129470.528
Rubus chamaemorus,4695159.4,4574069.871
Rubus chamaemorus,4919643.121000001,4821660.728
Rubus chamaemorus,4813192.063,4837959.22
Rubus chamaemorus,4431826.935,3846318.223
Rubus chamaemorus,4533364.886,4087021.653
Rubus chamaemorus,4529724.999,4242151.798
Rubus chamaemorus,4716599.676,4466132.076
Rubus chamaemorus,4215996.989,4146964.478
Rubus chamaemorus,4858047.247,5246768.904
Rubus chamaemorus,4708614.17,3985777.257
Rubus chamaemorus,4885343.275,4898224.6620000005
Rubus chamaemorus,4709708.798,4412426.397
Rubus chamaemorus,4643092.058,4405299.39
Rubus chamaemorus,4689035.471,4874315.079
Rubus chamaemorus,4738989.072,4083411.307
Rubus chamaemorus,4717086.619,3870216.98
Rubus chamaemorus,4616532.112,4283435.698
Rubus chamaemorus,4798138.785,4866682.076
Rubus chamaemorus,4440343.684,4146917.818
Rubus chamaemorus,4559349.002,3953914.099
Rubus chamaemorus,4504741.151,3696002.221
Rubus chamaemorus,4490831.786,4218006.991
Rubus chamaemorus,4545496.678,3656898.593
Rubus chamaemorus,4555020.304,3772227.092
Rubus chamaemorus,4519983.598,4296602.342
Rubus chamaemorus,4750578.287,4133276.711
Rubus chamaemorus,4761931.563,4480403.832
Rubus chamaemorus,4436574.988,3933053.807
Rubus chamaemorus,4944793.811000001,4843308.754
Rubus chamaemorus,4470348.201,4010457.4440000006
Rubus chamaemorus,4538507.698,4151217.731
Rubus chamaemorus,4660323.145,4011816.6639999994
Rubus chamaemorus,4556151.713,3982620.384
Rubus chamaemorus,4574869.69,4169871.547
Rubus chamaemorus,4732820.793,3752379.698
Rubus chamaemorus,4499821.361,3778109.558
Rubus chamaemorus,4840763.042,3841858.963
Rubus chamaemorus,4497987.552,4028349.821
Rubus chamaemorus,4764464.848,4865875.896
Rubus chamaemorus,4519085.565,3758616.364
Rubus chamaemorus,4439370.867,3998413.181
Rubus chamaemorus,4598633.544,3906375.206
Rubus chamaemorus,4729216.108,4802529.123
Rubus chamaemorus,4126881.4100000006,4184704.211
Rubus chamaemorus,4569611.373,4123728.073
Rubus chamaemorus,4785481.916,4546460.757
Rubus chamaemorus,4645744.488,4286134.887
Rubus chamaemorus,4643295.36,4201385.99
Rubus chamaemorus,4849017.6790000005,4950785.056
Rubus chamaemorus,4602587.502,3687295.3749999995
Rubus chamaemorus,4608487.347,4141756.845
Rubus chamaemorus,4587195.587,3859613.958
Rubus chamaemorus,4583078.685,4216693.643
Rubus chamaemorus,4701130.784,4356877.942
Rubus chamaemorus,4805840.464999999,4538694.425
Rubus chamaemorus,4779897.94,4136503.46
Rubus chamaemorus,4835687.276,5253069.7
Rubus chamaemorus,4650657.409,4630045.643
Rubus chamaemorus,4650688.981,4382336.725
Rubus chamaemorus,4630964.23,4763095.74
Rubus chamaemorus,4686691.713,4284932.28
Rubus chamaemorus,4477730.982,3775057
Rubus chamaemorus,4722294.007,3941617.268
Rubus chamaemorus,4603677.066,4191337.826
Rubus chamaemorus,4546926.144,3696770.507
Rubus chamaemorus,4534954.373,4580990.443
Rubus chamaemorus,4688701.257,4028948.226
Rubus chamaemorus,4507552.106,3797693.042
Rubus chamaemorus,4323687.081,4328283.328
Rubus chamaemorus,4600498.789,4492532.541
Rubus chamaemorus,4342456.865,4480145.329
Rubus chamaemorus,4623930.576,4309757.046
Rubus chamaemorus,4305013.177,4244800.022
Rubus chamaemorus,4653454.027,3796367.24
Rubus chamaemorus,4688752.168,3792507.781
Rubus chamaemorus,4829330.062,4725284.841
Rubus chamaemorus,4690285.677,4254147.591
Rubus chamaemorus,4736492.622,4639308.502
Rubus chamaemorus,4615865.627,4188076.514
Rubus chamaemorus,4569016.222,4504698.699
Rubus chamaemorus,4664019.271,3842398.539
Rubus chamaemorus,4596523.843,4377072.376
Rubus chamaemorus,4703589.392,4435217.725
Rubus chamaemorus,4705930.777,4621194.216
Rubus chamaemorus,4598956.462,3830731.289
Rubus chamaemorus,4484472.936,4062465.6179999993
Rubus chamaemorus,4457152.441,3788481.993
Rubus chamaemorus,4528037.864,3684995.973
Rubus chamaemorus,4768923.901,4804856.209
Rubus chamaemorus,4569681.853,4418547.871
Rubus chamaemorus,4499218.923,3837624.159
Rubus chamaemorus,4563180.381,3848189.085
Rubus chamaemorus,4612622.052,3857662.952
Rubus chamaemorus,4609647.572,5068094.921
Rubus chamaemorus,4750227.128,4019289.009
Rubus chamaemorus,4553459.423,3727804.9
Rubus chamaemorus,4457997.244,4109442.1
Rubus chamaemorus,4707628.179,4456422.559
Rubus chamaemorus,4591446.029,3746391.368
Rubus chamaemorus,4592047.929,3804932.298
Rubus chamaemorus,4399950.237,4151254.041
Rubus chamaemorus,4825396.033,4780515.075
Rubus chamaemorus,4515500.474,4351174.929
Rubus chamaemorus,4840377.438,3883757.562
Rubus chamaemorus,4625774.959,3754003.668
Rubus chamaemorus,4707686.114,3815566.1929999995
Rubus chamaemorus,4731485.11,3751475.86
Rubus chamaemorus,4795560.284,4822148.939
Rubus chamaemorus,4510263.116,4395219.83
Rubus chamaemorus,4464809.103,3939474.465
Rubus chamaemorus,4726904.907,4042588.539
Rubus chamaemorus,4841712.422,4560517.38
Rubus chamaemorus,4808630.886,4583621.365
Rubus chamaemorus,4606933.365,3698136.459
Rubus chamaemorus,4506081.836,4364428.238
Rubus chamaemorus,4175459.309,4103105.589
Rubus chamaemorus,4848469.362,4707792.103
Rubus chamaemorus,4691961.982,3939248.131
Rubus chamaemorus,4605745.937,3772387.771
Rubus chamaemorus,4585271.733,3692763.689
Rubus chamaemorus,4554128.304,3662802.755
Rubus chamaemorus,4863889.345,4734018.354
Rubus chamaemorus,4665301.751,4483479.598
Rubus chamaemorus,4613453.555,4413162.374
Rubus chamaemorus,4690093.997,3763210.484
Rubus chamaemorus,4544256.706,4493112.135
Rubus chamaemorus,4932977.234,4923128.095
Rubus chamaemorus,4593607.923,4357138.721
Rubus chamaemorus,4415685.032,3919107.7259999993
Rubus chamaemorus,4692360.506,4214822.483
Rubus chamaemorus,4682839.239,4443494.566
Rubus chamaemorus,4544842.49,3936781.502
Rubus chamaemorus,4719195.674,4141433.506
Rubus chamaemorus,4634074.282,4069773.519
Rubus chamaemorus,4590351.846,3821157.917
Rubus chamaemorus,4703069.638,4559732.22
Rubus chamaemorus,4607623.935,4257710.366
Rubus chamaemorus,4769022.593,4691666.246
Rubus chamaemorus,4535170.396,4326690.37
Rubus chamaemorus,4474179.116,3791499.441
Rubus chamaemorus,4565649.738,3659287.65
Rubus chamaemorus,4456717.773,4311302.123
Rubus chamaemorus,4624333.085,4413391.345
Rubus chamaemorus,4682216.967,4649254.231
Rubus chamaemorus,4771686.406,4701851.77
Rubus chamaemorus,4940867.536,5279558.993
Rubus chamaemorus,4708174.009,4591894.027
Rubus chamaemorus,4407033.369,4557017.325
Rubus chamaemorus,4908814.358,4909763.428
Rubus chamaemorus,4401827.24,3976216.2570000007
Rubus chamaemorus,4534270.172,3780343.546
Rubus chamaemorus,4671882.242,4438614.265
Rubus chamaemorus,4702878.669,3734098.046
Rubus chamaemorus,4668143.896,4151709.371
Rubus chamaemorus,4629776.344,4135322.262
Rubus chamaemorus,4928451.862,4871736.404
Rubus chamaemorus,4704116.862,4521497.82
Rubus chamaemorus,4498429.619,4253623.05
Rubus chamaemorus,4441396.965,4367588.716
Rubus chamaemorus,4633246.404,4219569.333
Rubus chamaemorus,4443495.691,4293494.062
Rubus chamaemorus,4690177.428,3953651.653000001
Rubus chamaemorus,4747857.693,4444314.423
Rubus chamaemorus,4860342.666,4711876.537
Rubus chamaemorus,4722367.933,4507224.993
Rubus chamaemorus,4240536.748,4168147.179
Rubus chamaemorus,4414981.464,4341342.43
Rubus chamaemorus,4479783.578,4121572.337
Rubus chamaemorus,4658958.024,3785297.8
Rubus chamaemorus,4386957.235,4640730.223
Rubus chamaemorus,4568292.14,4260644.107
Rubus chamaemorus,4583108.699,3965821.244
Rubus chamaemorus,4396844.571,4117204.115
Rubus chamaemorus,4487046.956,4043780.943
Rubus chamaemorus,4580607.724,3825504.863
Rubus chamaemorus,4551263.176,4374629.226
Rubus chamaemorus,4754308.105,4138857.943
Rubus chamaemorus,4704486.778,4029510.6
Rubus chamaemorus,4759307.707000001,4997655.469
Rubus chamaemorus,4681405.432,3757672.3319999995
Rubus chamaemorus,4527230.551,4456059.405
Rubus chamaemorus,4601933.433,4112791.006
Rubus chamaemorus,4666239.334,4172469.15
Rubus chamaemorus,4440735.216,3982925.47
Rubus chamaemorus,4573574.952,4608498.138
Rubus chamaemorus,4717832.396,4475460.868
Rubus chamaemorus,4654698.887,3708575.228
Rubus chamaemorus,4810787.601,4063913.596
Rubus chamaemorus,4559206.747,4128812.285
Rubus chamaemorus,4646601.162,4510819.32
Rubus chamaemorus,4831912.405,5078614.854
Rubus chamaemorus,4644062.825,4079516.086
Rubus chamaemorus,4677882.964,4168416.715
Rubus chamaemorus,4762796.268,4055057.578
Rubus chamaemorus,4769779.569,4140668.417
Rubus chamaemorus,4564573.119,4308491.503
Rubus chamaemorus,4509550.325,4469585.961
Rubus chamaemorus,4664882.583,4298610.971
Rubus chamaemorus,4473510.108,4077455.477
Rubus chamaemorus,4565807.68,3884618.84
Rubus chamaemorus,4635012.851,4585594.5
Rubus chamaemorus,4827861.874,4914499.560999999
Rubus chamaemorus,4857252.933999999,5036800.613
Rubus chamaemorus,4638019.297,4044941.869
Rubus chamaemorus,4595220.369,4366176.918
Rubus chamaemorus,4637941.273,3809151.814
Rubus chamaemorus,4616641.892,4523034.41
Rubus chamaemorus,4852980.931,4653380.713
Rubus chamaemorus,4641987.373,4556477.935
Rubus chamaemorus,4502385.001,3753356.542999999
Rubus chamaemorus,4790004.509,5254791.947
Rubus chamaemorus,4463617.862,4195309.648
Rubus chamaemorus,4272997.897,4296567.871
Rubus chamaemorus,4715122.263,4521420.42
Rubus chamaemorus,4174052.801,4274942.716
Rubus chamaemorus,4587226.862,4265256.327
Rubus chamaemorus,4621392.732,3823409.403
Rubus chamaemorus,4652403.852,4631733.84
Rubus chamaemorus,4619773.239,4068990.749
Rubus chamaemorus,4633982.118,3789805.899
Rubus chamaemorus,4580905.889,4110717.762
Rubus chamaemorus,4583530.149,4361791.968
Rubus chamaemorus,4468705.522,4125038.49
Rubus chamaemorus,4574578.463,4065129.723
Rubus chamaemorus,4722977.432,3926272.063
Rubus chamaemorus,4575489.823,4305483.775
Rubus chamaemorus,4406139.37,3926404.555
Rubus chamaemorus,4884602.755,4898077.29
Rubus chamaemorus,4576046.399,4564097.08
Rubus chamaemorus,4800914.656,4985642.533000001
Rubus chamaemorus,4667313.456,3926762.816
Rubus chamaemorus,4615860.068,4458806.413
Rubus chamaemorus,4783130.776,4092201.589
Rubus chamaemorus,4525965.982,3879895.164
Rubus chamaemorus,4934127.335,4920863.616
Rubus chamaemorus,4224006.059,4220984.289
Rubus chamaemorus,4566313.316,4289543.102
Rubus chamaemorus,4894669.626000001,4809232.734
Rubus chamaemorus,4585527.069,3814712.253
Rubus chamaemorus,4507593.423,4259631.323
Rubus chamaemorus,4542937.425,4557040.471
Rubus chamaemorus,4538792.772,3837439.805
Rubus chamaemorus,4870440.129,4793325.556
Rubus chamaemorus,4883185.719999999,4888540.218
Rubus chamaemorus,4665579.676,3827930.419
Rubus chamaemorus,4810743.176,4669335.763
Rubus chamaemorus,4614988.599,3782912.757
Rubus chamaemorus,4848276.165,4940071.49
Rubus chamaemorus,4697556.993,4480030.91
Rubus chamaemorus,4630959.056,3879850.022
Rubus chamaemorus,4270958.811,4114969.62
Rubus chamaemorus,4439015.65,3948410.5049999994
Rubus chamaemorus,4807935.782,4103689.748
Rubus chamaemorus,4627160.507,3698219.658
Rubus chamaemorus,4689788.948,3778471.225
Rubus chamaemorus,4533284.45,3681572.026
Rubus chamaemorus,4643829.944,3712741.0369999995
Rubus chamaemorus,4696732.805,3709864.515
Rubus chamaemorus,4435734.292,3911693.386
Rubus chamaemorus,4578178.901,4264727.96
Rubus chamaemorus,4469734.121,4411677.932
Rubus chamaemorus,4833982.381,4755205.768
Rubus chamaemorus,4715701.535,4532761.191
Rubus chamaemorus,4646169.154,4511657.177
Rubus chamaemorus,4660390.998,4012359.218
Rubus chamaemorus,4864961.131,4911218.318
Rubus chamaemorus,4545335.24,4061585.529
Rubus chamaemorus,4484805.264,4371280.788
Rubus chamaemorus,4785598.572,4068078.67
Rubus chamaemorus,4630067.787,4348385.766
Rubus chamaemorus,4836845.35,3830130.173
Rubus chamaemorus,4485903.41,3790601.899
Rubus chamaemorus,4697047.021,4281180.898
Rubus chamaemorus,4493162.286,4188379.608
Rubus chamaemorus,4537611.511,3750496.4309999994
Rubus chamaemorus,4652342.448,4331809.489
Rubus chamaemorus,4681375.909,4798606.5479999995
Rubus chamaemorus,4616587.817,3928418.708
Rubus chamaemorus,4771014.402,5014344.255
Rubus chamaemorus,4573287.8,4654710.911
Rubus chamaemorus,4537741.225,4602251.483
Rubus chamaemorus,4629362.744,4360312.964
Rubus chamaemorus,4597095.531,4557795.729
Rubus chamaemorus,5068839.081,5340750.589
Rubus chamaemorus,4393167,4240057.745
Rubus chamaemorus,4563761.964,4539068.29
Rubus chamaemorus,4642393.554,3970449.623
Rubus chamaemorus,4875663.961,4997896.264
Rubus chamaemorus,4734946.313,4523828.537
Rubus chamaemorus,4466897.147,3970057.877
Rubus chamaemorus,4692586.667,4320445.201
Rubus chamaemorus,4485496.051,3821628.149
Rubus chamaemorus,4598350.308,4271465.776
Rubus chamaemorus,4567962.669,4589042.28
Rubus chamaemorus,4114867.692,3938276.11
Rubus chamaemorus,4549952.801,5093976.019
Rubus chamaemorus,4212011.742,4043004.971
Rubus chamaemorus,4673887.048,4312796.198
Rubus chamaemorus,4788464.998,4662168.722
Rubus chamaemorus,4611520.66,4106613.862
Rubus chamaemorus,4765995.181,4649496.554
Rubus chamaemorus,4784130.468,4157155.578
Rubus chamaemorus,4605830.036,4687583.057
Rubus chamaemorus,4086915.84,4324085.649
Rubus chamaemorus,4790381.471,4805804.415
Rubus chamaemorus,4591907.028,4216265.233
Rubus chamaemorus,4816772.591,5033229.047
Rubus chamaemorus,4567487.602,3656674.213
Rubus chamaemorus,4513365.545,3729482.502
Rubus chamaemorus,4527937.367,4370151.838
Rubus chamaemorus,4802410.847,4758606.679
Rubus chamaemorus,4743298.383,4158472.556
Rubus chamaemorus,4649341.122,3961534.035
Rubus chamaemorus,4438918.101,3871737.374
Rubus chamaemorus,4623837.2,3718028.053
Rubus chamaemorus,4692243.147,4093728.117
Rubus chamaemorus,4790285.02,4022727.73
Rubus chamaemorus,4849342.381,3890732.065
Rubus chamaemorus,4669894.667,3838209.514
Rubus chamaemorus,4729566.609,4577746.774
Rubus chamaemorus,4608402.531,4478075.029
Rubus chamaemorus,4808818.703000001,3854315.429
Rubus chamaemorus,4677449.384,3984157.2
Rubus chamaemorus,4552781.897,5086061.537
Rubus chamaemorus,5005735.591,5330503.901000001
Rubus chamaemorus,4674462.095,4662560.967
Rubus chamaemorus,4831021.155,4650192.397
Rubus chamaemorus,4642939.266,4720415.012
Rubus chamaemorus,4850629.279,4871416.705
Rubus chamaemorus,4690780.015,4225043.639
Rubus chamaemorus,4696368.41,4174834.644
Rubus chamaemorus,4593929.567,3839898.247
Rubus chamaemorus,4619213.71,4358858.35
Rubus chamaemorus,4804085.045,5184879.26
Rubus chamaemorus,4663617.805,4546377.355
Rubus chamaemorus,4629299.751,4250452.553
Rubus chamaemorus,4612897.608,4598028.982
Rubus chamaemorus,4867867.706,4752633.755
Rubus chamaemorus,4639259.902,3779230.081
Rubus chamaemorus,4834092.755,4928388.865000001
Rubus chamaemorus,4671516.058,3992810.648
Rubus chamaemorus,4597628.648,4271841.549
Rubus chamaemorus,4858527.919,4777963.216
Rubus chamaemorus,4761452.615,4004134.417
Rubus chamaemorus,4505716.275,4363769.571
Rubus chamaemorus,4872517.63,4888777.795
Rubus chamaemorus,4554485.302,3772766.652
Rubus chamaemorus,4509972.825,4468589.842
Rubus chamaemorus,4604970.018,4172098.046
Rubus chamaemorus,4589789.859,4626873.3
Rubus chamaemorus,4572053.197,4440211.917
Rubus chamaemorus,4423959.497,4137530.7019999996
Rubus chamaemorus,4173946.981,4168045.806
Rubus chamaemorus,4639750.68,4674963.261
Rubus chamaemorus,4784341.391,4941514.152
Rubus chamaemorus,4727826.1790000005,4537444.845
Rubus chamaemorus,4831866.377,4564426.558
Rubus chamaemorus,4700109.617,4010171.887
Rubus chamaemorus,4476801.679,4152734.575
Rubus chamaemorus,4286046.907,4451879.198
Rubus chamaemorus,4865413.628,4901588.756
Rubus chamaemorus,4755696.655,4074541.253
Rubus chamaemorus,4554947.815,3957810.3
Rubus chamaemorus,4629286.736,4473751.386
Rubus chamaemorus,4528041.942,3676598.696
Rubus chamaemorus,4566049.824,4399461.332
Rubus chamaemorus,4717657.021,4156955.715
Rubus chamaemorus,4762374.887,4174112.939
Rubus chamaemorus,4527954.873,3680036.978
Rubus chamaemorus,4233962.803,4118207.1760000004
Rubus chamaemorus,4694965.526,3944764.996
Rubus chamaemorus,4841086.821,4721637.732
Rubus chamaemorus,4791852.398,4955192.399
Rubus chamaemorus,4454200.343,4190271.009
Rubus chamaemorus,4669074.76,3837920.462
Rubus chamaemorus,4545721.812,4408016.937
Rubus chamaemorus,4535468.711,4421460.62
Rubus chamaemorus,4464995.834,4060483.758
Rubus chamaemorus,4853523.74,4651814.639
Rubus chamaemorus,4617455.136,4379405.305
Rubus chamaemorus,4562855.443,3857983.3070000005
Rubus chamaemorus,4417070.13,4561006.271
Rubus chamaemorus,4652702.34,3750251.0940000005
Rubus chamaemorus,4575672.307,3692808.636
Rubus chamaemorus,4679203.176,3737243.953
Rubus chamaemorus,4676822.89,4169149.035
Rubus chamaemorus,4797201.023,4738720.286
Rubus chamaemorus,4612170.074,4402925.135
Rubus chamaemorus,4540463.541,4121177.9139999994
Rubus chamaemorus,4753697.787,4757834.45
Rubus chamaemorus,4954256.691,4828775.514
Rubus chamaemorus,4555407.357,3690105.847
Rubus chamaemorus,4775855.444,4864958.838
Rubus chamaemorus,4380033.374,4425764.133
Rubus chamaemorus,4230065.686,4088114.9989999994
Rubus chamaemorus,4639941.119,4014213.468
Rubus chamaemorus,4140928.501,4193304.672
Rubus chamaemorus,4468570.301,3909784.686
Rubus chamaemorus,4693488.883,4523800.046
Rubus chamaemorus,4517639.029,3679718.399
Rubus chamaemorus,4045601.288,4238560.126
Rubus chamaemorus,4461079.749,4100286.831
Rubus chamaemorus,4553950.855,4543230.25
Rubus chamaemorus,4402424.259,4645057.892
Rubus chamaemorus,4496454.589,3927140.1140000005
Rubus chamaemorus,4612692.478,4108144.781
Rubus chamaemorus,4630394.134,4349100.904
Rubus chamaemorus,4600066.747,3765423.995
Rubus chamaemorus,4480235.277,4217466.161
Rubus chamaemorus,4456307.293,3858761.8439999996
Rubus chamaemorus,4892435.643,4853427.964
Rubus chamaemorus,4387063.266,4584239.889
Rubus chamaemorus,4554558.518,3837162.23
Rubus chamaemorus,4894632.653,4874773.313
Rubus chamaemorus,4423570.652,3897105.501
Rubus chamaemorus,4343026.41,4244438.008
Rubus chamaemorus,4273875.826,4057271.136
Rubus chamaemorus,4601582.752,4576853.024
Rubus chamaemorus,4556754.862,4317643.417
Rubus chamaemorus,4857513.614999999,4851274.256
Rubus chamaemorus,4346063.977,4157983.474
Rubus chamaemorus,4618118.291,4262864.625
Rubus chamaemorus,4636800.316,3869733.915
Rubus chamaemorus,4815480.081,4623116.183
Rubus chamaemorus,4580021.939,4011018.552
Rubus chamaemorus,4506558.579,3699787.584
Rubus chamaemorus,4661680.458,4463308.858
Rubus chamaemorus,4519453.918,4121579.344
Rubus chamaemorus,4234375.444,4369751.812
Rubus chamaemorus,4774395.424,4551432.57
Rubus chamaemorus,4542373.272,4472060.21
Rubus chamaemorus,4477248.061,3784482.191
Rubus chamaemorus,4680618.873,4003174.635
Rubus chamaemorus,4865164.458,5322848.488
Rubus chamaemorus,4689825.111,4800177.747
Rubus chamaemorus,4448308.134,3959073.761
Rubus chamaemorus,4750696.493,4788233.939
Rubus chamaemorus,4607988.939,4258115.766
Rubus chamaemorus,4798024.882000001,4563925.958
Rubus chamaemorus,4573804.966,4189469.355
Rubus chamaemorus,4714068.121,3790980.639999999
Rubus chamaemorus,4512469.867,4318904.99
Rubus chamaemorus,4560522.702,4602320.432
Rubus chamaemorus,4652822.164,3680740.639999999
Rubus chamaemorus,4592754.977,3691482.204
Rubus chamaemorus,4713533.391,3975971.846
Rubus chamaemorus,4888409.172,4919318.4520000005
Rubus chamaemorus,4634298.062,4421310.838
Rubus chamaemorus,4803589.248,4883463.094
Rubus chamaemorus,4610162.563,3997681.2820000006
Rubus chamaemorus,4647768.776,4371382.346
Rubus chamaemorus,4566380.754,3709205.195
Rubus chamaemorus,4413364.827,3940058.844
Rubus chamaemorus,4680083.448,4888622.827
Rubus chamaemorus,4858644.944,4606962.973
Rubus chamaemorus,4731046.443,4995718.376
Rubus chamaemorus,4398641.054,3970793.848
Rubus chamaemorus,4545524.581,3706899.221
Rubus chamaemorus,4592121.759,4517442.259
Rubus chamaemorus,4876337.858,4822649.690999999
Rubus chamaemorus,4576419.617,3709444.39
Rubus chamaemorus,4645551.219,3895728.003
Rubus chamaemorus,4301411.51,4197152.137
Rubus chamaemorus,4529551.508,4126119.502
Rubus chamaemorus,4601059.467,4062244.711
Rubus chamaemorus,4499030.009,4008191.301
Rubus chamaemorus,4691857.885,3762964.641
Rubus chamaemorus,4694147.827,4319859.382
Rubus chamaemorus,4471706.396,4336424.366
Rubus chamaemorus,4639831.505,4750984.576
Rubus chamaemorus,4672455.578,4102419.432
Rubus chamaemorus,4648746.936,4585710.983
Rubus chamaemorus,4725171.522,4192409.11
Rubus chamaemorus,4748194.734,4817937.872
Rubus chamaemorus,4434851.914,4499025.679
Rubus chamaemorus,4601125.097,4231621.741
Rubus chamaemorus,4580616.294,4236613.906
Rubus chamaemorus,4720606.344,3829878.092
Rubus chamaemorus,4828834.556,4914297.591
Rubus chamaemorus,4493860.173,4058400.679
Rubus chamaemorus,4764603.019,4761427.124
Rubus chamaemorus,4871230.442,4869023.618
Rubus chamaemorus,4106938.659,4077523.503
Rubus chamaemorus,4678584.077,4499708.242
Rubus chamaemorus,4626339.247,4370257.123
Rubus chamaemorus,4630583.248,3767834.013
Rubus chamaemorus,4589205.236,3724714.202
Rubus chamaemorus,4723757.281,4860417.647
Rubus chamaemorus,4517568.894,4524829.679
Rubus chamaemorus,4655688.259,3876265.08
Rubus chamaemorus,4844347.277,4656327.382
Rubus chamaemorus,4570409.587,4505650.987
Rubus chamaemorus,4458290.738,4035510.343
Rubus chamaemorus,4675108.347,3776928.195
Rubus chamaemorus,4671745.79,4372223.076
Rubus chamaemorus,4632847.12,4329298.014
Rubus chamaemorus,4622998.501,4309675.7
Rubus chamaemorus,4512126.543,4104526.511
Rubus chamaemorus,4701600.508,3949471.567
Rubus chamaemorus,4695466.56,3945372.161
Rubus chamaemorus,4648343.886,4660736.785
Rubus chamaemorus,4898761.187,4828842.628
Rubus chamaemorus,4719294.629,3966368.241
Rubus chamaemorus,4641353.186,4240271.346
Rubus chamaemorus,4703801.528,4030333.015
Rubus chamaemorus,4483516.711,3911333.702
Rubus chamaemorus,4596152.717,4167807.558
Rubus chamaemorus,4609131.492,4393930.821
Rubus chamaemorus,4571297.251,3757879.713
Rubus chamaemorus,4436586.949,4237027.992
Rubus chamaemorus,4635580.182,4734608.946
Rubus chamaemorus,4830079.976,5284978.578
Rubus chamaemorus,4600858.559,4117273.009
Rubus chamaemorus,4667356.914,3735877.4
Rubus chamaemorus,4545978.705,4053406.096
Rubus chamaemorus,4539210.32,3665698.091
Rubus chamaemorus,4747545.496,4893191.812
Rubus chamaemorus,4635604.972,4179974.987
Rubus chamaemorus,4572763.81,3923568.464
Rubus chamaemorus,4548428.631,4363865.663
Rubus chamaemorus,4440050.316,3949266.611
Rubus chamaemorus,4914278.79,4792409.407
Rubus chamaemorus,4479992.448,4112193.522
Rubus chamaemorus,4548074.297,3677079.267
Rubus chamaemorus,4631780.803,3818829.388
Rubus chamaemorus,4786108.28,4067288.691
Rubus chamaemorus,4683996.811,3913195.96
Rubus chamaemorus,4472213.623,3976922.233
Rubus chamaemorus,4561148.483,3828747.522
Rubus chamaemorus,4593732.325,4026406.596
Rubus chamaemorus,4487301.602,4467110.593
Rubus chamaemorus,4821264.566,5077965.184
Rubus chamaemorus,4702122.158,3748955.446
Rubus chamaemorus,4859918.504,4786799.382
Rubus chamaemorus,4677609.604,4488683.579
Rubus chamaemorus,4564199.182,4309868.228
Rubus chamaemorus,4814158.522,3858734.769
Rubus chamaemorus,4729283.571,4727594.317
Rubus chamaemorus,4537852.775,3785957.415
Rubus chamaemorus,4588034.539,4096860.408
Rubus chamaemorus,4644569.211,4305568.429
Rubus chamaemorus,4468572.557,3971019.883000001
Rubus chamaemorus,4510119.227,3718911.769
Rubus chamaemorus,4679045.888,3848451.727
Rubus chamaemorus,4758632.72,4035117.007
Rubus chamaemorus,4646031.104,4065575.326
Rubus chamaemorus,4517474.187,4160523.784
Rubus chamaemorus,4293095.348,4137403.2969999993
Rubus chamaemorus,4633612.484,4308873.649
Rubus chamaemorus,4828125.88,4840288.495
Rubus chamaemorus,4608124.927,3963068.183
Rubus chamaemorus,4520783.84,4236735.921
Rubus chamaemorus,4691186.623,3718275.832
Rubus chamaemorus,4647254.15,4764060.533
Rubus chamaemorus,4654415.819,3781105.139
Rubus chamaemorus,4434428.186,3993307.061
Rubus chamaemorus,4452327.947,3853624.944
Rubus chamaemorus,4437260.872,3891252.338
Rubus chamaemorus,4490766.345,3762769.811
Rubus chamaemorus,4621584.603,4107828.943
Rubus chamaemorus,4737904.856,5179067.385
Rubus chamaemorus,4552651.021,4209101.174
Rubus chamaemorus,4743490.755,4042345.47
Rubus chamaemorus,4157986.0060000005,3908051.185
Rubus chamaemorus,4557037.817,3853122.656
Rubus chamaemorus,4685074.743,3948824.567
Rubus chamaemorus,4468438.737,4020310.138
Rubus chamaemorus,4577431.585,3930267.3
Rubus chamaemorus,4854158.583,5001093.391
Rubus chamaemorus,4564631.098,3948519.421
Rubus chamaemorus,4395979.276,4565155.203
Rubus chamaemorus,4607136.526,3992311.829
Rubus chamaemorus,4516741.818,3809863.297
Rubus chamaemorus,4586649.606,4276600.227
Rubus chamaemorus,4637239.931,4704533.155
Rubus chamaemorus,4648230.665,4586157.023
Rubus chamaemorus,4622542.965,4109548.743
Rubus chamaemorus,4602612.722,3860827.44
Rubus chamaemorus,4569104.123,4240654.865
Rubus chamaemorus,4513608.22,4404987.442
Rubus chamaemorus,4576650.285,4285466.278
Rubus chamaemorus,4653235.343,4477650.652
Rubus chamaemorus,4891376.260000001,4854791.917
Rubus chamaemorus,4447844.247,4984921.225999999
Rubus chamaemorus,4795813.302,4627388.557
Rubus chamaemorus,4718848.89,4031709.1990000005
Rubus chamaemorus,4496032.445,4369444.113
Rubus chamaemorus,4537906.624,3687140.225
Rubus chamaemorus,4552035.986,3627208.946
Rubus chamaemorus,4805620.428,4639180.479
Rubus chamaemorus,4577361.743,4274766.47
Rubus chamaemorus,4476964.248,4141036.626
Rubus chamaemorus,4606297.98,4101901.5310000004
Rubus chamaemorus,4592300.382,3791170.936
Rubus chamaemorus,4722128.028,4740862.108
Rubus chamaemorus,4674613.374,3791708.064
Rubus chamaemorus,4430953.68,4545852.083
Rubus chamaemorus,4653524.139,3709020.37
Rubus chamaemorus,4874014.321,5051794.256
Rubus chamaemorus,4625318.127,4194608.046
Rubus chamaemorus,4627758.557,4368475.005
Rubus chamaemorus,4703606.644,4210781.971
Rubus chamaemorus,4467981.973,4496284.215
Rubus chamaemorus,4583917.311,4089592.123
Rubus chamaemorus,4808757.816,5322059.165
Rubus chamaemorus,4555436.044,3662967.956
Rubus chamaemorus,4668078.815,4722459.493
Rubus chamaemorus,4545017.406,4192554.721
Rubus chamaemorus,4569696.108,4013192.484
Rubus chamaemorus,4687412.693,3794092.077
Rubus chamaemorus,4416983.645,4561079.538
Rubus chamaemorus,4490491.056,3811550.863
Rubus chamaemorus,4644901.211,4794394.344
Rubus chamaemorus,4485376.631,3932341.676
Rubus chamaemorus,4408738.743,3955953.942
Rubus chamaemorus,4777015.274,4506984.426
Rubus chamaemorus,4466379.529,4155764.14
Rubus chamaemorus,4621174.635,4233203.598
Rubus chamaemorus,4699237.288,3788538.883
Rubus chamaemorus,4831704.353000001,3835525.44
Rubus chamaemorus,4837757.53,4106892.406
Rubus chamaemorus,4386724.027,3983724.104
Rubus chamaemorus,4764339.453,4640234.067
Rubus chamaemorus,4772534.171,4625011.392
Rubus chamaemorus,4702201.619,3810322.914
Rubus chamaemorus,4974907.534,5371936.779
Rubus chamaemorus,4506869.636,4268656.012
Rubus chamaemorus,4754251.405,4878253.682
Rubus chamaemorus,4190228.231,3969051.532
Rubus chamaemorus,4815797.571,4956986.632
Rubus chamaemorus,4914983.650999999,4885109.376
Rubus chamaemorus,4270752.8,4319966.177
Rubus chamaemorus,4687812.61,4284034.619
Rubus chamaemorus,4576001.547,3672852.44
Rubus chamaemorus,4470620.83,4346097.919
Rubus chamaemorus,4448585.246,4604933.589
Rubus chamaemorus,4485045.69,4177225.592
Rubus chamaemorus,4644643.257,3693334.427
Rubus chamaemorus,4779867.216,4685516.857
Rubus chamaemorus,4628147.422,3858645.885
Rubus chamaemorus,4615157.759,3832520.56
Rubus chamaemorus,4575121.727,4544472.645
Rubus chamaemorus,5007284.404,5330094.129
Rubus chamaemorus,4600782.039,3830571.379
Rubus chamaemorus,4595626.655,4281488.919
Rubus chamaemorus,4575909.299,4170288.209
Rubus chamaemorus,4495261.162,4178298.518
Rubus chamaemorus,4633898.774,4659551.683
Rubus chamaemorus,4755533.379,4125334.235
Rubus chamaemorus,4508074.097,3799189.981
Rubus chamaemorus,4531553.067,4221421.919
Rubus chamaemorus,4800791.172,4127344.444
Rubus chamaemorus,4160656.624,4359474.083
Rubus chamaemorus,4642553.232,4406123.049
Rubus chamaemorus,4766808.189,3995295.6340000005
Rubus chamaemorus,4598334.167,3847495.131
Rubus chamaemorus,4463051.579,4204994.38
Rubus chamaemorus,4741478.604,4169142.245
Rubus chamaemorus,4215999.854,3918962.754
Rubus chamaemorus,4963780.658,4815680.251
Rubus chamaemorus,4608905.781,4257580.424
Rubus chamaemorus,4458413.372,3894656.595
Rubus chamaemorus,4486715.585,3932181.0399999996
Rubus chamaemorus,4675969.793,4403256.621
Rubus chamaemorus,4512993.509,4415906.624
Rubus chamaemorus,4457281.37,3974585.923
Rubus chamaemorus,4501367.902,3867936.891
Rubus chamaemorus,4845861.377,4846496.63
Rubus chamaemorus,4717922.753,4552829.525
Rubus chamaemorus,4459802.198,3995620.655
Rubus chamaemorus,4860568.48,4712059.304
Rubus chamaemorus,4492666.513,3922783.973
Rubus chamaemorus,4591002.958,4335757.218
Rubus chamaemorus,4602207.406,4337290.282
Rubus chamaemorus,4481230.908,4102064.9589999993
Rubus chamaemorus,4581123.694,4510881.891
Rubus chamaemorus,4688454.794,4043607.385
Rubus chamaemorus,4649462.018,4075812.659
Rubus chamaemorus,4819079.117000001,5131140.566
Rubus chamaemorus,4853452.516999999,4587488.777
Rubus chamaemorus,4438260.306,3914077.37
Rubus chamaemorus,4629117.787,3833569.589
Rubus chamaemorus,4426764.31,3905816.173
Rubus chamaemorus,4664100.283,3841088.741
Rubus chamaemorus,4512922.371,3789827.434
Rubus chamaemorus,4926719.141,4871808.222
Rubus chamaemorus,4863005.399,4639278.679
Rubus chamaemorus,4697919.577,5164305.416
Rubus chamaemorus,4619618.611,3947410.952
Rubus chamaemorus,4303092.814,4396414.27
Rubus chamaemorus,4614534.169,3968395.4840000006
Rubus chamaemorus,4637416.097,4524871.359
Rubus chamaemorus,4508181.685,4260020.696
Rubus chamaemorus,4834140.026,4661393.162
Rubus chamaemorus,4577901.094,3679763.636
Rubus chamaemorus,4475386.062,4056568.185
Rubus chamaemorus,4469593.887,4230861.293
Rubus chamaemorus,4880047.070000001,4842151.104
Rubus chamaemorus,4758780.092,5153085.648
Rubus chamaemorus,4661420.024,4885222.113
Rubus chamaemorus,4633067.74,4209706.712
Rubus chamaemorus,4431816.14,3845612.514
Rubus chamaemorus,4469942.803,3781848.642
Rubus chamaemorus,4572144.549,4438970.109
Rubus chamaemorus,4852231.817,4960052.661
Rubus chamaemorus,4714865.642,4121814.611
Rubus chamaemorus,4696414.689,4480736.17
Rubus chamaemorus,4822681.131,4675081.703
Rubus chamaemorus,4581236.652,3748954.817
Rubus chamaemorus,4502085.46,4734205.46
Rubus chamaemorus,4712831.603,4522228.906
Rubus chamaemorus,4604665.403,3772698.598
Rubus chamaemorus,4655563.681,3721000.037
Rubus chamaemorus,4638663.025,4251572.596
Rubus chamaemorus,4427237.307,4022795.99
Rubus chamaemorus,4673233.218,4313366.961
Rubus chamaemorus,4639446.447,4461746.018
Rubus chamaemorus,4749473.895,4034259.032
Rubus chamaemorus,4667385.096,4502580.243
Rubus chamaemorus,4613279.518,4198300.136
Rubus chamaemorus,4709340.985,4255755.656
Rubus chamaemorus,4547652.504,3966477.131
Rubus chamaemorus,4726262.855999999,4526325.531
Rubus chamaemorus,4465532.45,3803410.558
Rubus chamaemorus,4518340.62,4266041.628
Rubus chamaemorus,4567330.218,4155010.017
Rubus chamaemorus,4579612.258,4414735.503
Rubus chamaemorus,4560742.54,4234858.893
Rubus chamaemorus,4511892.636,4644535.72
Rubus chamaemorus,4670762.187,4353536.785
Rubus chamaemorus,4598008.805,4567385.889
Rubus chamaemorus,4664069.423,4471647.799
Rubus chamaemorus,4583556.756,4306761.695
Rubus chamaemorus,4443083.367,4294417.062
Rubus chamaemorus,4482647.549,4207747.474
Rubus chamaemorus,4784423.334,4865526.266
Rubus chamaemorus,4792343.243999999,4793063.869
Rubus chamaemorus,4745824.270999999,4173653.909
Rubus chamaemorus,4883511.999,4897530.86
Rubus chamaemorus,4506846.905,4143156.224
Rubus chamaemorus,4708902.78,4475706.604
Rubus chamaemorus,4618948.817,5136965.315
Rubus chamaemorus,4534371.608,4402534.484
Rubus chamaemorus,4930118.503,4817374.695
Rubus chamaemorus,4813089.779999999,4668699.213
Rubus chamaemorus,4550242.234,4963148.334
Rubus chamaemorus,4392994.727,4240204.768
Rubus chamaemorus,4872663.726,4802475.454
Rubus chamaemorus,4774878.916,4894642.088
Rubus chamaemorus,4677952.574,4828119.172
Rubus chamaemorus,4654786.495,4496113.806
Rubus chamaemorus,4576281.312,4565274.397
Rubus chamaemorus,4728491.121,4803182.366999999
Rubus chamaemorus,4534704.898,3941550.482
Rubus chamaemorus,4765919.331000001,4576155.092
Rubus chamaemorus,4883043.126,4961856.609
Rubus chamaemorus,4799946.272999999,4683981.418
Rubus chamaemorus,4631641.999,4400378.316
Rubus chamaemorus,4833209.529,4679671.716
Rubus chamaemorus,4580603.439,4341424.185
Rubus chamaemorus,4668924.316,4513362.488
Rubus chamaemorus,4631035.322,3819084.587
Rubus chamaemorus,4413527.403,3905948.402
Rubus chamaemorus,4505220.816,3873504.674
Rubus chamaemorus,4801692.192,5271850.773
Rubus chamaemorus,4735306.748,4188623.923
Rubus chamaemorus,4632816.48,3684428.332
Rubus chamaemorus,4400432.821,3940843.696
Rubus chamaemorus,4872675.527,5040640.874
Rubus chamaemorus,4783920.35,4939700.906
Rubus chamaemorus,4610174.564,3953606.0909999995
Rubus chamaemorus,4722196.197,3927608.91
Rubus chamaemorus,4520633.013,3829134.186
Rubus chamaemorus,4964816.803,5324976.932
Rubus chamaemorus,4613975.425,4189493.176
Rubus chamaemorus,4732793.389,4418866.223
Rubus chamaemorus,4658037.244,3927207.3459999994
Rubus chamaemorus,4803068.565000001,4518601.763
Rubus chamaemorus,4802278.335,4836362.851
Rubus chamaemorus,4612781.812,3983356.004
Rubus chamaemorus,4771160.371,4075068.0780000007
Rubus chamaemorus,4716129.585,3951924.075
Rubus chamaemorus,4483164.471,4428266.305
Rubus chamaemorus,4661853.798,4736525.803
Rubus chamaemorus,4706393.403,4466098.25
Rubus chamaemorus,4378485.469,4478958.505
Rubus chamaemorus,4664058.563,4201456.264
Rubus chamaemorus,4763492.498,4939177.356
Rubus chamaemorus,4559153.802,4338983.906
Rubus chamaemorus,4574775.614,3785080.401
Rubus chamaemorus,4735590.911,4593656.375
Rubus chamaemorus,4699412.264,3839731.9879999994
Rubus chamaemorus,4679103.772,3968748.105
Rubus chamaemorus,4227306.456,3921997.67
Rubus chamaemorus,4571878.958,3859739.918
Rubus chamaemorus,4887207.370999999,4972731.989
Rubus chamaemorus,4323011.963,4494154.327
Rubus chamaemorus,4586501.95,4380566.923
Rubus chamaemorus,4581448.532,3809927.657
Rubus chamaemorus,4618142.868,4147938.76
Rubus chamaemorus,4654079.19,4401589.197
Rubus chamaemorus,4599858.623,4136992.273
Rubus chamaemorus,4608321.509,3792321.721
Rubus chamaemorus,4825984.907,4790671.3379999995
Rubus chamaemorus,4468384.337,3910508.159
Rubus chamaemorus,4746015.765,4519058.754
Rubus chamaemorus,4895641.225999999,5272668.98
Rubus chamaemorus,4656512.328,3815902.008
Rubus chamaemorus,4772657.832000001,4540994.645
Rubus chamaemorus,4639979.332,4535189.833
Rubus chamaemorus,4474435.156,3901866.575
Rubus chamaemorus,4623166.35,3979633.892
Rubus chamaemorus,4606648.363,4161887.721
Rubus chamaemorus,4538155.999,3681129.26
Rubus chamaemorus,4581324.277,4110759.76
Rubus chamaemorus,4595519.373,4010590.458
Rubus chamaemorus,4688932.736,4254429.023
Rubus chamaemorus,4586738.437,4165857.206
Rubus chamaemorus,4477168.726,4313290.297
Rubus chamaemorus,4879300.628,5307120.833
Rubus chamaemorus,4708778.127,4486671.886
Rubus chamaemorus,4476056.446,4302350.179
Rubus chamaemorus,4578974.563,4330333.91
Rubus chamaemorus,4606682.696,3757330.939
Rubus chamaemorus,4620456.395,4347755.006
Rubus chamaemorus,4790021.604,4881043.967
Rubus chamaemorus,4530138.864,4220746.879
Rubus chamaemorus,4626821.979,3798929.031
Rubus chamaemorus,4684616.008,4193902.344
Rubus chamaemorus,4640655.285,4386092.422
Rubus chamaemorus,4647184.954,4765768.27
Rubus chamaemorus,4792724.517,4691850.564
Rubus chamaemorus,4510086.338,3752831.809
Rubus chamaemorus,4689931.701,3953265.572
Rubus chamaemorus,4073727.299,4150945.658
Rubus chamaemorus,4616506.485,3802379.522
Rubus chamaemorus,4567716.123,3979195.705
Rubus chamaemorus,4504986.873,4048157.142
Rubus chamaemorus,4691627.986,4233831.419
Rubus chamaemorus,4591867.526,3695085.288
Rubus chamaemorus,4573492.158,4190050.248
Rubus chamaemorus,4634121.712,4505996.465
Rubus chamaemorus,4625128.692,4703252.74
Rubus chamaemorus,4863681.469,4891406.734
Rubus chamaemorus,4451360.006,3853744.314
Rubus chamaemorus,4712602.316,3865331.333
Rubus chamaemorus,4446601.372,4493811.963
Rubus chamaemorus,4683702.322,3853054.174
Rubus chamaemorus,4560229.174,4508296.053
Rubus chamaemorus,4727892.423,3977668.685
Rubus chamaemorus,4805972.189,4537748.355
Rubus chamaemorus,4631920.52,3879485.546
Rubus chamaemorus,4683979.722,3838312.669
Rubus chamaemorus,4836636.316999999,4617415.103
Rubus chamaemorus,4455608.657,3925671.342
Rubus chamaemorus,4595962.932,4375707.205
Rubus chamaemorus,4108301.442,4373931.675
Rubus chamaemorus,4792258.145,4792114.913
Rubus chamaemorus,4837778.795,4944833.469
Rubus chamaemorus,4653887.249,4600809.883
Rubus chamaemorus,4504958.782,4364637.199
Rubus chamaemorus,4699295.044,3774698.726
Rubus chamaemorus,4560190.326,4368698.095
Rubus chamaemorus,4660068.317,3951056.2979999995
Rubus chamaemorus,4666100.205,3827916.4730000007
Rubus chamaemorus,4720847.539,4000821.818
Rubus chamaemorus,4626531.094,3828095.103
Rubus chamaemorus,4749121.4,4444760.411
Rubus chamaemorus,4114213.386,3981841.654
Rubus chamaemorus,4671987.376,3867432.842
Rubus chamaemorus,4481756.498,4511621.221
Rubus chamaemorus,4606865.828,3916620.369
Rubus chamaemorus,4512037.548,3732279.2030000007
Rubus chamaemorus,4698554.463,4260350.734
Rubus chamaemorus,4664947.974,5113341.828000001
Rubus chamaemorus,4702503.282,4209769.381
Rubus chamaemorus,4785177.398,4077043.294
Rubus chamaemorus,4600094.63,4482098.664
Rubus chamaemorus,4633746.609,4735345.143
Rubus chamaemorus,4661977.393,4442641.664
Rubus chamaemorus,4635674.38,4170533.608
Rubus chamaemorus,4556062.255,4169025.884
Rubus chamaemorus,4639127.543,3964094.208
Rubus chamaemorus,4620706.546,4233803.217
Rubus chamaemorus,4868072.184,4836785.764
Rubus chamaemorus,4775095.204,4746579.062
Rubus chamaemorus,4787679.932000001,4111744.655
Rubus chamaemorus,4814168.973,4987107.26
Rubus chamaemorus,4479567.212,4227027.241
Rubus chamaemorus,4762737.879,4100761.183
Rubus chamaemorus,4389873.546,3994827.002
Rubus chamaemorus,4547461.728,4266873.14
Rubus chamaemorus,4579156.897,4025792.285
Rubus chamaemorus,4753751.485,4878093.073
Rubus chamaemorus,4611900.979,4048738.819
Rubus chamaemorus,4606653.418,4277589.172
Rubus chamaemorus,4760257.779,4018734.34
Rubus chamaemorus,4417793.076,4077062.907
Rubus chamaemorus,4177930.348,4049027.287
Rubus chamaemorus,4596693.676,4613040.763
Rubus chamaemorus,4926025.134,4860818.876
Rubus chamaemorus,4721820.742,4000995.503
Rubus chamaemorus,4795771.445,4137266.767
Rubus chamaemorus,4439596.681,3937441.765
Rubus chamaemorus,4575739.758,3990110.451000001
Rubus chamaemorus,4596197.412,4281059.567
Rubus chamaemorus,4573312.881,4019317.887
Rubus chamaemorus,4846151.586,4687368.044
Rubus chamaemorus,4816291.113,4624538.021
Rubus chamaemorus,4434677.15,3888971.183
Rubus chamaemorus,4576053.957,4284172.08
Rubus chamaemorus,4491911.604,4107609.214
Rubus chamaemorus,4524951.536,3879883.9539999994
Rubus chamaemorus,4523698.977,3729653.2379999994
Rubus chamaemorus,4652536.741,4205506.943
Rubus chamaemorus,4712971.989,4101421.606
Rubus chamaemorus,4636349.653,3934619.9519999996
Rubus chamaemorus,4853580.973,4914861.498000001
Rubus chamaemorus,4820537.498,5002118.307
Rubus chamaemorus,4684986.946,4454095.557
Rubus chamaemorus,4839268.369,3851652.891
Rubus chamaemorus,4578124.413,3804268.373
Rubus chamaemorus,4772465.457,4541543.928
Rubus chamaemorus,4482531.838,4512732.782
Rubus chamaemorus,4834531.351,4774223.824
Rubus chamaemorus,4455055.202,4735960.647
Rubus chamaemorus,4543997.161,3715948.564
Rubus chamaemorus,4731236.012000001,4167645.893
Rubus chamaemorus,4677925.558,3692335
Rubus chamaemorus,4627058.399,3873781.527
Rubus chamaemorus,4858484.536,4937292.595
Rubus chamaemorus,4543497.65,4191363.847
Rubus chamaemorus,4602930.532,5026501.031
Rubus chamaemorus,4622886.026,4629132.138
Rubus chamaemorus,4618849.332,4763508.921
Rubus chamaemorus,4442111.427,4474306.809
Rubus chamaemorus,4713040.955,4710115.819
Rubus chamaemorus,4772913.823,4551407.442
Rubus chamaemorus,4488400.713,4128729.445
Rubus chamaemorus,4705378.515,3830690.759
Rubus chamaemorus,4686201.189,3713510.948
Rubus chamaemorus,4573637.261,4079455.434
Rubus chamaemorus,4536429.322,3875836.647
Rubus chamaemorus,4582285.921,3749056.316
Rubus chamaemorus,4681665.325,4574905.546
Rubus chamaemorus,4823204.294,4898851.601
Rubus chamaemorus,4593756.181,3790473.004
Rubus chamaemorus,4593839.611,4085889.336
Rubus chamaemorus,4410811.16,3941339.766
Rubus chamaemorus,4646993.132,3866459.167
Rubus chamaemorus,4835168.920999999,5326897.518
Rubus chamaemorus,4710813.174,4115729.839
Rubus chamaemorus,4882552.261,5036551.409
Rubus chamaemorus,4674483.263,4187440.157
Rubus chamaemorus,4610689.714,3702489.036
Rubus chamaemorus,4544045.12,3716366.5849999995
Rubus chamaemorus,4537819.498,4273146.398
Rubus chamaemorus,4534365.553,4411797.399
Rubus chamaemorus,4621986.817,3868355.939
Rubus chamaemorus,4750335.878,4743254.434
Rubus chamaemorus,4718043.975,4846707.953999999
Rubus chamaemorus,4926330.234,4798278.87
Rubus chamaemorus,4658783.386,4271061.651
Rubus chamaemorus,4808914.135,4648575.676
Rubus chamaemorus,4821842.484,4747959.968
Rubus chamaemorus,4850239.794,3880968.799
Rubus chamaemorus,4469248.107,4115760.807
Rubus chamaemorus,4513911.394,4189264.161
Rubus chamaemorus,4892381.864,4799649.679
Rubus chamaemorus,4567725.443,4030142.789
Rubus chamaemorus,4586189.917,3682748.474
Rubus chamaemorus,4698481.368,4165196.637
Rubus chamaemorus,4443280.825,3854306.894
Rubus chamaemorus,4788835.285000001,4671121.655
Rubus chamaemorus,4753899.617,4609578.972
Rubus chamaemorus,4698891.422,4024755.662
Rubus chamaemorus,4686159.819,3933878.713
Rubus chamaemorus,4376290.902,4637243.12
Rubus chamaemorus,4599374.158,3846373.186
Rubus chamaemorus,4675080.565,3778119.732
Rubus chamaemorus,4693971.37,3784367.543
Rubus chamaemorus,4474521.044,4376855.533
Rubus chamaemorus,4659366.084,3912029.613
Rubus chamaemorus,4515471.451,4044663.84
Rubus chamaemorus,4702075.351,4649206.969
Rubus chamaemorus,4746775.672,4697950.36
Rubus chamaemorus,4528420.667,4241606.486
Rubus chamaemorus,4706546.378,4124988.067
Rubus chamaemorus,4821683.529,4684237.552
Rubus chamaemorus,4893243.554,4864928.126
Rubus chamaemorus,4545980.626,3675614.939
Rubus chamaemorus,4473002.325,4245384.287
Rubus chamaemorus,4609324.375,3778012.472
Rubus chamaemorus,4496409.568,4058142.885
Rubus chamaemorus,4753035.374,4714594.623
Rubus chamaemorus,4552116.823,4093462.856
Rubus chamaemorus,4475359.537,3803832.092
Rubus chamaemorus,4594487.954,4291492.04
Rubus chamaemorus,4918147.983,4811546.519
Rubus chamaemorus,4142096.716,4032261.919
Rubus chamaemorus,4732619.531999999,4921258.164
Rubus chamaemorus,4506487.083,4155289.753
Rubus chamaemorus,4775143.263,4080407.109
Rubus chamaemorus,4505357.446,4058151.823
Rubus chamaemorus,4764112.294,4714291.206
Rubus chamaemorus,4787208.309,4052114.322
Rubus chamaemorus,4630282.441,4399302.226
Rubus chamaemorus,4614148.308,3781960.2590000005
Rubus chamaemorus,4400914.034,4646019.401
Rubus chamaemorus,4479725.692,4122854.604
Rubus chamaemorus,4603945.739,4021915.038
Rubus chamaemorus,4767515.954,4681177.208
Rubus chamaemorus,4526643.884,3745124.207
Rubus chamaemorus,4857929.321,4937479.514
Rubus chamaemorus,4251561.923,3978218.079
Rubus chamaemorus,4717987.857,3734985.426
Rubus chamaemorus,4793554.21,4531647.641
Rubus chamaemorus,4698540.931,3854220.69
Rubus chamaemorus,4553713.823,5003062.111
Rubus chamaemorus,4663297.967,4192148.285
Rubus chamaemorus,4728356.287,4027537.124
Rubus chamaemorus,4676914.104,3827626.073
Rubus chamaemorus,4499647.379,4607116.907
Rubus chamaemorus,4478198.563,4312504.71
Rubus chamaemorus,4631648.057,3878660
Rubus chamaemorus,4651661.62,4342540.784
Rubus chamaemorus,4615202.748,4459062.505
Rubus chamaemorus,4536267.816,3815752.9860000005
Rubus chamaemorus,4538041.983,3910608.931
Rubus chamaemorus,4681934.234,4098511.841
Rubus chamaemorus,4666860.399,4676291.234
Rubus chamaemorus,4841677.198,4731790.211
Rubus chamaemorus,4551491.121,3752171.37
Rubus chamaemorus,4563060.765,4308050.081
Rubus chamaemorus,4216233.22,3919060.401
Rubus chamaemorus,4501118.326,4108980.832
Rubus chamaemorus,4612468.394,4207723.217
Rubus chamaemorus,4805831.625,4927792.372
Rubus chamaemorus,4753634.242999999,4760226.901000001
Rubus chamaemorus,4634124.572,4585864.385
Rubus chamaemorus,4639275.057,4250414.054
Rubus chamaemorus,4689234.707,3734011.968
Rubus chamaemorus,4662923.91,4336418.643
Rubus chamaemorus,4682524.273,4052980.728
Rubus chamaemorus,4710473.87,4064784.766
Rubus chamaemorus,4667134.016,3736912.743
Rubus chamaemorus,4496045.559,4048217.2529999996
Rubus chamaemorus,4622140.064,4214010.847
Rubus chamaemorus,4415542.15,3936292.755
Rubus chamaemorus,4074199.86,4265992.924
Rubus chamaemorus,4653249.936,3735738.054
Rubus chamaemorus,4705354.476,4465479.184
Rubus chamaemorus,4543559.311,4091240.054
Rubus chamaemorus,4522550.68,3745931.028000001
Rubus chamaemorus,4603625.454,3740854.724
Rubus chamaemorus,4832428.877,4745208.244
Rubus chamaemorus,4696335.053,3879840.549
Rubus chamaemorus,4536670.2,3801406.317
Rubus chamaemorus,4752953.719,4833179.949
Rubus chamaemorus,4554662.67,3690647.264
Rubus chamaemorus,4507070.271,3909068.346000001
Rubus chamaemorus,4591763.21,4672483.892
Rubus chamaemorus,4629391.771,3849896.7850000006
Rubus chamaemorus,4392446.829,4411050.498
Rubus chamaemorus,4595207.296,4367685.793
Rubus chamaemorus,4832711.43,3886015.491
Rubus chamaemorus,4510035.213,3713819.493
Rubus chamaemorus,4699870.781,4069886.905
Rubus chamaemorus,4840071.68,4805311.9969999995
Rubus chamaemorus,4545510.657,4501734.33
Rubus chamaemorus,4189216.347,4158939.11
Rubus chamaemorus,4609660.176,5067936.985
Rubus chamaemorus,4525564.433,3775513.902
Rubus chamaemorus,4780234.327,4011124.565
Rubus chamaemorus,4801664.519000001,4778673.256
Rubus chamaemorus,4548596.287,3676744.817
Rubus chamaemorus,4710059.057,4005811.673
Rubus chamaemorus,4625787.869,3763703.884
Rubus chamaemorus,4514877.046,4330069.165
Rubus chamaemorus,4544338.844,4322532.387
Rubus chamaemorus,4505628.059,4428599.666
Rubus chamaemorus,4334011.185,4258000.202
Rubus chamaemorus,4674818.138,3962572.461
Rubus chamaemorus,4620314.086,4253985.644
Rubus chamaemorus,4534777.875,3605553.208
Rubus chamaemorus,4562649.029,4194181.996
Rubus chamaemorus,4509726.19,3878873.892
Rubus chamaemorus,4640449.788,4059725.984
Rubus chamaemorus,4709544.465,4401491.695
Rubus chamaemorus,4795325.914,4087897.38
Rubus chamaemorus,4600864.034,4577869.818
Rubus chamaemorus,4621989.558,4224725.99
Rubus chamaemorus,4817778.906,4560060.504
Rubus chamaemorus,4623374.483,4213431.351
Rubus chamaemorus,4501640.82,4494748.831
Rubus chamaemorus,4578746.295,4025268.101
Rubus chamaemorus,4606010.019,4373198.458
Rubus chamaemorus,4453561.27,4589928.935
Rubus chamaemorus,4636337.506,3995266.361
Rubus chamaemorus,4744089.627,4804207.723
Rubus chamaemorus,4814108.322,4699029.247
Rubus chamaemorus,4631348.03,4340564.458
Rubus chamaemorus,4548044.613,3737364.606
Rubus chamaemorus,4803539.567,4704271.504
Rubus chamaemorus,4358211.862,4238771.773
Rubus chamaemorus,4612980.121,4218105.757
Rubus chamaemorus,4750388.622,4538956.553
Rubus chamaemorus,4644296.767,3850337.854
Rubus chamaemorus,4569313.744,3637192.698
Rubus chamaemorus,4557167.039,4273024.186
Rubus chamaemorus,4462304.118,3865308.241
Rubus chamaemorus,4772229.401000001,4850528.151
Rubus chamaemorus,4435905.127,3901386.107
Rubus chamaemorus,4680888.606,3877941.763
Rubus chamaemorus,4467380.322,4144974.789
Rubus chamaemorus,4535695.578,3942120.5309999995
Rubus chamaemorus,4563870.904,4538866.945
Rubus chamaemorus,4614432.774,4312981.48
Rubus chamaemorus,4555180.336,3652119.011999999
Rubus chamaemorus,4487022.052,4258428.658
Rubus chamaemorus,4404115.875,4497942.391
Rubus chamaemorus,4850219.504,3890316.943
Rubus chamaemorus,4579152.098,4245704.524
Rubus chamaemorus,4518749.758,4470394.561
Rubus chamaemorus,4544577.427,3705027.311
Rubus chamaemorus,4447896.674,4024540.435
Rubus chamaemorus,4435646.109,3977600.377
Rubus chamaemorus,4661199.869,4461047.838
Rubus chamaemorus,4704104.417,4530211.293
Rubus chamaemorus,4661542.79,4526554.518
Rubus chamaemorus,4464433.465,3949613.584
Rubus chamaemorus,4612392.311,4093154.2099999995
Rubus chamaemorus,4794353.369,4971192.663
Rubus chamaemorus,4488587.217,3841363.41
Rubus chamaemorus,4791279.592,4597182.603
Rubus chamaemorus,4635472.138,4309691.429
Rubus chamaemorus,4786151.705999999,5016363.41
Rubus chamaemorus,4617266.047,4272921.226
Rubus chamaemorus,4472679.37,4200702.831
Rubus chamaemorus,4566888.75,3699395.02
Rubus chamaemorus,4682280.168,4798465.145
Rubus chamaemorus,4200986.111,4255018.334
Rubus chamaemorus,4462662.421,3964018.985
Rubus chamaemorus,4701131.769,4679921.353
Rubus chamaemorus,4514618.901,4066078.799
Rubus chamaemorus,4573573.927,4441104.737
Rubus chamaemorus,4456956.744,4489506.138
Rubus chamaemorus,4672689.248,4103011.765
Rubus chamaemorus,4820632.789,4898579.999
Rubus chamaemorus,4548276.847,3618250.77
Rubus chamaemorus,4777371.628,4116423.11
Rubus chamaemorus,4630461.823,4400983.562
Rubus chamaemorus,4699482.634,4679142.51
Rubus chamaemorus,4624124.083,3903159.658
Rubus chamaemorus,4587702.884,3850739.868
Rubus chamaemorus,4669783.635,4648130.57
Rubus chamaemorus,4533315.317,4096425.236
Rubus chamaemorus,4757911.122,4515827.504
Rubus chamaemorus,4670919.71,4522876.103
Rubus chamaemorus,4702879.76,3979958.242
Rubus chamaemorus,4553157.981,3726534.258
Rubus chamaemorus,4588496.927,4315414.494
Rubus chamaemorus,4761460.409000001,4534749.004
Rubus chamaemorus,4701241.122,4829525.961
Rubus chamaemorus,4594430.877,3715125.935
Rubus chamaemorus,4538535.397,4131989.785
Rubus chamaemorus,4487412.393,3806931.949
Rubus chamaemorus,4644637.021,4316273.772
Rubus chamaemorus,4793243.827,4851733.211
Rubus chamaemorus,4566597.467,3704417.877
Rubus chamaemorus,4518553.562,4244484.558
Rubus chamaemorus,4752281.254,4759974.058999999
Rubus chamaemorus,4746342.921,3998331.044
Rubus chamaemorus,4653028.677,3920433.599
Rubus chamaemorus,4894717.856,4873778.893
Rubus chamaemorus,4710399.645,4020506.717
Rubus chamaemorus,4483627.413,3742105.4460000005
Rubus chamaemorus,4656409.758,4292108.676
Rubus chamaemorus,4803147.954,5030589.836
Rubus chamaemorus,4533539.445,4076142.731
Rubus chamaemorus,4768513.656,4105660.181
Rubus chamaemorus,4571643.292,4220642.859
Rubus chamaemorus,4716494.461,4576103.143
Rubus chamaemorus,4783608.927,4716179.832
Rubus chamaemorus,4662614.732,4327180.505
Rubus chamaemorus,4684123.408,4023758.443
Rubus chamaemorus,4539153.256,4815070.185
Rubus chamaemorus,4685877.225,3933771.271
Rubus chamaemorus,4790038.118,4596210.874
Rubus chamaemorus,4792894.777,4781846.747
Rubus chamaemorus,4846642.917,4782416.895
Rubus chamaemorus,4430441.15,4147009.19
Rubus chamaemorus,4609379.672,4071906.527
Rubus chamaemorus,4771020.818,4700273.64
Rubus chamaemorus,4914562.045999999,4791230.126
Rubus chamaemorus,4795517.747,4803004.885
Rubus chamaemorus,4606829.14,4042286.663
Rubus chamaemorus,4555650.219,4638128.85
Rubus chamaemorus,4862676.5430000005,4892862.548
Rubus chamaemorus,4476735.352,4045819.437
Rubus chamaemorus,4437344.368,3962616.1309999996
Rubus chamaemorus,4841431.327,3841380.563
Rubus chamaemorus,4499578.132,5021890.774
Rubus chamaemorus,4563482.171,3958105.915
Rubus chamaemorus,4835476.834,3818377.472
Rubus chamaemorus,4479993.161,4491690.095
Rubus chamaemorus,4852139.69,4810483.657
Rubus chamaemorus,4710666.831,4561396.065
Rubus chamaemorus,4797582.075,4573453.877
Rubus chamaemorus,4516132.07,4055631.162
Rubus chamaemorus,4751793.096,4569006.127
Rubus chamaemorus,4450146.38,4009879.333
Rubus chamaemorus,4474924.018,4170729.594
Rubus chamaemorus,4532156.557,4086885.064
Rubus chamaemorus,4581349.104,3709648.058
Rubus chamaemorus,4676033.435,4707126.499
Rubus chamaemorus,4533652.525,3620777.588
Rubus chamaemorus,4805110.262,4926620.211
Rubus chamaemorus,4724374.120999999,3971455.22
Rubus chamaemorus,4616959.721,4274182.045
Rubus chamaemorus,4694993.918,3783355.119
Rubus chamaemorus,4714982.318,3901732.063
Rubus chamaemorus,4765859.348000001,4670774.273
Rubus chamaemorus,4738117.876,4098123.877
Rubus chamaemorus,4690065.27,4419027.605
Rubus chamaemorus,4718993.216,4485911.285
Rubus chamaemorus,4447477.027,3854761.111
Rubus chamaemorus,4640276.711,4356004.594
Rubus chamaemorus,4627381.035,3683893.8289999994
Rubus chamaemorus,4717420.173,4846167.57
Rubus chamaemorus,4956129.794,5349080.902
Rubus chamaemorus,4464736.705,4000966.411
Rubus chamaemorus,4529563.684,3610426.959
Rubus chamaemorus,4712267.568,4411520.546
Rubus chamaemorus,4651688.155,4332452.366
Rubus chamaemorus,4562050.82,3698139.887
Rubus chamaemorus,4455448.077,4055553.868
Rubus chamaemorus,4723503.431,4022455.775
Rubus chamaemorus,4633692.661,4210293.921
Rubus chamaemorus,4798942.509,4092342.559
Rubus chamaemorus,4729065.496,3732186.443
Rubus chamaemorus,4475968.259,4162687.173
Rubus chamaemorus,4696822.725,4175768.945
Rubus chamaemorus,4649148.822,4141585.545000001
Rubus chamaemorus,4523044.39,3745365.6349999993
Rubus chamaemorus,4314189.072,4330809.707
Rubus chamaemorus,4622016.761,4213486.154
Rubus chamaemorus,4601713.583,3987030.136
Rubus chamaemorus,4503991.075,3728208.665
Rubus chamaemorus,4734184.895,4419268.733
Rubus chamaemorus,4799751.297,4143221.7
Rubus chamaemorus,4471556.972,4085348.575
Rubus chamaemorus,4509044.422,4862969.948999999
Rubus chamaemorus,4760177.295,4190468.869
Rubus chamaemorus,4651979.824,3810237.741
Rubus chamaemorus,4632773.147,4485807.682
Rubus chamaemorus,4437537.826,3914039.397
Rubus chamaemorus,4620716.159,3994501.415
Rubus chamaemorus,4119534.876,4210057.758
Rubus chamaemorus,4603391.464,4211697.263
Rubus chamaemorus,4449690.511,3943026.394
Rubus chamaemorus,4909950.411000001,5153510.161
Rubus chamaemorus,4600300.958,3816025.254
Rubus chamaemorus,4662156.153,4107680.785
Rubus chamaemorus,4477407.188,4151168.549
Rubus chamaemorus,4562101.275,4213533.835
Rubus chamaemorus,4476125.575,4377931.057
Rubus chamaemorus,4711175.507,3946478.277
Rubus chamaemorus,4768769.346,4511282.251
Rubus chamaemorus,4625736.919,4278856.499
Rubus chamaemorus,4664468.432,3840978.774
Rubus chamaemorus,4709974.843,4635190.844
Rubus chamaemorus,4403061.944,4146565.307
Rubus chamaemorus,4556881.306,3693235.071
Rubus chamaemorus,4463816.372,4185486.354
Rubus chamaemorus,4444968.726,4315343.018
Rubus chamaemorus,4754050.92,4155199.776
Rubus chamaemorus,4629251.198,3724463.357
Rubus chamaemorus,4661436.744,4222845.841
Rubus chamaemorus,4597229.609,3701797.269
Rubus chamaemorus,4469155.855,4136630.513
Rubus chamaemorus,4641791.993,4035548.408
Rubus chamaemorus,4538755.858,4346023.272
Rubus chamaemorus,4471616.565,4086816.772
Rubus chamaemorus,4565067.484,4058259.51
Rubus chamaemorus,4400853.361,3969125.8
Rubus chamaemorus,4646952.001,3699973.196
Rubus chamaemorus,4513633.953,3850158.853
Rubus chamaemorus,4717045.519,3981883.452
Rubus chamaemorus,4535490.284,4171458.984
Rubus chamaemorus,4644334.894,4616986.792
Rubus chamaemorus,4583771.868,4456106.509
Rubus chamaemorus,4787680.258,4036998.919
Rubus chamaemorus,4712709.308,3975366.809
Rubus chamaemorus,4428843.763,4092880.848
Rubus chamaemorus,4731472.012,4183268.408
Rubus chamaemorus,4567428.911,4154335.832
Rubus chamaemorus,4638476.023,4269593.14
Rubus chamaemorus,4599906.856,3781632.947
Rubus chamaemorus,4639166.428,4459996.817
Rubus chamaemorus,4630971.04,4560650.16
Rubus chamaemorus,4743696.949,4878170.555
Rubus chamaemorus,4470192.187,3879831.826
Rubus chamaemorus,4599026.262,4251090.908
Rubus chamaemorus,4325543.158,4030989.346
Rubus chamaemorus,4597445.715,4700806.93
Rubus chamaemorus,4676652.258,3713050.564
Rubus chamaemorus,4834627.296,3819266.195
Rubus chamaemorus,4602365.295,4097001.793
Rubus chamaemorus,4593503.138,4430385.001
Rubus chamaemorus,4620182.919,3958448.475
Rubus chamaemorus,4223993.707,4221143.077
Rubus chamaemorus,4717589.114,3996290.724
Rubus chamaemorus,4527651.357,4520762.272
Rubus chamaemorus,4558981.381,4508299.6
Rubus chamaemorus,4576076.31,3714339.406
Rubus chamaemorus,4799173.516,4562475.182
Rubus chamaemorus,4453059.898,4163592.769
Rubus chamaemorus,4749982.737,4743386.139
Rubus chamaemorus,4896921.753999999,4904708.858
Rubus chamaemorus,4740986.809999999,4578061.892
Rubus chamaemorus,4640387.474,4751028.929
Rubus chamaemorus,4456162.856,4491324.432
Rubus chamaemorus,4393875.367,3964959.925
Rubus chamaemorus,4634601.637,4008915.65
Rubus chamaemorus,4645991.787,4065809.79
Rubus chamaemorus,4585177.728,4380858.987
Rubus chamaemorus,4528876.369,4261710.788
Rubus chamaemorus,4664465.99,3705623.633
Rubus chamaemorus,4715741.542,4875147.821
Rubus chamaemorus,4750928.355,4474903.346
Rubus chamaemorus,4771130.758,4880162.795
Rubus chamaemorus,4695288.993,4175911.028
Rubus chamaemorus,4693798.203,3969268.318
Rubus chamaemorus,4581380.771,4120171.546
Rubus chamaemorus,4824387.13,3833578.986
Rubus chamaemorus,4659804.329,5075943.423
Rubus chamaemorus,4768722.941,4595411.907
Rubus chamaemorus,4670695.647,3992511.585
Rubus chamaemorus,4486607.939,4383166.743
Rubus chamaemorus,4554921.406,3713141.421
Rubus chamaemorus,4845520.485,3847436.714
Rubus chamaemorus,4824416.788,4760059.822
Rubus chamaemorus,4700218.812,3773590.306
Rubus chamaemorus,4478429.031,3775245.862
Rubus chamaemorus,4513781.966,4679926.012
Rubus chamaemorus,4454525.356,4680034.3
Rubus chamaemorus,4467349.923,3909990.06
Rubus chamaemorus,4489265.461,3787583.732
Rubus chamaemorus,4610449.499,4013241.032
Rubus chamaemorus,4713018.691,3866414.895
Rubus chamaemorus,4555539.854,4563268.781
Rubus chamaemorus,4517376.099,3854281.82
Rubus chamaemorus,4578892.878,4416185.03
Rubus chamaemorus,4613256.016,3968112.867
Rubus chamaemorus,4717508.634,4541761.022
Rubus chamaemorus,4829422.79,4574468.871
Rubus chamaemorus,4266890.212,4450039.101
Rubus chamaemorus,4850243.073,4801599.315
Rubus chamaemorus,4727566.266,4102394.029
Rubus chamaemorus,4692890.212,4679535.056
Rubus chamaemorus,4477177.468,3870326.269
Rubus chamaemorus,4626945.256,3813934.019
Rubus chamaemorus,4501085.985,4407826.46
Rubus chamaemorus,4621146.934,4223939.619
Rubus chamaemorus,4647626.98,4041073.683
Rubus chamaemorus,4663187.88,3981642.727
Rubus chamaemorus,4732951.21,4167924.604
Rubus chamaemorus,4636951.725,3810383.554
Rubus chamaemorus,4562155.317,3797890.331
Rubus chamaemorus,4588134.527,4095084.335
Rubus chamaemorus,4367005.441,4217029.434
Rubus chamaemorus,4825448.141,3844738.0759999994
Rubus chamaemorus,4676669.583,4708651.194
Rubus chamaemorus,4551755.343,4384379.687
Rubus chamaemorus,4854388.948,5066355.446
Rubus chamaemorus,4690463.268,3939279.945
Rubus chamaemorus,4597923.478,4261251.956
Rubus chamaemorus,4547621.306,3846982.81
Rubus chamaemorus,4556551.112,3702632.156
Rubus chamaemorus,4653064.289,4036120.5
Rubus chamaemorus,4636768.063,3823838.208
Rubus chamaemorus,4190848.404,4288148.341
Rubus chamaemorus,4483994.438,3837099.165
Rubus chamaemorus,4420773.823,4288924.412
Rubus chamaemorus,4791494.311,4607445.294
Rubus chamaemorus,4781985.367,4806682.796000001
Rubus chamaemorus,4770675.677,4691205.838
Rubus chamaemorus,4803812.317,5185258.395
Rubus chamaemorus,4475987.242,4046723.968
Rubus chamaemorus,4767840.153,4156476.451
Rubus chamaemorus,4505771.588,3759178.882
Rubus chamaemorus,4640254.775,4469788.256
Rubus chamaemorus,4530842.953,4825495.396
Rubus chamaemorus,4684869.431,4293891.118
Rubus chamaemorus,4644568.16,4064675.958
Rubus chamaemorus,4721116.49,4891834.963
Rubus chamaemorus,4687979.017,4408376.204
Rubus chamaemorus,4364155.59,4459147.748
Rubus chamaemorus,4515927.612,4450154.963
Rubus chamaemorus,4277443.91,4166016.549
Rubus chamaemorus,4795310.078,4628323.904
Rubus chamaemorus,4400134.423,4150947.745
Rubus chamaemorus,4530084.104,3781392.038
Rubus chamaemorus,4729457.212,4012742.703
Rubus chamaemorus,4799007.143999999,4563545.168
Rubus chamaemorus,4543069.771,4202446.413
Rubus chamaemorus,4792006.047000001,4607929.366
Rubus chamaemorus,4495884.895,3796516.097
Rubus chamaemorus,4519769.106,4225852.917
Rubus chamaemorus,4499977.83,3823051.257
Rubus chamaemorus,4727340.923,4473180.177
Rubus chamaemorus,4572292.483,3985117.621
Rubus chamaemorus,4618674.679,4138787.271
Rubus chamaemorus,4558286.678,3688664.8550000004
Rubus chamaemorus,4697331.573,4280039.993
Rubus chamaemorus,4468990.587,3835438.4470000006
Rubus chamaemorus,4676041.867,4589192.043
Rubus chamaemorus,4730735.718,4951718.253
Rubus chamaemorus,4704168.151,4305918.819
Rubus chamaemorus,4609970.08,4352894.304
Rubus chamaemorus,4715220.224,4467107.55
Rubus chamaemorus,4558421.75,4023439.5059999996
Rubus chamaemorus,4726006.245,4006827.139
Rubus chamaemorus,4546455.562,3871493.116
Rubus chamaemorus,4566068.647,4163069.643
Rubus chamaemorus,4488474.62,4246915.187
Rubus chamaemorus,4625495.207,4300325.282
Rubus chamaemorus,5060247.771,5290050.736
Rubus chamaemorus,4205935.203,4396425.605
Rubus chamaemorus,4452762.058,3854382.836
Rubus chamaemorus,4649755.784,4360395.366
Rubus chamaemorus,4480616.885,3996543.440999999
Rubus chamaemorus,4493695.185,4088286.821
Rubus chamaemorus,4693232.432,3848623.909
Rubus chamaemorus,4579817.618,3715462.133
Rubus chamaemorus,4819079.983,4728866.745
Rubus chamaemorus,4582124.523,4316199.076
Rubus chamaemorus,4631192.094,4339009.829
Rubus chamaemorus,4786588.938,4727959.234000001
Rubus chamaemorus,4420589.736,3990865.207
Rubus chamaemorus,4391757.169,4152445.264
Rubus chamaemorus,4808215.754,4817988.371
Rubus chamaemorus,4629240.859,4359839.078
Rubus chamaemorus,4849860.145,5142044.337
Rubus chamaemorus,4617716.828,4149379.081
Rubus chamaemorus,4412336.786,3967186.692
Rubus chamaemorus,4636812.931,4514225.425
Rubus chamaemorus,4503779.547,3738721.523
Rubus chamaemorus,4552850.521,3802748.489
Rubus chamaemorus,4410684.278,4218115.199
Rubus chamaemorus,4634836.086,3838316.557
Rubus chamaemorus,4699977.989,4145432.492
Rubus chamaemorus,4795100.527,4072244.396
Rubus chamaemorus,4656087.561,3942394.504
Rubus chamaemorus,4550535.271,4001710.263
Rubus chamaemorus,4683027.37,4648739.072
Rubus chamaemorus,4683724.474,4313478.889
Rubus chamaemorus,4574129.906,4189094.182
Rubus chamaemorus,4720177.271,4125814.608
Rubus chamaemorus,4857441.046,4842768.908
Rubus chamaemorus,4408061.629,4569560.904
Rubus chamaemorus,4525032.427,4059379.04
Rubus chamaemorus,4469552.97,4012010.36
Rubus chamaemorus,4692256.463,3752975.304
Rubus chamaemorus,4761733.9290000005,4535065.981
Rubus chamaemorus,4653842.585,4215956.356
Rubus chamaemorus,4503349.548,4193203.612
Rubus chamaemorus,4558118.98,4033301.408
Rubus chamaemorus,4759679.428,4130917.239
Rubus chamaemorus,4861697.946,4976132.036
Rubus chamaemorus,4727101.54,4041807.715
Rubus chamaemorus,4658976.599,3726404.426
Rubus chamaemorus,4536224.42,3751256.87
Rubus chamaemorus,4793696.748,4532829.574
Rubus chamaemorus,4704255.654,4620911.785
Rubus chamaemorus,4716637.888,4800288.371
Rubus chamaemorus,4592561.297,3976523.687999999
Rubus chamaemorus,4473754.032,4011435.955
Rubus chamaemorus,4566375.26,3708879.4380000005
Rubus chamaemorus,4580274.001,4501427.657
Rubus chamaemorus,4749824.002,4135114.387
Rubus chamaemorus,4841713.35,4561809.765
Rubus chamaemorus,4634244.834,4410583.111
Rubus chamaemorus,4563780.584,4069407.804
Rubus chamaemorus,4798785.621,4032845.102
Rubus chamaemorus,4585912.485,4050624.635
Rubus chamaemorus,4817811.913,5258166.091
Rubus chamaemorus,4526278.799,4426348.572
Rubus chamaemorus,4794736.407,4086763.687000001
Rubus chamaemorus,4709562.357,3770533.618
Rubus chamaemorus,4923573.651,4926673.774
Rubus chamaemorus,4453532.075,4083734.389
Rubus chamaemorus,4660619.211,4616537.713
Rubus chamaemorus,4541563.754,4301626.457
Rubus chamaemorus,4648225,3915654.186
Rubus chamaemorus,4732649.372,4048468.388
Rubus chamaemorus,4575217.846,3944191.784
Rubus chamaemorus,4555439.629,5118003.886999999
Rubus chamaemorus,4442425.444,3808630.238
Rubus chamaemorus,4348991.472,4373070.831
Rubus chamaemorus,4861198.394,4807756.553
Rubus chamaemorus,4676098.46,4633195.988
Rubus chamaemorus,4623569.956,4329102.329
Rubus chamaemorus,4573817.083,4460092.356
Rubus chamaemorus,4526133.696,4060006.187
Rubus chamaemorus,4564131.772,4698277.099
Rubus chamaemorus,4495564.195,4038679.155
Rubus chamaemorus,4581497.463,3825360.386
Rubus chamaemorus,4529192.394,4456562.955
Rubus chamaemorus,4488003.309,4032959.861
Rubus chamaemorus,4108092.964,3932758.58
Rubus chamaemorus,4856938.05,5271019.204
Rubus chamaemorus,4681466.599,3756825.184000001
Rubus chamaemorus,4451377.798,3824937.622
Rubus chamaemorus,4556634.485,3638634.355
Rubus chamaemorus,4378300.498,4639390.246
Rubus chamaemorus,4211766.31,4355574.42
Rubus chamaemorus,4696213.942,4450308.541
Rubus chamaemorus,4539783.133,3710876.844
Rubus chamaemorus,4568703.923,4013330.282
Rubus chamaemorus,4521625.303,4305313.03
Rubus chamaemorus,4742254.399,5145156.062
Rubus chamaemorus,4496211.287,4047910.667
Rubus chamaemorus,4915261.969,4866036.455
Rubus chamaemorus,4711519.949,4410558.971
Rubus chamaemorus,4675990.217,4283271.034
Rubus chamaemorus,4220914.191,4451885.719
Rubus chamaemorus,4640659.926,4125412.528
Rubus chamaemorus,4579894.841,3949460.238
Rubus chamaemorus,4648027.268,3790660.786
Rubus chamaemorus,4574833.744,4004616.117
Rubus chamaemorus,4664494.308,3730522.401
Rubus chamaemorus,4534893.6,4507280.165
Rubus chamaemorus,4845665.391,4845853.486
Rubus chamaemorus,4599132.469,3720050.535
Rubus chamaemorus,4806197.952,4713707.6
Rubus chamaemorus,4663700.292,3967430.841
Rubus chamaemorus,4485443.383,4061682.002
Rubus chamaemorus,4858593.516000001,4618007.923
Rubus chamaemorus,4791461.772,4880913.241000001
Rubus chamaemorus,4643807.85,4795210.412
Rubus chamaemorus,4725063.823,4020650.812
Rubus chamaemorus,4486201.336,4267901.671
Rubus chamaemorus,4525194.038,4175653.135
Rubus chamaemorus,4619223.782,3838150.39
Rubus chamaemorus,4704430.305,3964996.41
Rubus chamaemorus,4620804.076,4658101.589
Rubus chamaemorus,4655792.796,4676343.07
Rubus chamaemorus,4630932.4,4568404.982
Rubus chamaemorus,4726132.565,4178188.568
Rubus chamaemorus,4771711.525,4850251.783
Rubus chamaemorus,4594143.474,4011374.028
Rubus chamaemorus,4903045.709,4944208.462
Rubus chamaemorus,4697654.909,4709612.292
Rubus chamaemorus,4851987.246,3893225.608
Rubus chamaemorus,4532152.782,3609558.383
Rubus chamaemorus,4527875.562,4939922.267
Rubus chamaemorus,4471050.046,3821265.044
Rubus chamaemorus,4651746.714,3920815.187
Rubus chamaemorus,4682952.2,4343997.661
Rubus chamaemorus,4614180.853,4197504.836
Rubus chamaemorus,4492433.083,4207503.39
Rubus chamaemorus,4536446.437,4151427.436
Rubus chamaemorus,4687207.296,4548888.972
Rubus chamaemorus,4757950.582,4159648.276
Rubus chamaemorus,4407926.614,3970838.044
Rubus chamaemorus,4744093.76,4499522.898
Rubus chamaemorus,4657788.702,4146694.218
Rubus chamaemorus,4468783.189,4136613.13
Rubus chamaemorus,4892937.385,5034541.063
Rubus chamaemorus,4816272.958,4794159.903
Rubus chamaemorus,4638947.998,3904873.326
Rubus chamaemorus,4572769.931,3798277.213
Rubus chamaemorus,4694219.446,5163900.375
Rubus chamaemorus,4229399.502,4271980.96
Rubus chamaemorus,4785757.827,4640744.328
Rubus chamaemorus,4670052.106,4067582.689
Rubus chamaemorus,4743941.352,4729481.046
Rubus chamaemorus,4404263.738,3961118.419
Rubus chamaemorus,4652267.775,4560969.041
Rubus chamaemorus,4443939.125,4063401.332
Rubus chamaemorus,4549273.697,3617341.409
Rubus chamaemorus,4748228.786,4891885.538
Rubus chamaemorus,4708959.224,4266638.808
Rubus chamaemorus,4510624.84,3653964.225
Rubus chamaemorus,4580430.945,4054359.042
Rubus chamaemorus,4689628.627,3733810.397
Rubus chamaemorus,4613184.98,3858327.272
Rubus chamaemorus,4561537.847,3814124.615
Rubus chamaemorus,4704829.51,4446150.259
Rubus chamaemorus,4657769.43,4647828.609
Rubus chamaemorus,4928670.773,5364911.708
Rubus chamaemorus,4537503.904,3910474.173999999
Rubus chamaemorus,4265970.355,4256696.2
Rubus chamaemorus,4540840.574,4883010.937
Rubus chamaemorus,4401332.921,3968807.062
Rubus chamaemorus,4788148.2870000005,4909845.781
Rubus chamaemorus,4426947.064,3982415.345
Rubus chamaemorus,4686310.807,4285106.171
Rubus chamaemorus,4709326.999,4739917.533
Rubus chamaemorus,4528096.869,4606471.989
Rubus chamaemorus,4653690.924,3734746.71
Rubus chamaemorus,4484293.851,4276898.932
Rubus chamaemorus,4436613.726,3993939.884
Rubus chamaemorus,4601458.866,4336393.515
Rubus chamaemorus,4745118.482000001,4143627.175
Rubus chamaemorus,4536433.328,3668867.034
Rubus chamaemorus,4516935.287,4160011.553
Rubus chamaemorus,4588362.192,4247061.526
Rubus chamaemorus,4549893.537,3666998.299
Rubus chamaemorus,4508021.533,4250237.979
Rubus chamaemorus,4483683.182,4073084.399
Rubus chamaemorus,4727184.824,4442925.251
Rubus chamaemorus,4653055.389,4706261.199
Rubus chamaemorus,4487076.028,4022291.216
Rubus chamaemorus,4860614.443,4796709.832
Rubus chamaemorus,4787966.971,4557307.08
Rubus chamaemorus,4622868.398,3693747.738
Rubus chamaemorus,4719820.585,4075927.507
Rubus chamaemorus,4553200.382,4627756.815
Rubus chamaemorus,4512446.003,4093529.83
Rubus chamaemorus,4916912.488,4875042.532
Rubus chamaemorus,4556363.133,3933099.477
Rubus chamaemorus,4610904.321,4341952.97
Rubus chamaemorus,4422662.185,3927144.847
Rubus chamaemorus,4632074.537,4220009.094
Rubus chamaemorus,4597907.224,4091800.366
Rubus chamaemorus,4872018.652,4887903.553
Rubus chamaemorus,4584448.717,3779928.273
Rubus chamaemorus,4588707.628,4035990.19
Rubus chamaemorus,4701667.01,4345919.256
Rubus chamaemorus,4490749.325,3741114.756
Rubus chamaemorus,4514325.957,4349586.596
Rubus chamaemorus,4500967.227,3998483.531
Rubus chamaemorus,4690762.735,4124273.13
Rubus chamaemorus,4488793.165,4477070.971
Rubus chamaemorus,4674241.138,4812654.903
Rubus chamaemorus,4594330.942,3840639.683
Rubus chamaemorus,4503411.322,3743848.911
Rubus chamaemorus,4476720.036,4472780.822
Rubus chamaemorus,4599598.014,3906663.249
Rubus chamaemorus,4442263.278,3924525.758
Rubus chamaemorus,4608228.997,4142765.551
Rubus chamaemorus,4511669.608,3819117.013
Rubus chamaemorus,4628582.208,5138028.957
Rubus chamaemorus,4628344.267,4134751.577
Rubus chamaemorus,4553567.856,4197864.975
Rubus chamaemorus,4758986.504,4694699.377
Rubus chamaemorus,4201084.663,4254786.551
Rubus chamaemorus,4460070.026,3995114.681
Rubus chamaemorus,4545683.663,3871093.4
Rubus chamaemorus,4731865.564,4997177.363
Rubus chamaemorus,4410322.912,4639936.62
Rubus chamaemorus,4502332.286,3792434.514
Rubus chamaemorus,4652905.478,3905362.704
Rubus chamaemorus,4447640.471,4344291.113
Rubus chamaemorus,4616283.563,4002820.239
Rubus chamaemorus,4620020.545,4573449.707
Rubus chamaemorus,4643101.611,4406632.378
Rubus chamaemorus,4573704.854,4020078.703
Rubus chamaemorus,4674291.655,4304314.523
Rubus chamaemorus,4676877.124,4283274.703
Rubus chamaemorus,4659915.963,3951106.3399999994
Rubus chamaemorus,4860736.649000001,4956790.959
Rubus chamaemorus,4436410.542,3901245.316
Rubus chamaemorus,4468536.637,4412317.197
Rubus chamaemorus,4913952.759,4856638.863
Rubus chamaemorus,4847048.809,4846116.331
Rubus chamaemorus,4577777.418,4406212.414
Rubus chamaemorus,4464347.967,3951364.18
Rubus chamaemorus,4502256.842,4313381.979
Rubus chamaemorus,4514141.357,3790180.079
Rubus chamaemorus,4593423.561,4431082.444
Rubus chamaemorus,4539114.855,3786362.726
Rubus chamaemorus,4721914.257,3705646.687
Rubus chamaemorus,4849804.918,3847114.531
Rubus chamaemorus,4651855.842,3921406.432
Rubus chamaemorus,4649935.023,4380982.747
Rubus chamaemorus,4686113.662,4119085.173
Rubus chamaemorus,4821027.631,4570804.627
Rubus chamaemorus,4641142.939,3815421.294
Rubus chamaemorus,4662100.933,4223353.634
Rubus chamaemorus,4736958.225,4112392.693
Rubus chamaemorus,4510675.662,3880071.021
Rubus chamaemorus,4780794.723000001,4517989.291
Rubus chamaemorus,4480628.625,4331470.394
Rubus chamaemorus,4639738.677,4249521.876
Rubus chamaemorus,4500593.767,3768057.268
Rubus chamaemorus,4524315.849,3725443.248
Rubus chamaemorus,4491917.012,4086954.076
Rubus chamaemorus,4638905.217,3965688.182
Rubus chamaemorus,4603372.165,3912851.891
Rubus chamaemorus,4522181.742,4099911.436
Rubus chamaemorus,4661465.48,4737721.479
Rubus chamaemorus,4496633.433,3748344.838
Rubus chamaemorus,4624259.349,4310083.629
Rubus chamaemorus,4598081.662,4031905.806
Rubus chamaemorus,4662153.421,3691656.98
Rubus chamaemorus,4427007.473,4448086.988
Rubus chamaemorus,4504872.091,3828787.648
Rubus chamaemorus,4687362.948,4283292.805
Rubus chamaemorus,4439867.184,3889353.522
Rubus chamaemorus,4512234.215,3849340.834
Rubus chamaemorus,4604876.403,3822560.8
Rubus chamaemorus,4554934.471,3948051.214
Rubus chamaemorus,4678595.167,3796796.271
Rubus chamaemorus,4863511.847,4966353.37
Rubus chamaemorus,4760086.079,4619094.125
Rubus chamaemorus,4512556.648,5080764.203
Rubus chamaemorus,4780894.394,4804823.593
Rubus chamaemorus,4812292.133,4912223.177
Rubus chamaemorus,4746226.671,4677861.188
Rubus chamaemorus,4435563.209,3888567.938
Rubus chamaemorus,4839411.048,4721907.885
Rubus chamaemorus,4666914.273,4036844.577
Rubus chamaemorus,4567243.291,3633613.802
Rubus chamaemorus,4802346.828,4777783.102
Rubus chamaemorus,4673488.45,4197340.123
Rubus chamaemorus,4499335.528,3882619.935
Rubus chamaemorus,4742560.144999999,4552855.538
Rubus chamaemorus,4551818.81,4382577.363
Rubus chamaemorus,4312092.553,4506770.751
Rubus chamaemorus,4820946.822,4739373.205
Rubus chamaemorus,4812262.379,4689748.697
Rubus chamaemorus,4454424.478,4180706.8029999994
Rubus chamaemorus,4622173.693,4224196.521
Rubus chamaemorus,4784729.864,4630616.635
Rubus chamaemorus,4484618.1,4071347.022
Rubus chamaemorus,4569395.998,4014084.362
Rubus chamaemorus,4824175.705,4780681.094999999
Rubus chamaemorus,4549789.4,4123702.042
Rubus chamaemorus,4674304.687,4013100.1519999993
Rubus chamaemorus,4483945.842,3782412.903
Rubus chamaemorus,4690551.22,4873209.151
Rubus chamaemorus,4635405.423,3899884.675
Rubus chamaemorus,4476759.16,4026546.136
Rubus chamaemorus,4896658.581,4903840.822
Rubus chamaemorus,4509698.819,4249148.941
Rubus chamaemorus,4407209.261,3971323.41
Rubus chamaemorus,4889102.897,4779796.953
Rubus chamaemorus,4766873.335,4660607.818
Rubus chamaemorus,4620222.674,4553270.845
Rubus chamaemorus,4548698.09,3856768.292
Rubus chamaemorus,4786843.949,4642234.346
Rubus chamaemorus,4755124.547,4833835.846
Rubus chamaemorus,4742766.5,4043446.5539999995
Rubus chamaemorus,4534222.756,3675821.231
Rubus chamaemorus,4720136.805,3831384.905
Rubus chamaemorus,4695038.481,4814349.797
Rubus chamaemorus,4680299.434,4518507.658
Rubus chamaemorus,4863230.863,4967851.328
Rubus chamaemorus,4666828.148,4163248.6949999994
Rubus chamaemorus,4158010.006,3907733.2940000007
Rubus chamaemorus,4543129.83,4303223.455
Rubus chamaemorus,4934012.322,4836763.147
Rubus chamaemorus,4719491.717,4142523.348
Rubus chamaemorus,4726649.197,4831334.179
Rubus chamaemorus,4693853.497,4525892.097
Rubus chamaemorus,4652547.733,4215526.125
Rubus chamaemorus,4609107.712,3901979.853
Rubus chamaemorus,4510240.761,3818156.322
Rubus chamaemorus,4565334.54,3658515.891
Rubus chamaemorus,4431774.524,4590034.681
Rubus chamaemorus,4565981.146,4484331.486
Rubus chamaemorus,4829135.8,4545594.14
Rubus chamaemorus,4662003.346,4736215.178
Rubus chamaemorus,4673443.838,4662509.003
Rubus chamaemorus,4506828.416,3698254.143
Rubus chamaemorus,4518188.35,3734353.901
Rubus chamaemorus,4630137.598,4359339.6
Rubus chamaemorus,4592756.102,4335559.651
Rubus chamaemorus,4552023.707,3863462.988
Rubus chamaemorus,4603929.753,4083197.943
Rubus chamaemorus,4652673.309,3919855.125
Rubus chamaemorus,4607735.368,4087635.541
Rubus chamaemorus,4657226.962,3991835.333
Rubus chamaemorus,4409215.935,3955632.666
Rubus chamaemorus,4789365.526,4736548.851
Rubus chamaemorus,4591016.213,4225881.156
Rubus chamaemorus,4642660.507,4336403.912
Rubus chamaemorus,4556841.883,4159079.667
Rubus chamaemorus,4784054.905000001,4777235.174
Rubus chamaemorus,4778879.395,4999556.688
Rubus chamaemorus,4583051.092,3624484.528
Rubus chamaemorus,4582207.27,3684645.964
Rubus chamaemorus,4425525.094,3982599.118
Rubus chamaemorus,4562871.848,4464005.043
Rubus chamaemorus,4426776.429,3966792.091
Rubus chamaemorus,4893953.264,4884419.148
Rubus chamaemorus,4652912.37,4207099.026
Rubus chamaemorus,4880432.266000001,4942212.346
Rubus chamaemorus,4739885.455,4459960.994
Rubus chamaemorus,4434035.103,4077687.128
Rubus chamaemorus,4597338.231,4611644.262
Rubus chamaemorus,4534394.116,3720537.745
Rubus chamaemorus,4610706.226,3888363.077
Rubus chamaemorus,4531023.597,3770575.387
Rubus chamaemorus,4319077.398,4551087.479
Rubus chamaemorus,4756044.473,4729962.894
Rubus chamaemorus,4839246.63,4916135.987
Rubus chamaemorus,4638940.612,4014832.432
Rubus chamaemorus,4765887.38,4650357.575
Rubus chamaemorus,4699325.799,5108036.632
Rubus chamaemorus,4648851.434,4437252.783
Rubus chamaemorus,4510410.935,3732493.979
Rubus chamaemorus,4689485.833,4144858.393
Rubus chamaemorus,4598615.959,3907194.612
Rubus chamaemorus,4570113.141,4839191.252
Rubus chamaemorus,4574409.773,4385762.798
Rubus chamaemorus,4235055.117,4089577.455
Rubus chamaemorus,4748453.781000001,4148467.772
Rubus chamaemorus,4592959.347,4357788.663
Rubus chamaemorus,4742248.132,4553314.907
Rubus chamaemorus,4739421.838,4467867.684
Rubus chamaemorus,4676902.286,4168557.892
Rubus chamaemorus,4740626.511,4479620.583
Rubus chamaemorus,4367882.184,4269975.522
Rubus chamaemorus,4656631.979,3991323.317
Rubus chamaemorus,4686004.749,4283215.11
Rubus chamaemorus,4633606.97,3864254.369
Rubus chamaemorus,4560816.857,3644137.748
Rubus chamaemorus,4690252.999,3779508.2420000006
Rubus chamaemorus,4622136.459,4658126.891
Rubus chamaemorus,4460327.664,3934403.891
Rubus chamaemorus,4387199.308,4392024.761
Rubus chamaemorus,4654241.467,4676926.319
Rubus chamaemorus,4532192.432,4391651.061
Rubus chamaemorus,4504140.102,3783712.471
Rubus chamaemorus,4641483.549,4479748.058
Rubus chamaemorus,4514821.606,3825163.563
Rubus chamaemorus,4613614.231,4078311.387
Rubus chamaemorus,4556192.542,4168445.932
Rubus chamaemorus,4576906.834,3754296.584
Rubus chamaemorus,4449890.867,3825101.922
Rubus chamaemorus,4638966.881,4535104.276
Rubus chamaemorus,4452311.598,4200719.101
Rubus chamaemorus,4695137.295,3943831.948
Rubus chamaemorus,4541396.18,4537445.122
Rubus chamaemorus,4675902.407,4552632.672
Rubus chamaemorus,4636987.877,3919496.668
Rubus chamaemorus,4535982.77,4495934.351
Rubus chamaemorus,4817227.467,3814600.992
Rubus chamaemorus,4461957.191,3981383.057
Rubus chamaemorus,4800195.27,4128667.311
Rubus chamaemorus,4763300.855,4790779.626
Rubus chamaemorus,4437551.011,3978093.281
Rubus chamaemorus,4633706.847,3803824.766
Rubus chamaemorus,4856622.798,4830977.129
Rubus chamaemorus,4564170.867,3834570.049
Rubus chamaemorus,4651247.313,4236194.097
Rubus chamaemorus,4645096.249,4005938.798999999
Rubus chamaemorus,4530016.816,3721233.92
Rubus chamaemorus,4482777.934,3687588.7680000006
Rubus chamaemorus,4632433.543,3990003.197
Rubus chamaemorus,4601919.564,4337732.787
Rubus chamaemorus,4590673.386,4625050.525
Rubus chamaemorus,4579250.844,3642191.176999999
Rubus chamaemorus,4631988.358,4483907.641
Rubus chamaemorus,4548530.814,4353486.143
Rubus chamaemorus,4638640.757,3963812.37
Rubus chamaemorus,4778363.694,4791174.698
Rubus chamaemorus,4491956.279,3757657.651
Rubus chamaemorus,4514320.093,3659430.462
Rubus chamaemorus,4401436.58,3958946.114
Rubus chamaemorus,4452290.403,3904834.814
Rubus chamaemorus,4658685.407,4517571.779
Rubus chamaemorus,4691248.14,3874118.783
Rubus chamaemorus,4725707.839,4757437.11
Rubus chamaemorus,4626020.038,3764180.872
Rubus chamaemorus,4642467.285,4554693.397
Rubus chamaemorus,4816940.713999999,5032217.588
Rubus chamaemorus,4577872.489,3729843.661
Rubus chamaemorus,4693164.312,4093798.635
Rubus chamaemorus,4751428.976,4484167.21
Rubus chamaemorus,4792279.139,4782082.228
Rubus chamaemorus,4503264.713,4333893.675
Rubus chamaemorus,4427807.455,4023043.368
Rubus chamaemorus,4504153.474,4333725.338
Rubus chamaemorus,4844467.576,4740950.759
Rubus chamaemorus,4600417.606,4061504.437
Rubus chamaemorus,4495554.286,4059012.468
Rubus chamaemorus,4534105.451,3665569.1559999995
Rubus chamaemorus,4668826.342,4143250.97
Rubus chamaemorus,4552205.871,4447671.89
Rubus chamaemorus,4214647.596,4155848.169
Rubus chamaemorus,4529531.553,3715801.39
Rubus chamaemorus,4538302.126,4526471.933
Rubus chamaemorus,4591048.063,3770322.645
Rubus chamaemorus,4698825.92,4590478.705
Rubus chamaemorus,4677726.478,4263741.43
Rubus chamaemorus,4623950.177,3842851.19
Rubus chamaemorus,4678182.938,4148196.5060000005
Rubus chamaemorus,4564666.969,3898539.224999999
Rubus chamaemorus,4789018.863000001,4652029.743
Rubus chamaemorus,4539673.821,3605630.059000001
Rubus chamaemorus,4730231.632000001,3776037.921
Rubus chamaemorus,4691112.94,4225787.289
Rubus chamaemorus,4630522.679,3833713.359
Rubus chamaemorus,4606659.343,3756698.182
Rubus chamaemorus,4524117.652,4500633.344
Rubus chamaemorus,4694621.798,3970322.711
Rubus chamaemorus,4598965.067,4252027.755
Rubus chamaemorus,4619229.47,3728112.127
Rubus chamaemorus,4597050.197,3856582.34
Rubus chamaemorus,4441371.078,3823629.282
Rubus chamaemorus,4651138.33,4466308.725
Rubus chamaemorus,4487356.982,4137737.898
Rubus chamaemorus,4616862.759,4468393.124
Rubus chamaemorus,4862700.691,4965919.66
Rubus chamaemorus,4710871.101,4741729.345
Rubus chamaemorus,4476836.584,4385992.745
Rubus chamaemorus,4796584.407,4554216.799
Rubus chamaemorus,4527050.395,4040162.504
Rubus chamaemorus,4738758.307,4608713.13
Rubus chamaemorus,4699146.059,3853516.851
Rubus chamaemorus,4157924.28,3907806.67
Rubus chamaemorus,4636752.683,4431097.117
Rubus chamaemorus,4793109.735,4167720.178
Rubus chamaemorus,4840522.951,4964763.935
Rubus chamaemorus,4671924.193,4439247.623
Rubus chamaemorus,4471645.16,4356997.988
Rubus chamaemorus,4748031.9969999995,3984313.287
Rubus chamaemorus,4841428.42,4989719.677
Rubus chamaemorus,4628037.595,4463823.328
Rubus chamaemorus,4607653.533,3746704.654
Rubus chamaemorus,4501948.239,5028182.701
Rubus chamaemorus,4641912.616,4335395.53
Rubus chamaemorus,4667859.438,4416715.499
Rubus chamaemorus,4880390.671,4933766.669
Rubus chamaemorus,4442132.182,3968263.422
Rubus chamaemorus,4719012.245,3735379.917000001
Rubus chamaemorus,4390390.591,4446929.899
Rubus chamaemorus,4906947.385,4806394.508
Rubus chamaemorus,4605346.093,3821804.581
Rubus chamaemorus,4788207.102,4146177.8050000006
Rubus chamaemorus,4537600.442,3925716.419
Rubus chamaemorus,4229300.932,4272212.817
Rubus chamaemorus,4689112.406,4799012.176
Rubus chamaemorus,4645610.719,3880267.344
Rubus chamaemorus,4671471.359,3947669.932
Rubus chamaemorus,4785772.364,4716853.968
Rubus chamaemorus,4799590.273,4867244.36
Rubus chamaemorus,4696040.021,3758848.718
Rubus chamaemorus,4608430.072,4258164.87
Rubus chamaemorus,4583322.154,3795470.3180000004
Rubus chamaemorus,4565578.843,4485732.525
Rubus chamaemorus,4798931.094,4093785.899
Rubus chamaemorus,4741520.126000001,4008035.076
Rubus chamaemorus,4811858.517,4868094.661
Rubus chamaemorus,4835191.061,4929037.943
Rubus chamaemorus,4658904.206,3725883.113
Rubus chamaemorus,4531725.584,3796209.758
Rubus chamaemorus,4564605.626,4174625.021
Rubus chamaemorus,4518344.95,4139348.965
Rubus chamaemorus,4748365.42,4444869.827
Rubus chamaemorus,4658688.745,4516745.942
Rubus chamaemorus,4704480.124,4843695.649
Rubus chamaemorus,4566360.917,4039686.771
Rubus chamaemorus,4628025.137,4369671.995
Rubus chamaemorus,4929056.34,5365170.563000001
Rubus chamaemorus,4748564.198,4743514.285
Rubus chamaemorus,4380008.554,4426081.664
Rubus chamaemorus,4859272.223,4853283.091999999
Rubus chamaemorus,4665229.182,4297251.512
Rubus chamaemorus,4736887.801,4712724.827
Rubus chamaemorus,4909373.985,4835477.990999999
Rubus chamaemorus,4510433.628,3659201.106
Rubus chamaemorus,4857233.921,4757003.413
Rubus chamaemorus,4533361.421,4202214.407
Rubus chamaemorus,4796105.869,4572096.274
Rubus chamaemorus,4431993.509,3927211.383
Rubus chamaemorus,4885988.766,4994078.705
Rubus chamaemorus,4599857.535,3892117.1020000004
Rubus chamaemorus,4843245.405,4730315.114
Rubus chamaemorus,4721102.926,4126939.33
Rubus chamaemorus,4581691.649,3870707.87
Rubus chamaemorus,4551503.63,4448156.728
Rubus chamaemorus,4626778.968,3859200.948
Rubus chamaemorus,4678820.528,4827708.507
Rubus chamaemorus,4558244.923,3622135.25
Rubus chamaemorus,4476759.282,4311339.573
Rubus chamaemorus,4511058.644,4094910.997
Rubus chamaemorus,4358154.499,4320005.292
Rubus chamaemorus,4616450.306,3862719.91
Rubus chamaemorus,4459777.353,4015321.9119999995
Rubus chamaemorus,4588512.733,3849535.389
Rubus chamaemorus,4557213.915,3867945.775
Rubus chamaemorus,4452607.262,3809592.423
Rubus chamaemorus,4657737.355,4271671.931
Rubus chamaemorus,4496599.564,4038395.754
Rubus chamaemorus,4555203.028,4317212.485
Rubus chamaemorus,4558708.454,4032765.718
Rubus chamaemorus,4783270.646,4107361.756
Rubus chamaemorus,4753923.192,4558962.377
Rubus chamaemorus,4425762.666,4052535.0090000005
Rubus chamaemorus,4683162.814,4039713.525
Rubus chamaemorus,4680685.464,3879205.522
Rubus chamaemorus,4753042.735,4608160.849
Rubus chamaemorus,4589055.045,3726065.293
Rubus chamaemorus,4115051.223,3937970.759
Rubus chamaemorus,4740619.884,4554205.751
Rubus chamaemorus,4491324.977,4217552.984
Rubus chamaemorus,4604730.316,3897295.281
Rubus chamaemorus,4485580.737,4382285.748
Rubus chamaemorus,4617833.075,3863660.696
Rubus chamaemorus,4599515.082,4670899.888
Rubus chamaemorus,4798619.314000001,4940756.557
Rubus chamaemorus,4555856.126,3867878.153
Rubus chamaemorus,4724140.667,3725246.764
Rubus chamaemorus,4519553.976,3828944.851
Rubus chamaemorus,4651050.295,3716524.571
Rubus chamaemorus,4635977.413,4180885.16
Rubus chamaemorus,4895564.051,4820138.03
Rubus chamaemorus,4496955.364,4159024.073
Rubus chamaemorus,4916127.883,4866064.729
Rubus chamaemorus,4487039.054,4148738.715
Rubus chamaemorus,4580949.118,4329865.522
Rubus chamaemorus,4734544.884,4078088.235
Rubus chamaemorus,4486035.61,3821470.728
Rubus chamaemorus,4565448.791,4742893.358
Rubus chamaemorus,4553772.607,3897318.181
Rubus chamaemorus,4505508.758,3829157.9599999995
Rubus chamaemorus,4554245.443,4393004.563
Rubus chamaemorus,4685514.577,4118545.079
Rubus chamaemorus,4602043.268,4327455.268
Rubus chamaemorus,4408242.189,3971640.969
Rubus chamaemorus,4737881.402,4533212.103
Rubus chamaemorus,4606850.98,3747803.169
Rubus chamaemorus,4642965.481,3799322.065
Rubus chamaemorus,4470999.918,4221486.583
Rubus chamaemorus,4501860.39,4409654.099
Rubus chamaemorus,4673911.571,3793294.592
Rubus chamaemorus,4488570.136,4306917.069
Rubus chamaemorus,4824064.981,5294995.61
Rubus chamaemorus,4409879.018,3941769.0539999995
Rubus chamaemorus,4611741.87,3812213.082
Rubus chamaemorus,4587410.659,3875292.949
Rubus chamaemorus,4594164.4,3775642.677
Rubus chamaemorus,4110062.203,4256934.151
Rubus chamaemorus,4583438.439,4090207.847
Rubus chamaemorus,4698717.97,3789314.818
Rubus chamaemorus,4820941.773,3845375.711
Rubus chamaemorus,4653234.088,3795298.852
Rubus chamaemorus,4800022.949,4593904.485
Rubus chamaemorus,4544210.734,3841637.241
Rubus chamaemorus,4675875.549,3826796.201
Rubus chamaemorus,4517013.598,4359032.776
Rubus chamaemorus,4665559.756,3876895.934
Rubus chamaemorus,4448031.074,4984617.383
Rubus chamaemorus,4662322.07,4472458.627
Rubus chamaemorus,4801889.263,4882257.719
Rubus chamaemorus,4793124.056,4103190.253
Rubus chamaemorus,4583212.214,3780725.203
Rubus chamaemorus,4516231.043,3589623.115
Rubus chamaemorus,4580129.618,4246710.966
Rubus chamaemorus,4842113.626,4582747.693
Rubus chamaemorus,4629784.913,3768678.853
Rubus chamaemorus,4651296.657,4341545.582
Rubus chamaemorus,4522600.308,3785113.5140000004
Rubus chamaemorus,4601839.692,4501692.421
Rubus chamaemorus,4846017.814,4760065.138
Rubus chamaemorus,4571734.563,3634479.717
Rubus chamaemorus,4620869.814,3772957.634
Rubus chamaemorus,4465067.358,4811956.265
Rubus chamaemorus,4581107.997,4425765.92
Rubus chamaemorus,4751154.591,4464743.657
Rubus chamaemorus,4582235.339,3870112.701
Rubus chamaemorus,4554145.398,4064151.288
Rubus chamaemorus,4578026.548,4024937.1820000005
Rubus chamaemorus,4840516.796,4989708.731
Rubus chamaemorus,4559799.764,4013006.422
Rubus chamaemorus,4515958.18,4045441.974
Rubus chamaemorus,4837737.461,5019933.746
Rubus chamaemorus,4554479.972,3607016.089
Rubus chamaemorus,4701212.225,4120737.6760000004
Rubus chamaemorus,4576941.462,4394664.18
Rubus chamaemorus,4649228,3899955.189
Rubus chamaemorus,4456309.081,3924534.606
Rubus chamaemorus,4594327.58,4601048.261
Rubus chamaemorus,4663737.543,4076663.639
Rubus chamaemorus,4493306.776,4272720.996
Rubus chamaemorus,4476752.246,4142151.4
Rubus chamaemorus,4846388.663,4686547.087
Rubus chamaemorus,4752941.132,4465603.734
Rubus chamaemorus,4852717.886,3887373.088
Rubus chamaemorus,4521132.227,4641580.307
Rubus chamaemorus,4681683.87,3767193.484
Rubus chamaemorus,4635768.449,3824664.109
Rubus chamaemorus,4524149.671,4185433.073
Rubus chamaemorus,4905703.704000001,4804723.015
Rubus chamaemorus,4587878.723,4254831.403
Rubus chamaemorus,4836603.813,3841016.795
Rubus chamaemorus,4643646.526,4306072.71
Rubus chamaemorus,4551704.118,4218785.6
Rubus chamaemorus,4575499.861,4005417.516
Rubus chamaemorus,4646550.284,4055931.527
Rubus chamaemorus,4552968.264,3957846.929
Rubus chamaemorus,4602134.949,4417322.208
Rubus chamaemorus,4510538.689,3715032.763
Rubus chamaemorus,4625076.144,3828474.682
Rubus chamaemorus,4411948.823,4078052.898
Rubus chamaemorus,4470620.993,4211669.239
Rubus chamaemorus,4766036.69,3996099.343
Rubus chamaemorus,4585670.289,3830067.096
Rubus chamaemorus,4513270.751,3734412.315
Rubus chamaemorus,4487103.236,4468684.803
Rubus chamaemorus,4517883.296,4361443.963
Rubus chamaemorus,4574332.879,4534813.034
Rubus chamaemorus,4814675.222,4625127.426
Rubus chamaemorus,4575107.647,4295878.419
Rubus chamaemorus,4638914.747,3779392.275
Rubus chamaemorus,4656583.411,3861641.545
Rubus chamaemorus,4689380.763,4013249.978
Rubus chamaemorus,4766953.048,4500536.009
Rubus chamaemorus,4638458.621,3794320.772
Rubus chamaemorus,4680340.303,4019419.124
Rubus chamaemorus,4848855.712,3900372.799
Rubus chamaemorus,4558474.537,4022636.171
Rubus chamaemorus,4549038.75,4343067.811
Rubus chamaemorus,4883225.874000001,4962453.662
Rubus chamaemorus,4725871.018,4056424.42
Rubus chamaemorus,4716066.774,4949666.063
Rubus chamaemorus,4728304.485,3731038.036
Rubus chamaemorus,4770964.727,4125339.611
Rubus chamaemorus,4579524.104,4140919.302
Rubus chamaemorus,4656765.995,4041635.014
Rubus chamaemorus,4897431.41,4904586.142999999
Rubus chamaemorus,4437713.333,4018387.116
Rubus chamaemorus,4858014.152,4607891.495
Rubus chamaemorus,4618019.514,4149018.5680000004
Rubus chamaemorus,4440763.196,3874058.967
Rubus chamaemorus,4594823.585,4611206.142
Rubus chamaemorus,4413955.708,3957530.369999999
Rubus chamaemorus,4576328.158,3989940.937
Rubus chamaemorus,4724896.549,4132581.832
Rubus chamaemorus,4795315.971,4542905.589
Rubus chamaemorus,4475297.561,3827157.054
Rubus chamaemorus,4657525.417,4166973.9289999995
Rubus chamaemorus,4755920.893,4064936.376
Rubus chamaemorus,4225909.823,4370919.368
Rubus chamaemorus,4395854.803,3999862.255
Rubus chamaemorus,4579079.743,4024786.78
Rubus chamaemorus,4833029.572,4670468.028
Rubus chamaemorus,4640066.337,4451353.582
Rubus chamaemorus,4704669.304,4125370.112
Rubus chamaemorus,4425940.207,3997139.991
Rubus chamaemorus,4436866.178,3858233.242
Rubus chamaemorus,4511059.947,4115682.515
Rubus chamaemorus,4603880.126,3836641.496
Rubus chamaemorus,5070974.13,5215467.25
Rubus chamaemorus,4684817.309,4133726.691
Rubus chamaemorus,4647940.532,4266503.443
Rubus chamaemorus,4619622.404,4242708.45
Rubus chamaemorus,4582765.506,3795152.326
Rubus chamaemorus,4744992.684,4072861.078
Rubus chamaemorus,4577028.479,4149700.825
Rubus chamaemorus,4784087.594,4091709.152
Rubus chamaemorus,4817079.875,4623886.045
Rubus chamaemorus,4454228.93,4299914.821
Rubus chamaemorus,4578857.58,3614262.649
Rubus chamaemorus,4698109.49,3803377.056
Rubus chamaemorus,4722750.361,4147178.39
Rubus chamaemorus,4579574.85,4131674.766
Rubus chamaemorus,4534016.191,3846301.695
Rubus chamaemorus,4711962.339,3759445.365
Rubus chamaemorus,4604740.817,4191474.93
Rubus chamaemorus,4577126.387,4169777.956
Rubus chamaemorus,4579019.299,3729276.442
Rubus chamaemorus,4476840.759,4481229.502
Rubus chamaemorus,4795885.526,4801315.615999999
Rubus chamaemorus,4566980.277,3802551.036
Rubus chamaemorus,4410127.296,4165007.606
Rubus chamaemorus,4669771.018,3947833.591
Rubus chamaemorus,4710122.791,4637142.328
Rubus chamaemorus,4442407.696,3832210.331
Rubus chamaemorus,4814037.391,5201248.833
Rubus chamaemorus,4446348.175,3974420.886
Rubus chamaemorus,4566037.229,4164038.678
Rubus chamaemorus,4862447.966,4976313.563
Rubus chamaemorus,4558230.239,4252468.443
Rubus chamaemorus,4589720.918,3725876.176
Rubus chamaemorus,4616181.519,4273083.416
Rubus chamaemorus,4768305.267,4510086.117
Rubus chamaemorus,4658849.656,4251631.243
Rubus chamaemorus,4528709.136,4242077.238
Rubus chamaemorus,4614304.551,4512400.258
Rubus chamaemorus,4669327.988,4141707.12
Rubus chamaemorus,4609478.967,3777083.661
Rubus chamaemorus,4801756.993,4517916.384
Rubus chamaemorus,4581510.866,4054639.442
Rubus chamaemorus,4916497.12,4885751.027
Rubus chamaemorus,4688956.297,4873346.498
Rubus chamaemorus,4392664.901,3965198.942
Rubus chamaemorus,4538814.222,4132292.41
Rubus chamaemorus,4655126.752,4677146.597
Rubus chamaemorus,4461518.776,3919950.963
Rubus chamaemorus,4568684.005,3728059.796
Rubus chamaemorus,4617882.788,3803522.478
Rubus chamaemorus,4673914.405,4887331.674
Rubus chamaemorus,4748964.571,4453928.991
Rubus chamaemorus,4444298.66,4063927.237
Rubus chamaemorus,4788726.222,4738257.009
Rubus chamaemorus,4633956.553,4309384.156
Rubus chamaemorus,4759261.821,4694572.942
Rubus chamaemorus,4522944.649,3708198.172
Rubus chamaemorus,4887323.469,4907485.847
Rubus chamaemorus,4725761.43,4607400.306
Rubus chamaemorus,4751581,4485875.348
Rubus chamaemorus,4600568.923,4233028.156
Rubus chamaemorus,4667429.285,3811065.503
Rubus chamaemorus,4638690.334,4089865.162
Rubus chamaemorus,4911196.296,4845973.228
Rubus chamaemorus,4756990.757,4514917.348
Rubus chamaemorus,4618619.979,3914014.027
Rubus chamaemorus,4515823.572,4274664.162
Rubus chamaemorus,4728604.097,4102132.733
Rubus chamaemorus,4428107.958,3847710.822
Rubus chamaemorus,4648259.915,3789692.84
Rubus chamaemorus,4601108.684,4051894.2
Rubus chamaemorus,4664901.464,3792199.534
Rubus chamaemorus,4712316.014,4100980.159
Rubus chamaemorus,4607568.657,3806867.943
Rubus chamaemorus,4599810.546,4242030.055
Rubus chamaemorus,4617249.091,3987344.938
Rubus chamaemorus,4637172.923,3704283.594
Rubus chamaemorus,4823872.077,4760432.009
Rubus chamaemorus,4449810.937,4564717.014
Rubus chamaemorus,4560572.756,3943032.245
Rubus chamaemorus,4590112.302,4581793.59
Rubus chamaemorus,4582915.838,4030449.389
Rubus chamaemorus,4642512.955,4324605.693
Rubus chamaemorus,4702963.762,4560512.072
Rubus chamaemorus,4370409.674,4403991.584
Rubus chamaemorus,4810676.875,4668853.494
Rubus chamaemorus,4552952.181,3628004.739
Rubus chamaemorus,4707670.994,3755346.15
Rubus chamaemorus,4502474.87,4493954.556
Rubus chamaemorus,4574573.197,3719998.045
Rubus chamaemorus,4189998.401,4129363.624
Rubus chamaemorus,4603421.467,4327082.376
Rubus chamaemorus,4606904.152,4103405.400000001
Rubus chamaemorus,4619392.002,4368671.947
Rubus chamaemorus,4816809.823,4632930.647
Rubus chamaemorus,4713183.29,4215251.685
Rubus chamaemorus,4645989.866,4064692.779
Rubus chamaemorus,4644669.421,4181486.016
Rubus chamaemorus,4434659.275,3921259.2220000005
Rubus chamaemorus,4678259.891,4498644.158
Rubus chamaemorus,4825010.151,4778952.769
Rubus chamaemorus,4672799.981,3917665.9
Rubus chamaemorus,4426806.171,3928626.131
Rubus chamaemorus,4540543.925,3656627.897
Rubus chamaemorus,4816446.684,4069655.883
Rubus chamaemorus,4512430.804,3864585.9119999995
Rubus chamaemorus,4591943.592,4625116.391
Rubus chamaemorus,4211606.52,4043053.77
Rubus chamaemorus,4504119.484,4504384.206
Rubus chamaemorus,4445896.678,3864229.54
Rubus chamaemorus,4629326.323,4475038.236
Rubus chamaemorus,4665868.015,4557541.205
Rubus chamaemorus,4533602.395,4086452.126
Rubus chamaemorus,4653237.278,4602716.152
Rubus chamaemorus,4722786.535,4742272.847
Rubus chamaemorus,4629963.384,3835026.253
Rubus chamaemorus,4562074.347,3973610.455
Rubus chamaemorus,4632675.126,3914264.001
Rubus chamaemorus,4667246.68,4277482.539
Rubus chamaemorus,4494779.39,4367936.351
Rubus chamaemorus,4551545.652,4446968.552
Rubus chamaemorus,4670609.218,4238802.938
Rubus chamaemorus,4648521.076,4255772.681
Rubus chamaemorus,4778473.965,4506515.799
Rubus chamaemorus,4630560.984,3945317.53
Rubus chamaemorus,4515749.078,3764388.137
Rubus chamaemorus,4566045.741,4813860.445
Rubus chamaemorus,4749792.285,4134153.103
Rubus chamaemorus,4698013.661,4619376.747
Rubus chamaemorus,4671837.926,4343230.443
Rubus chamaemorus,4452521.203,3855198.875
Rubus chamaemorus,4570934.048,4353710.96
Rubus chamaemorus,4804833.925,5282513.5
Rubus chamaemorus,4821970.826,4664004.746
Rubus chamaemorus,4506430.349,4769958.136
Rubus chamaemorus,4703323.183,3920304.288
Rubus chamaemorus,4474266.941,4181602.373
Rubus chamaemorus,4723870.028,4711259.173
Rubus chamaemorus,4690862.08,3777952.514
Rubus chamaemorus,4676509.383,4292804.518
Rubus chamaemorus,4727368.138,4831129.989
Rubus chamaemorus,4646554.549,4276726.641
Rubus chamaemorus,4677416.047,3697248.149
Rubus chamaemorus,4600065.967,4356563.536
Rubus chamaemorus,4718581.249,3920566.227
Rubus chamaemorus,4851572.512,5021376.65
Rubus chamaemorus,4457524.199,4319411.533
Rubus chamaemorus,4624750.561,4425416.71
Rubus chamaemorus,4831391.71,4584505.532
Rubus chamaemorus,4818576.412,3814145.918
Rubus chamaemorus,4769412.269,4139661.196
Rubus chamaemorus,4604518.908,4427162.376
Rubus chamaemorus,4789353.528,4082474.286
Rubus chamaemorus,4553946.146,3787120.915
Rubus chamaemorus,4600160.883,4241069.817
Rubus chamaemorus,4544244.065,4397000.677
Rubus chamaemorus,4779434.593,4135852.286
Rubus chamaemorus,4770101.295,4604837.248
Rubus chamaemorus,4859822.965,4617744.051
Rubus chamaemorus,4540853.141,4221980.764
Rubus chamaemorus,4741611.088,4552849.803
Rubus chamaemorus,4539720.387,3945662.792
Rubus chamaemorus,4646871.36,4765164.887
Rubus chamaemorus,4692430.318,4430831.333
Rubus chamaemorus,4664977.991,4632344.727
Rubus chamaemorus,4754039.582,4879290.971
Rubus chamaemorus,4555193.94,3648600.347
Rubus chamaemorus,4421617.507,3849617.698
Rubus chamaemorus,4536276.676,3752058.213
Rubus chamaemorus,4809523.949,4583249.425
Rubus chamaemorus,4517342.519,4140599.405
Rubus chamaemorus,4607213.552,3697459.693
Rubus chamaemorus,4673936.897,4738136.68
Rubus chamaemorus,4550850.92,4438799.649
Rubus chamaemorus,4197339.737,4014061.247
Rubus chamaemorus,4594619.824,3699921.615
Rubus chamaemorus,4894946.957,4894113.276
Rubus chamaemorus,4687215.605,4589836.666
Rubus chamaemorus,4787396.909,4747068.387
Rubus chamaemorus,4434853.242,3834320.64
Rubus chamaemorus,4669861.522,3766743.476
Rubus chamaemorus,4585317.962,4175829.448
Rubus chamaemorus,4602259.018,4096133.816
Rubus chamaemorus,4710758.523,3946311.646
Rubus chamaemorus,4635338.246,3697351.953
Rubus chamaemorus,4636908.415,4280801.83
Rubus chamaemorus,4686279.91,4485454.047
Rubus chamaemorus,4873124.926,4886723.832
Rubus chamaemorus,4547033.401,5039825.343
Rubus chamaemorus,4584334.115,4014827.728
Rubus chamaemorus,4679869.626,4018644.926
Rubus chamaemorus,4695714.355,3880064.772
Rubus chamaemorus,4565576.778,3817439.243
Rubus chamaemorus,4812021.165,4678453.211
Rubus chamaemorus,4548366.469,3907142.8780000005
Rubus chamaemorus,4591274.433,4590869.956
Rubus chamaemorus,4579583.426,3961025.249
Rubus chamaemorus,4928090.088,4796820.589
Rubus chamaemorus,4559029.038,3853213.459
Rubus chamaemorus,4539624.464,3880971.77
Rubus chamaemorus,4855349.95,4748365.702999999
Rubus chamaemorus,4616336.325,4524697.435
Rubus chamaemorus,4562730.808,3633338.685
Rubus chamaemorus,4586388.352,4176044.013
Rubus chamaemorus,4554966.25,3653543.238
Rubus chamaemorus,4694894.375,4534455.932
Rubus chamaemorus,4541238.567,4231535.058
Rubus chamaemorus,4774255.785,4984012.097
Rubus chamaemorus,4621584.026,3978024.4649999994
Rubus chamaemorus,4529059.129,4846681.196
Rubus chamaemorus,4681818.77,4368136.364
Rubus chamaemorus,4721149.473,3876182.102
Rubus chamaemorus,4689679.025,3828861.5920000006
Rubus chamaemorus,4712882.779,4755879.306000001
Rubus chamaemorus,4464624.47,3999505.095
Rubus chamaemorus,4671968.474,3978171.156
Rubus chamaemorus,4488503.255,4247819.194
Rubus chamaemorus,4777866.751,4925119.484
Rubus chamaemorus,4490462.122,3763511.776
Rubus chamaemorus,4426410.909,3872168.708
Rubus chamaemorus,4778410.327,4998754.192
Rubus chamaemorus,4698087.707,3929374.907
Rubus chamaemorus,4527835.688,3681047.431
Rubus chamaemorus,4508649.662,4144736.305
Rubus chamaemorus,4692029.174,3753598.3840000005
Rubus chamaemorus,4662701.037,4735771.102
Rubus chamaemorus,4592067.13,3696856.956
Rubus chamaemorus,4387536.778,3978962.579
Rubus chamaemorus,4561880.645,3642939.578
Rubus chamaemorus,4606902.249,4276931.817
Rubus chamaemorus,4876026.791,4821967.445
Rubus chamaemorus,4526627.699,4040160.998
Rubus chamaemorus,4452257.766,4190270.089
Rubus chamaemorus,4664588.777,4482136.204
Rubus chamaemorus,4635214.619,4629588.186
Rubus chamaemorus,4674971.436,4813779.743
Rubus chamaemorus,4650904.909,4631770.373
Rubus chamaemorus,4910449.437,4835732.48
Rubus chamaemorus,4459173.586,4330327.312
Rubus chamaemorus,4784302.463,4715958.523
Rubus chamaemorus,4565872.37,4814007.291
Rubus chamaemorus,4592516.483,4330527.789
Rubus chamaemorus,4625365.917,3778129.4780000006
Rubus chamaemorus,4663312.222,4586220.551
Rubus chamaemorus,4541544.099,3746183.899
Rubus chamaemorus,4664934.754,4193010.321
Rubus chamaemorus,4664339.741,3731368.915
Rubus chamaemorus,4747972.661,4772931.38
