species,longitude,latitude
Rubus chamaemorus,4645297.384,5096782.474
Rubus chamaemorus,4670426.11,5019125.167
Rubus chamaemorus,5105379.290999999,4501998.223
Rubus chamaemorus,4404801.874,4129989.192
Rubus chamaemorus,4949836.105000001,4565846.45
Rubus chamaemorus,5204428.218,4111162.014
Rubus chamaemorus,5021656.368999999,5356303.203
Rubus chamaemorus,4926268.416,5003487.689
Rubus chamaemorus,4471009.155,4454581.37
Rubus chamaemorus,4430942.524,4295960.058
Rubus chamaemorus,4765739.75,5162767.171
Rubus chamaemorus,4875547.55,5170946.921
Rubus chamaemorus,4204938.398,3972434.65
Rubus chamaemorus,5019457.322999999,4684407.255
Rubus chamaemorus,5220812.492,4827618.717
Rubus chamaemorus,4273302.242,4078421.073
Rubus chamaemorus,4324254.204,4068465.862
Rubus chamaemorus,4669803.307,4304616.64
Rubus chamaemorus,4884079.204000001,5167656.669
Rubus chamaemorus,4251128.404,4042419.907
Rubus chamaemorus,4499893.818,4747997.756
Rubus chamaemorus,5132811.859,4209075.635
Rubus chamaemorus,4354532.35,4328798.677
Rubus chamaemorus,4415139.402,4598254.382
Rubus chamaemorus,4879915.45,5195468.924
Rubus chamaemorus,5101477.93,4282491.85
Rubus chamaemorus,4458157.234,4109453.787
Rubus chamaemorus,4863973.61,5247699.729
Rubus chamaemorus,5152873.799,5017292.462
Rubus chamaemorus,4309517.206,4309198.406
Rubus chamaemorus,4540206.599,4708132.81
Rubus chamaemorus,4153263.149,4315499.665
Rubus chamaemorus,4627855.963,4378885.964
Rubus chamaemorus,5100356.154,4342021.412
Rubus chamaemorus,4408329.295,4343761.626
Rubus chamaemorus,4908318.919,5140458.334000001
Rubus chamaemorus,5151562.363,4230133.104
Rubus chamaemorus,4586083.744,4001798.827
Rubus chamaemorus,4375003.806,4230782.017
Rubus chamaemorus,4302925.035,4151302.48
Rubus chamaemorus,4292486.86,4352420.363
Rubus chamaemorus,4473613.523,4461538.962
Rubus chamaemorus,4262418.602,4103731.182
Rubus chamaemorus,4853319.124,5281601.991
Rubus chamaemorus,5046386.172,4475911.358
Rubus chamaemorus,5109709.976,4235039.254
Rubus chamaemorus,5224094.471,4674841.989
Rubus chamaemorus,5131614.744000001,4821732.503
Rubus chamaemorus,5229932.041,4359865.434
Rubus chamaemorus,4381263.198,4345434.794
Rubus chamaemorus,4697532.955,5225455.823
Rubus chamaemorus,4260804.65,4158734.999
Rubus chamaemorus,5005425.119000001,5304399.217
Rubus chamaemorus,4227172.966,4081826.88
Rubus chamaemorus,4827168.384,5245303.677
Rubus chamaemorus,4422621.036,6155813.009
Rubus chamaemorus,4465532.206,4284429.114
Rubus chamaemorus,4451255.417,4210252.881
Rubus chamaemorus,4953633.516000001,5141631.222
Rubus chamaemorus,4360563.077,4226795.889
Rubus chamaemorus,5068039.487,4224656.71
Rubus chamaemorus,5016974.985,4539595.502
Rubus chamaemorus,4543129.83,4303223.455
Rubus chamaemorus,4264727.05,4042423.267
Rubus chamaemorus,4921118.349,5020955.922
Rubus chamaemorus,5202335.521,4139367.24
Rubus chamaemorus,4466258.979,4820325.355
Rubus chamaemorus,4430605.443,4525615.415
Rubus chamaemorus,4938005.954,5203341.154
Rubus chamaemorus,5147438.837,4224814.332
Rubus chamaemorus,4800914.656,4985642.533000001
Rubus chamaemorus,4283912.288,4351931.374
Rubus chamaemorus,4632858.299,5175404.64
Rubus chamaemorus,4357743.257,4220125.997
Rubus chamaemorus,4763520.254,5163210.624
Rubus chamaemorus,4757942.642,4609035.167
Rubus chamaemorus,5030364.107,4831258.986
Rubus chamaemorus,4954530.343,4267349.683
Rubus chamaemorus,4480235.277,4217466.161
Rubus chamaemorus,4222387.81,4160478.742
Rubus chamaemorus,4788907.724,5158576.219
Rubus chamaemorus,5282317.487,4689216.119
Rubus chamaemorus,5101427.39,5371688.784
Rubus chamaemorus,5099075.679,4279830.597
Rubus chamaemorus,4468019.222,5012894.408
Rubus chamaemorus,4261589.518,4107178.739
Rubus chamaemorus,4425444.385,4245619.067
Rubus chamaemorus,4481280.975,5024510.664
Rubus chamaemorus,4260877.155,4468674.153
Rubus chamaemorus,4247332.613,4206400.43
Rubus chamaemorus,5057160.515,4930596.017
Rubus chamaemorus,4996178.285,4241121.456
Rubus chamaemorus,4414030.247,4319261.192
Rubus chamaemorus,4943506.508,4833386.205999999
Rubus chamaemorus,4880213.651,5195803.56
Rubus chamaemorus,5056441.312,4737281.036
Rubus chamaemorus,4359034.135,4177673.869
Rubus chamaemorus,4432403.683,4663767.927
Rubus chamaemorus,4328489.43,4225271.09
Rubus chamaemorus,4559784.334,4424739.27
Rubus chamaemorus,5112886.674,4329679.12
Rubus chamaemorus,4499265.198,4602202.664
Rubus chamaemorus,4481552.525,4734186.253
Rubus chamaemorus,4083723.694,4218649.166
Rubus chamaemorus,4900566.521000001,5250527.616999999
Rubus chamaemorus,5061372.471,4329184.613
Rubus chamaemorus,5106218.25,5371928.071
Rubus chamaemorus,4582119.776,4715432.678
Rubus chamaemorus,4819467.343,5003699.428
Rubus chamaemorus,4410307.588,4160521.49
Rubus chamaemorus,4332440.529,3758193.692
Rubus chamaemorus,5132866.792,4218796.958
Rubus chamaemorus,4850083.306,5190516.703
Rubus chamaemorus,5022289.442,4868306.734
Rubus chamaemorus,4552781.897,5086061.537
Rubus chamaemorus,4331439.372,4079334.96
Rubus chamaemorus,4438686.684,4464870.842
Rubus chamaemorus,4674212.872,4087727.527
Rubus chamaemorus,4332050.735,3752452.824
Rubus chamaemorus,5145343.404000001,4991778.258
Rubus chamaemorus,4279800.397,4363680.171
Rubus chamaemorus,5044751.236,4728228.636
Rubus chamaemorus,4801548.815,5099290.359
Rubus chamaemorus,4868741.428,4921467.733
Rubus chamaemorus,4782442.03,5201424.046
Rubus chamaemorus,5195094.832,4628498.754
Rubus chamaemorus,4158407.625,4086815.999
Rubus chamaemorus,5224805.682,4107219.148
Rubus chamaemorus,4331306.431,3751357.671
Rubus chamaemorus,5115421.77,4193140.691
Rubus chamaemorus,5042342.81,5092091.513000001
Rubus chamaemorus,4528036.646,4939933.963999999
Rubus chamaemorus,4991737.244,4809122.788
Rubus chamaemorus,4930907.359,5149216.465
Rubus chamaemorus,4457997.235,4109442.128
Rubus chamaemorus,4181962.886,4043646.835
Rubus chamaemorus,5038130.302,4299653.694
Rubus chamaemorus,4546735.444,4052483.61
Rubus chamaemorus,4306964.551,3790486.141
Rubus chamaemorus,4327262.021,4068420.533
Rubus chamaemorus,5189228.096,4880472.626
Rubus chamaemorus,4610545.594,5101969.78
Rubus chamaemorus,4192400.831,3942192.947
Rubus chamaemorus,4513608.22,4404987.442
Rubus chamaemorus,4696397.411,4574875.821
Rubus chamaemorus,4951463.472,5030179.57
Rubus chamaemorus,4194101.531,3946639.413
Rubus chamaemorus,4476043.333,4754692.501
Rubus chamaemorus,4169109.259,4056286.462
Rubus chamaemorus,4338294.123,4105168.314
Rubus chamaemorus,4975485.121,5277868.728
Rubus chamaemorus,4772056.456,5129546.494
Rubus chamaemorus,4556428.974,3802816.271
Rubus chamaemorus,4891935.83,5226610.669
Rubus chamaemorus,4888311.628,5224495.631
Rubus chamaemorus,4100781.52,4330065.59
Rubus chamaemorus,4360800.421,4044010.078
Rubus chamaemorus,5213421.644,4394559.726
Rubus chamaemorus,5119299.958999999,4214990.985
Rubus chamaemorus,5036618.097,4636225.034
Rubus chamaemorus,5176954.34,4337358.63
Rubus chamaemorus,4539750.857,4111549.283
Rubus chamaemorus,4267619.39,4199636.813
Rubus chamaemorus,5009980.083,4321944.447
Rubus chamaemorus,4766985.509,5162068.142
Rubus chamaemorus,4586411.879,4166525.589
Rubus chamaemorus,4598578.667,5151705.929
Rubus chamaemorus,4367931.591,4270378.852
Rubus chamaemorus,5100538.188,4325568.405
Rubus chamaemorus,4483589.863,4731687.48
Rubus chamaemorus,4566261.609,4484025.193
Rubus chamaemorus,4219463.255,4483441.342
Rubus chamaemorus,5133332.359,4227502.402
Rubus chamaemorus,5317049.142,4121382.258
Rubus chamaemorus,4290019.1,4426553.979
Rubus chamaemorus,4167445.93,4409703.303
Rubus chamaemorus,5002391.794,4849891.222000001
Rubus chamaemorus,4575007.481,4304158.323
Rubus chamaemorus,5038344.038999999,5336195.688999999
Rubus chamaemorus,4563525.297,5142931.961
Rubus chamaemorus,5041340.859,4972865.687
Rubus chamaemorus,5026825.781,4378739.794
Rubus chamaemorus,4978099.843,5261985.675
Rubus chamaemorus,4548941.157,4342956.088
Rubus chamaemorus,5014268.896,4688242.642
Rubus chamaemorus,5178348.434000001,4096874.319
Rubus chamaemorus,4675157.417,5190280.6280000005
Rubus chamaemorus,4909097.87,5051814.37
Rubus chamaemorus,4568280.401,4259004.666
Rubus chamaemorus,5140440.049,4219983.008
Rubus chamaemorus,4529959.216,4616589.806
Rubus chamaemorus,4162401.784,4042894.974
Rubus chamaemorus,5145625.696,4867204.198
Rubus chamaemorus,4471332.916,4336974.639
Rubus chamaemorus,4152622.561,3946862.762
Rubus chamaemorus,4576110.5,4972371.201
Rubus chamaemorus,4621127.119,5066254.474
Rubus chamaemorus,4510240.761,3818156.322
Rubus chamaemorus,4572623.246,3850119.088
Rubus chamaemorus,4473882.231,4483472.121
Rubus chamaemorus,4291873.232,4260931.393
Rubus chamaemorus,4761944.065,4630243.654
Rubus chamaemorus,5208850.789,4706603.506
Rubus chamaemorus,5102762.842,5262189.075
Rubus chamaemorus,4633713.465,5185275.569
Rubus chamaemorus,4914193.557,5062741.765
Rubus chamaemorus,5009936.106,4685086.911
Rubus chamaemorus,4448659.279,4605018.927
Rubus chamaemorus,5286910.383,4691376.513
Rubus chamaemorus,4502047.016,4324393.35
Rubus chamaemorus,4276002.664,4463984.951
Rubus chamaemorus,5063246.918,4039708.73
Rubus chamaemorus,4872078.25,5041696.704
Rubus chamaemorus,5155159.319,4069128.974
Rubus chamaemorus,4745653.359,4029399.941
Rubus chamaemorus,5138943.178,4301100.252
Rubus chamaemorus,4556715.323,4828538.57
Rubus chamaemorus,4761529.463,5155508.662
Rubus chamaemorus,4539874.965,4122634.85
Rubus chamaemorus,4526162.771,3804653.497
Rubus chamaemorus,4603116.916,5026196.304
Rubus chamaemorus,4635996.912,5181291.116000001
Rubus chamaemorus,4542012.148,4556940.704
Rubus chamaemorus,5184612.482999999,4246103.743
Rubus chamaemorus,5105161.324,4600918.756
Rubus chamaemorus,4066681.353,4149584.326
Rubus chamaemorus,4319744.181,4340122.308
Rubus chamaemorus,4781425.4459999995,4805281.489
Rubus chamaemorus,4754420.371,4758687.868
Rubus chamaemorus,5086810.169,5372911.03
Rubus chamaemorus,4958636.39,4126586.032
Rubus chamaemorus,4776269.073,5136804.98
Rubus chamaemorus,4813858.762,4986700.928
Rubus chamaemorus,4754843.866,4879567.771
Rubus chamaemorus,5311440.242,4690845.452
Rubus chamaemorus,4421855.96,4708322.464
Rubus chamaemorus,4819091.353000001,5130982.741
Rubus chamaemorus,4865840.157,5165566.697
Rubus chamaemorus,4712588.276,4710974.653
Rubus chamaemorus,5296849.785,4718195.743
Rubus chamaemorus,4373820.481,4319653.249
Rubus chamaemorus,4971304.004,5264108.516
Rubus chamaemorus,4608866.694,3728057.567
Rubus chamaemorus,5018480.62,5164891.525
Rubus chamaemorus,4138518.880000001,4139218.2700000005
Rubus chamaemorus,4254996.832,4124240.068
Rubus chamaemorus,4309078.026,4308052.948
Rubus chamaemorus,4796734.745,5105217.835
Rubus chamaemorus,4393932.241,4275929.583
Rubus chamaemorus,4501733.362,3758342.891
Rubus chamaemorus,4682561.697,4648485.288
Rubus chamaemorus,4407962.629,4569792.748
Rubus chamaemorus,4759991.504000001,5131512.728
Rubus chamaemorus,4440108.731,4221473.567
Rubus chamaemorus,4812513.308,5006892.742
Rubus chamaemorus,5006712.286000001,5175667.551
Rubus chamaemorus,4610676.663,4626672.143
Rubus chamaemorus,5156853.424,4072770.061
Rubus chamaemorus,4548882.506,5046637.073
Rubus chamaemorus,4615728.626,5152921.78
Rubus chamaemorus,4589370.231,4065611.389
Rubus chamaemorus,4978342.302,4361913.628
Rubus chamaemorus,4526885.079,5078122.95
Rubus chamaemorus,5075346.938,5175897.267
Rubus chamaemorus,4709155.718,4487390.522
Rubus chamaemorus,5142801.969,4961082.966
Rubus chamaemorus,4504390.694,4590611.092
Rubus chamaemorus,4153199.754,3995269.679
Rubus chamaemorus,5107430.465,4439785.18
Rubus chamaemorus,4605402.822,5033625.708
Rubus chamaemorus,5046850.058,4571647.524
Rubus chamaemorus,4538437.055,4802914.411
Rubus chamaemorus,5123798.601,4624128.207
Rubus chamaemorus,4485701.824,4607846.596
Rubus chamaemorus,4391541.558,4391410.786
Rubus chamaemorus,4345945.59,4029859.7840000005
Rubus chamaemorus,4498929.067,4243684.851
Rubus chamaemorus,5309810.623,4690456.79
Rubus chamaemorus,4818796.798,5086335.698
Rubus chamaemorus,4266775.138,4348191.864
Rubus chamaemorus,4785052.85,4715602.046
Rubus chamaemorus,4533748.771,4385806.773
Rubus chamaemorus,4421182.173,4493110.53
Rubus chamaemorus,4932801.371,5084609.356
Rubus chamaemorus,4371089.466,4487374.935
Rubus chamaemorus,5054187.268,4648795.154
Rubus chamaemorus,5124905.395,4319266.576
Rubus chamaemorus,4502187.082,5014680.222
Rubus chamaemorus,4563362.616,4463666.047
Rubus chamaemorus,4358617.773,4437768.711
Rubus chamaemorus,5135362.219,4220889.931
Rubus chamaemorus,4472723.053,5006408.983
Rubus chamaemorus,4254775.419,4123983.247
Rubus chamaemorus,4324818.703,4079235.567
Rubus chamaemorus,5076981.6,4713327.29
Rubus chamaemorus,4460604.623,4791875.418
Rubus chamaemorus,4510510.752,4802374.467
Rubus chamaemorus,5153827.148,4216082.281
Rubus chamaemorus,4671153.087,4767950.73
Rubus chamaemorus,4574086.526,4304012.303
Rubus chamaemorus,5186609.212,4881475.707
Rubus chamaemorus,4406270.857,4523206.82
Rubus chamaemorus,4992204.53,4214556.09
Rubus chamaemorus,4812526.475,5101125.103
Rubus chamaemorus,4599893.68,3832295.285
Rubus chamaemorus,5173890.007,4824784.449
Rubus chamaemorus,4533993.869,5099124.819
Rubus chamaemorus,4449637.985,4564863.704
Rubus chamaemorus,5065776.284,4304512.524
Rubus chamaemorus,4843606.552,5111609.56
Rubus chamaemorus,4165088.062,4084290.855
Rubus chamaemorus,5079338.754,4236755.324
Rubus chamaemorus,4183859.556,4167896.14
Rubus chamaemorus,4813792.037,4604091.989
Rubus chamaemorus,4686718.67,5049305.546999999
Rubus chamaemorus,4420252.683,4272036.007
Rubus chamaemorus,4773253.38,5121652.526
Rubus chamaemorus,5126154.12,4979698.614
Rubus chamaemorus,4898386.587,4904459.666
Rubus chamaemorus,4637738.952,5182784.1
Rubus chamaemorus,4847619.984,5263610.864999999
Rubus chamaemorus,4769631.141,5119677.65
Rubus chamaemorus,4362791.895,4146163.653999999
Rubus chamaemorus,5024027.049,5040928.135000001
Rubus chamaemorus,4660968.91,4661583.793
Rubus chamaemorus,5302133.672,3981960.062
Rubus chamaemorus,4372270.137,4125595.115
Rubus chamaemorus,5029173.452,5094779.154
Rubus chamaemorus,4554850.378,4572753.687
Rubus chamaemorus,5035420.413,5335804.163
Rubus chamaemorus,4878705.64,4833628.285
Rubus chamaemorus,5153583.682,4833116.657
Rubus chamaemorus,4594459.795,5118035.941
Rubus chamaemorus,4952171.752,5272556.418
Rubus chamaemorus,4743209.855,4563866.965
Rubus chamaemorus,4975991.819,4374714.145
Rubus chamaemorus,4378645.807,4478970.697
Rubus chamaemorus,4447261.105,3913945.277
Rubus chamaemorus,4471733.165,4322125.188
Rubus chamaemorus,5123297.282,4262141.154
Rubus chamaemorus,5110067.646,4320726.471
Rubus chamaemorus,4370362.928,4098316.168
Rubus chamaemorus,4998716.189,4269855.978
Rubus chamaemorus,4228866.101,4149158.187
Rubus chamaemorus,4374991.58,4230940.999
Rubus chamaemorus,5104451.452,4615165.005
Rubus chamaemorus,4332394.708,3749721.694
Rubus chamaemorus,4325751.48,4403891.741
Rubus chamaemorus,4965747.288,4411995.047
Rubus chamaemorus,4767440.359,5145776.076
Rubus chamaemorus,4324402.481,4078243.876
Rubus chamaemorus,4973239.567,5030600.548
Rubus chamaemorus,4414907.512,4341257.038
Rubus chamaemorus,4624214.249,3854928.253
Rubus chamaemorus,4348082.742,4472209.592
Rubus chamaemorus,4165216.208,4102385.975
Rubus chamaemorus,4311856.593,4399035.686
Rubus chamaemorus,4880770.493,5351518.116
Rubus chamaemorus,4653651.772,4601589.068
Rubus chamaemorus,4894977.878,5378351.506
Rubus chamaemorus,4434461.266,4309760.403
Rubus chamaemorus,5177610.686,4901143.811
Rubus chamaemorus,4478939.829,4482864.103
Rubus chamaemorus,4739807.767,4906333.805
Rubus chamaemorus,4850155.791,4949940.269000001
Rubus chamaemorus,4753960.688999999,4758528.045
Rubus chamaemorus,4293972.601,4352780.367
Rubus chamaemorus,4612492.38,4208165.266
Rubus chamaemorus,4483705.701,4197481.505
Rubus chamaemorus,5079856.316,4258538.492
Rubus chamaemorus,4514379.959,4285379.693
Rubus chamaemorus,5111573.313,4338632.603
Rubus chamaemorus,5228510.397,4883221.617
Rubus chamaemorus,4064902.054,4152403.965
Rubus chamaemorus,4855105.852,5065301.974
Rubus chamaemorus,4597058.562,4272270.884
Rubus chamaemorus,4588309.093,5001216.344
Rubus chamaemorus,4742986.603,5244972.181999999
Rubus chamaemorus,4661152.841,4346746.66
Rubus chamaemorus,4276241.332,4124706.452
Rubus chamaemorus,4817823.495,5086082.478
Rubus chamaemorus,4924091.331,5006249.404
Rubus chamaemorus,5077249.133,5206824.298
Rubus chamaemorus,4660454.12,4368194.182
Rubus chamaemorus,4286280.924,4451977.302
Rubus chamaemorus,5258377.405,4653461.096
Rubus chamaemorus,4307177.816,3790682.9019999993
Rubus chamaemorus,4545706.987,4052364.248
Rubus chamaemorus,4238476.091,3911790.6549999993
Rubus chamaemorus,5243613.22,3985546.681
Rubus chamaemorus,5255282.334,4102846.496
Rubus chamaemorus,5169466.452,4299624.043
Rubus chamaemorus,4786234.457000001,5105131.022
Rubus chamaemorus,5038383.845,4298686.439
Rubus chamaemorus,4522629.346,4205646.712
Rubus chamaemorus,4948657.498,5229619.01
Rubus chamaemorus,5020051.193,4678379.719
Rubus chamaemorus,4990501.01,4915774.662
Rubus chamaemorus,4292315.117,4156002.982
Rubus chamaemorus,4504269.091,4194333.851
Rubus chamaemorus,4403298.062,4299751.507
Rubus chamaemorus,4229440.124,4480520.534
Rubus chamaemorus,5160164.645,4650720.255
Rubus chamaemorus,4842944.114,5236020.964
Rubus chamaemorus,4690637.078,4559343.291
Rubus chamaemorus,4533803.748,5045740.672
Rubus chamaemorus,4345043.985,4249846.137
Rubus chamaemorus,4382761.919,4485350.009
Rubus chamaemorus,4988818.697,4936937.207000001
Rubus chamaemorus,4814675.222,4625127.426
Rubus chamaemorus,4299668.65,4188920.762
Rubus chamaemorus,4377822.315,4404793.362
Rubus chamaemorus,4464635.476,4530885.085
Rubus chamaemorus,4861652.695,4627540.28
Rubus chamaemorus,4783812.154,5165449.6
Rubus chamaemorus,4855320.118,5001114.777
Rubus chamaemorus,5279800.847,4710228.471
Rubus chamaemorus,4460767.308,4620198.447
Rubus chamaemorus,4312304.257,3793388.993
Rubus chamaemorus,4643627.936,5098652.312
Rubus chamaemorus,4763792.274,5162256.283
Rubus chamaemorus,4335791.469,3757924.412
Rubus chamaemorus,4850243.073,4801599.315
Rubus chamaemorus,5154796.215,4216322.479
Rubus chamaemorus,4669097.914,4796985.724
Rubus chamaemorus,5120298.856,4443482.131
Rubus chamaemorus,4727471.392,4102351.871
Rubus chamaemorus,5275336.084,4061693.999
Rubus chamaemorus,4651434.378,5046010.086
Rubus chamaemorus,4906313.929,5046714.383
Rubus chamaemorus,5019400.569,5029552.673
Rubus chamaemorus,4176663.596,4145392.719
Rubus chamaemorus,4748013.646,4773693.032
Rubus chamaemorus,4466651.723,4555814.578
Rubus chamaemorus,4855018.688,4596237.125
Rubus chamaemorus,4940980.424,4556387.121
Rubus chamaemorus,5090145.448,4579639.906
Rubus chamaemorus,4554621.93,4394497.062
Rubus chamaemorus,4953850.631,4231081.374
Rubus chamaemorus,4783522.337,4707852.873
Rubus chamaemorus,4416302.842,3995948.357
Rubus chamaemorus,4576683.034,4394303.164
Rubus chamaemorus,4623182.041,4414618.033
Rubus chamaemorus,5127969.647,4256082.991
Rubus chamaemorus,4356188.773,4470556.762
Rubus chamaemorus,4508649.662,4144736.305
Rubus chamaemorus,4390304.91,4124306.87
Rubus chamaemorus,4136175.3119999995,4167241.3790000007
Rubus chamaemorus,5283999.66,4690660.343
Rubus chamaemorus,4194474.168,4418882.637
Rubus chamaemorus,4486179.103,4166696.742
Rubus chamaemorus,4307124.734,3791163.397
Rubus chamaemorus,4436783.181,4565898.021
Rubus chamaemorus,4373801.085,4097938.634
Rubus chamaemorus,4738669.891,5015913.243
Rubus chamaemorus,4794113.697,5147626.663
Rubus chamaemorus,4509709.583,5018321.69
Rubus chamaemorus,4413943.952,4602650.553
Rubus chamaemorus,4541377.284,4211935.371
Rubus chamaemorus,5091055.302,4389189.049
Rubus chamaemorus,4335204.124,3758162.977
Rubus chamaemorus,4917240.056,4876433.183999999
Rubus chamaemorus,5201108.302,4137503.127
Rubus chamaemorus,4980501.752,4948184.966
Rubus chamaemorus,4458363.432,4570420.39
Rubus chamaemorus,4666418.02,4752555.218
Rubus chamaemorus,4452653.185,4596083.632
Rubus chamaemorus,4948065.65,4854574.761
Rubus chamaemorus,5060580.052,4570155.008
Rubus chamaemorus,4289852.282,4214627.741
Rubus chamaemorus,5058909.137,4905328.726
Rubus chamaemorus,4922272.096,4500659.452
Rubus chamaemorus,4432310.121,4079198.625
Rubus chamaemorus,4674364.133,5045389.202
Rubus chamaemorus,4321787.376,4064510.831
Rubus chamaemorus,5233984.475,3974612.212
Rubus chamaemorus,4511520.86,4596881.693
Rubus chamaemorus,5200750.525,4131916.589
Rubus chamaemorus,4382579.443,4146285.582
Rubus chamaemorus,5124477.94,4255420.064
Rubus chamaemorus,4693884.097,5164036.594
Rubus chamaemorus,5298076.002,4127725.22
Rubus chamaemorus,4268395.601,4447823.444
Rubus chamaemorus,5011147.511,4599925.461
Rubus chamaemorus,4180639.923,4030909.851
Rubus chamaemorus,4531103.118,4825275.450000001
Rubus chamaemorus,4241254.856,4084629.49
Rubus chamaemorus,4226917.12,4177677.766
Rubus chamaemorus,4711382.395,4561119.081
Rubus chamaemorus,4307778.108,4297557.709
Rubus chamaemorus,4326852.134,4283426.685
Rubus chamaemorus,4535237.131,4412362.787
Rubus chamaemorus,4641725.831,5123560.803
Rubus chamaemorus,4164597.777,3942700.4139999994
Rubus chamaemorus,4819307.501,4927223.316999999
Rubus chamaemorus,5274126.609000001,4257141.885
Rubus chamaemorus,4981280.825,5270480.471
Rubus chamaemorus,4840415.382,4731798.752
Rubus chamaemorus,5081348.641,4581554.312
Rubus chamaemorus,4093476.8,4148537.406
Rubus chamaemorus,5170734.978,4324997.681
Rubus chamaemorus,4795114.461,4169988.526
Rubus chamaemorus,5104117.137,4884738.963
Rubus chamaemorus,4781643.730999999,4806277.274
Rubus chamaemorus,5002154.182,5210419.645
Rubus chamaemorus,5266694.593,4758132.334
Rubus chamaemorus,4543919.501,4071326.071
Rubus chamaemorus,5133010.115,4208854.992
Rubus chamaemorus,4175766.393,4103289.33
Rubus chamaemorus,4601328.449,3816407.677
Rubus chamaemorus,4823770.068,5083523.465
Rubus chamaemorus,4827732.031,5154313.880999999
Rubus chamaemorus,5082791.775,5327709.415
Rubus chamaemorus,4872069.983,4793322.395
Rubus chamaemorus,4726590.212000001,4527321.719
Rubus chamaemorus,4772200.13,5119837.712
Rubus chamaemorus,4506414.268,4163126.796
Rubus chamaemorus,4426026.39,4347344.065
Rubus chamaemorus,5095047.365000001,4338633.944
Rubus chamaemorus,4505541.551,5063951.897
Rubus chamaemorus,4642633.483,4201346.227
Rubus chamaemorus,4812256.097,5102080.923
Rubus chamaemorus,5289181.391,4717686.642
Rubus chamaemorus,4168462.468,4391091.857
Rubus chamaemorus,4413777.174,4484022.358
Rubus chamaemorus,4729710.45,4877342.294999999
Rubus chamaemorus,4641446.959,4749710.969
Rubus chamaemorus,4462158.966,4206228.721
Rubus chamaemorus,5034115.877,4914390.971
Rubus chamaemorus,4491135.166,4231392.338
Rubus chamaemorus,4807367.947,4733272.634999999
Rubus chamaemorus,4183869.311,4193123.212
Rubus chamaemorus,5229979.197999999,4271297.55
Rubus chamaemorus,4585256.043,4186870.808
Rubus chamaemorus,4949255.701,5030899.387
Rubus chamaemorus,5131281.392,4986212.344
Rubus chamaemorus,4573029.072,4084996.826
Rubus chamaemorus,5034583.477,4333167.426
Rubus chamaemorus,4577221.256,4997211.749
Rubus chamaemorus,5098717.058,4336456.682
Rubus chamaemorus,5068948.285,5179428.864
Rubus chamaemorus,5295071.966,3940095.655
Rubus chamaemorus,4873602.548,5321787.966
Rubus chamaemorus,5119702.921,5047029.281
Rubus chamaemorus,4881554.001,5036133.782
Rubus chamaemorus,4355251.954,4467786.771
Rubus chamaemorus,4434140.809,4300194.312
Rubus chamaemorus,5180022.881,4907172.815
Rubus chamaemorus,4777765.704,5153609.884999999
Rubus chamaemorus,4874002.3,4524037.835
Rubus chamaemorus,4817215.102,4719306.008
Rubus chamaemorus,5138139.323,4284397.28
Rubus chamaemorus,4728807.908,4576485.489
Rubus chamaemorus,4292454.019,4219543.185
Rubus chamaemorus,4455551.541,4247762.426
Rubus chamaemorus,4608998.924,4658402.512
Rubus chamaemorus,5182629.378,4908364.931
Rubus chamaemorus,5089292.938,4309357.036
Rubus chamaemorus,4292179.581,4058853.993
Rubus chamaemorus,4698237.722,4155249.454
Rubus chamaemorus,4937108.166,5013694.37
Rubus chamaemorus,4462074.973,4993102.712
Rubus chamaemorus,4264169.907,4375127.204
Rubus chamaemorus,4376168.364,4319050.626
Rubus chamaemorus,4988177.646,5335155.231000001
Rubus chamaemorus,4193468.833,4431904.729
Rubus chamaemorus,4824214.21,5295162.994
Rubus chamaemorus,5084197.192,4261683.669
Rubus chamaemorus,4127200.692,4184729.586
Rubus chamaemorus,4637137.933,5042739.5
Rubus chamaemorus,4767359.822,4910523.64
Rubus chamaemorus,4784578.549,4941811.249
Rubus chamaemorus,5011124.481,4673032.746
Rubus chamaemorus,4597995.382,4684544.756
Rubus chamaemorus,4523489.719,5103758.968
Rubus chamaemorus,4163211.179,3927355.796
Rubus chamaemorus,4593255.54,3708626.349
Rubus chamaemorus,4382784.769,4361496.359
Rubus chamaemorus,5064269.813,4273481.437
Rubus chamaemorus,4752464.947,4714031.918
Rubus chamaemorus,4835102.239,4605256.554
Rubus chamaemorus,4541496.991,4556775.319
Rubus chamaemorus,5109142.013,5372769.602
Rubus chamaemorus,4516281.76,4822540.854
Rubus chamaemorus,4879191.307000001,4934233.105
Rubus chamaemorus,5127868.369,4825287.315
Rubus chamaemorus,4126082.23,4231031.733
Rubus chamaemorus,5075547.129000001,4817961.578
Rubus chamaemorus,4542328.78,3851294.473
Rubus chamaemorus,5315343.779,4537584.442
Rubus chamaemorus,4742039.389,4488989.687
Rubus chamaemorus,5084622.636,4665816.716
Rubus chamaemorus,4993910.078,4625427.729
Rubus chamaemorus,4779253.715,5126301.194
Rubus chamaemorus,4805021.736,4702129.262
Rubus chamaemorus,4403617.339,4556838.683
Rubus chamaemorus,5182776.588,4752482.918
Rubus chamaemorus,5086916.986,4231426.229
Rubus chamaemorus,4848268.859,4706754.145
Rubus chamaemorus,4520461.28,4640208.019
Rubus chamaemorus,5141659.161,4211251.037
Rubus chamaemorus,5075890.442999999,4434875.988
Rubus chamaemorus,4428362.261,4335897.009
Rubus chamaemorus,4982831.141000001,5130600.546
Rubus chamaemorus,4561581.199,3804779.96
Rubus chamaemorus,4924455.136,5005561.389
Rubus chamaemorus,5082923.884,4242805.088
Rubus chamaemorus,5145464.315,4228450.847
Rubus chamaemorus,4620510.348,4339037.998
Rubus chamaemorus,4780958.575,5153419.859
Rubus chamaemorus,5044243.817,4339325.699
Rubus chamaemorus,5062414.798,5312953.483
Rubus chamaemorus,5060013.745,4252834.563
Rubus chamaemorus,5117613.151,4213540.295
Rubus chamaemorus,4404017.004,4498174.387
Rubus chamaemorus,4846246.86,4611890.111
Rubus chamaemorus,5076257.201,4228768.724
Rubus chamaemorus,4904948.002,4869226.094
Rubus chamaemorus,4381213.462,4481606.402
Rubus chamaemorus,4345185.914,4101467.368
Rubus chamaemorus,4140218.195,4384695.504
Rubus chamaemorus,4497071.936,4642002.942
Rubus chamaemorus,4455034.268,4253481.992
Rubus chamaemorus,4148694.856,4180488.541
Rubus chamaemorus,4294423.671,4417238.756
Rubus chamaemorus,5109426.208,4335003.591
Rubus chamaemorus,4328416.208,4078382.895
Rubus chamaemorus,4645365.093,4180452.187
Rubus chamaemorus,4290046.395,4358815.778
Rubus chamaemorus,5110335.224,4643423.735
Rubus chamaemorus,4137605.114,4238652.791
Rubus chamaemorus,4225738.057,4080135.179
Rubus chamaemorus,4543474.766,4568032.881
Rubus chamaemorus,4567991.633,4135022.763
Rubus chamaemorus,5073849.422,4384745.572
Rubus chamaemorus,4582858.059,4434914.078
Rubus chamaemorus,4766238.19,4670551.206
Rubus chamaemorus,4286925.764,4351887.414
Rubus chamaemorus,5051713.487,4048932.32
Rubus chamaemorus,4429050.381,4558257
Rubus chamaemorus,4503348.437,4193509.426
Rubus chamaemorus,4291926.727,4384730.733
Rubus chamaemorus,5290605.300999999,3970368.394
Rubus chamaemorus,5244278.898,4647466.694
Rubus chamaemorus,5045915.461,4742516.755
Rubus chamaemorus,4365814.204,4457278.55
Rubus chamaemorus,4560041.036,4837321.044
Rubus chamaemorus,4535001.055,3876881.318
Rubus chamaemorus,4823369.175,5145283.245
Rubus chamaemorus,5071020.243000001,5274322.515
Rubus chamaemorus,4765990.905,5136163.884000001
Rubus chamaemorus,5237092.912,4432994.409
Rubus chamaemorus,4227150.005,4180716.442
Rubus chamaemorus,4568479.304,4589991.471
Rubus chamaemorus,4753992.021,4560179.549
Rubus chamaemorus,4809018.728,5321837.964999999
Rubus chamaemorus,5339561.168,3960875.42
Rubus chamaemorus,4262660.673,4107783.2799999993
Rubus chamaemorus,4572529.426,4525284.391
Rubus chamaemorus,4775136.254,5133430.76
Rubus chamaemorus,5001967.363,5188828.674
Rubus chamaemorus,4342828.513,4548441.836
Rubus chamaemorus,4543872.271,4438846.335
Rubus chamaemorus,4673538.854,5189968.405
Rubus chamaemorus,5049365.346,4327861.027
Rubus chamaemorus,4295592.163,4129997.865
Rubus chamaemorus,5235832.124,4474832.166
Rubus chamaemorus,4556656.934,5135085.93
Rubus chamaemorus,4482981.757,5028490.775
Rubus chamaemorus,4794932.117,4543135.228
Rubus chamaemorus,4777249.712,5306329.795
Rubus chamaemorus,4430743.115,4618950.402
Rubus chamaemorus,4334688.762,4498448.432
Rubus chamaemorus,4550114.185,5093987.589
Rubus chamaemorus,5178791.696000001,3960070.149
Rubus chamaemorus,4914408.024,5196524.102
Rubus chamaemorus,4861732.444,5145583.725
Rubus chamaemorus,4784627.157,4717772.245
Rubus chamaemorus,4390217.867,4447076.469
Rubus chamaemorus,5107886.096,5370888.61
Rubus chamaemorus,4592616.199,4312044.127
Rubus chamaemorus,4430761.367,4592132.344
Rubus chamaemorus,5031395.464,4670949.697
Rubus chamaemorus,4461325.644,4017195.8
Rubus chamaemorus,5047227.339,5142811.231
Rubus chamaemorus,4172399.607,3970886.369
Rubus chamaemorus,4567006.86,4279089.857
Rubus chamaemorus,4286643.046,4129296.8820000007
Rubus chamaemorus,4332855.293,4199122.928
Rubus chamaemorus,4802561.487,4972287.809
Rubus chamaemorus,5003876.214,5200598.177
Rubus chamaemorus,4431015.231,4546096.066
Rubus chamaemorus,4787165.085,4642746.689
Rubus chamaemorus,5289109.033,4690887.323
Rubus chamaemorus,4378056.463,4404891.04
Rubus chamaemorus,5078755.59,4246921.313
Rubus chamaemorus,4786688.381,5159021.679
Rubus chamaemorus,4161989.089,4013950.4569999995
Rubus chamaemorus,4886247,5329185.447000001
Rubus chamaemorus,5168769.083,4396182.249
Rubus chamaemorus,4743378.581,4653226.489
Rubus chamaemorus,5118174.742,4215424.085
Rubus chamaemorus,5131285.661,4219428.74
Rubus chamaemorus,4335436.53,3752275.565
Rubus chamaemorus,4713560.142,4534729.498
Rubus chamaemorus,4792006.636,5143998.639
Rubus chamaemorus,4162881.192,4011005.029
Rubus chamaemorus,4679447.936,4828229.003
Rubus chamaemorus,5125873.491,4212686.216
Rubus chamaemorus,5191147.942,4919235.772
Rubus chamaemorus,5143144.949000001,4724291.909
Rubus chamaemorus,4561976.843,4904840.818
Rubus chamaemorus,4113161.414,4134381.568
Rubus chamaemorus,4615708.159,3988444.919
Rubus chamaemorus,4618461.711,4532981.872
Rubus chamaemorus,5281508.517,4645744.003
Rubus chamaemorus,4557130.969,3959256.703
Rubus chamaemorus,5105872.681,4348553.771
Rubus chamaemorus,4849872.325000001,5141886.542
Rubus chamaemorus,4370216.396,4223426.932
Rubus chamaemorus,4575787.798,4003851.052
Rubus chamaemorus,5395764.272,4530794.841
Rubus chamaemorus,5084171.413,4679190.92
Rubus chamaemorus,4202426.065,3947173.179
Rubus chamaemorus,4823126.704,4759326.031
Rubus chamaemorus,4848907.963,5227412.481999999
Rubus chamaemorus,4429984.137,4127553.297
Rubus chamaemorus,5127477.254,4207073.041
Rubus chamaemorus,4638553.472,5034395.956
Rubus chamaemorus,4152157.884,4027550.201
Rubus chamaemorus,4221901.203,4052836.861
Rubus chamaemorus,4654109.395,5025004.618
Rubus chamaemorus,4826674.583,4576321.388
Rubus chamaemorus,4320781.038,4231838.31
Rubus chamaemorus,4400615.528,4321887.667
Rubus chamaemorus,4403922.748,4040719.155
Rubus chamaemorus,5125737.947,4213588.974
Rubus chamaemorus,5280830.625,4690910.396
Rubus chamaemorus,5326484.77,4131906.783
Rubus chamaemorus,4576162.57,3819063.261
Rubus chamaemorus,4738604.679,4607767.108
Rubus chamaemorus,4559193.471,4357634.159
Rubus chamaemorus,5021567.809999999,4208920.442
Rubus chamaemorus,4126107.145,4230714.506
Rubus chamaemorus,5016578.422,4881545.612
Rubus chamaemorus,4239475.36,4024041.193
Rubus chamaemorus,4555203.879,5117907.671
Rubus chamaemorus,4486201.336,4267901.671
Rubus chamaemorus,4183869.485,4168207.628
Rubus chamaemorus,4308143.683,4359543.132
Rubus chamaemorus,4560867.033,3807400.502
Rubus chamaemorus,4247646.871,4021590.487
Rubus chamaemorus,4920876.111,4226890.508
Rubus chamaemorus,5234190.686000001,3974702.596
Rubus chamaemorus,5303068.016,4403574.932
Rubus chamaemorus,5198257.174,4141259.5589999994
Rubus chamaemorus,4486412.123,3867651.126
Rubus chamaemorus,4569030.54,4852885.16
Rubus chamaemorus,5224053.775,4305041.723
Rubus chamaemorus,4133558.327,3956020.262
Rubus chamaemorus,4943131.165,5215898.435
Rubus chamaemorus,5162491.01,4490520.492
Rubus chamaemorus,4152108.519,4024055.985
Rubus chamaemorus,5002847.588,4863378.625
Rubus chamaemorus,4133948.4139999994,4301610.78
Rubus chamaemorus,4401364.358,4346093.018
Rubus chamaemorus,5001749.413,4802610.155
Rubus chamaemorus,4478423.398,5010382.22
Rubus chamaemorus,4843263.46,4884541.861
Rubus chamaemorus,5031717.796999999,4396668.333
Rubus chamaemorus,5353976.283,4602565.827
Rubus chamaemorus,4078288.621,4170840.726
Rubus chamaemorus,4571523.136,4600120.037
Rubus chamaemorus,4508625.925,5018814.282
Rubus chamaemorus,5180153.708,4925808.784000001
Rubus chamaemorus,4287683.172,4134331.028000001
Rubus chamaemorus,4290548.878,4259591.132
Rubus chamaemorus,4756616.304,4770759.369000001
Rubus chamaemorus,4125922.548,4231018.952
Rubus chamaemorus,5098209.434,4338392.238
Rubus chamaemorus,4541743.455,4091849.1849999996
Rubus chamaemorus,5283873.45,4698870.248
Rubus chamaemorus,5399867.217,4586515.128
Rubus chamaemorus,4249823.687,4081369.2549999994
Rubus chamaemorus,4946466.273,4564272.135
Rubus chamaemorus,4532869.468,3734767.336
Rubus chamaemorus,4526537.553,4923592.038999999
Rubus chamaemorus,4812253.3040000005,4838301.633
Rubus chamaemorus,5029571.491,4677696.8
Rubus chamaemorus,4145342.477,3987541.333
Rubus chamaemorus,5170548.136,4298632.966
Rubus chamaemorus,5276178.026,4708306.431
Rubus chamaemorus,4658062.514,5006026.762
Rubus chamaemorus,4989254.258,4882552.552000001
Rubus chamaemorus,4501689.83,4734096.682
Rubus chamaemorus,4685799.927,5047622.952
Rubus chamaemorus,4778281.362,5186717.541
Rubus chamaemorus,5171518.408,4389645.592
Rubus chamaemorus,5000762.487,5303691.164
Rubus chamaemorus,4613228.543,4323306.164
Rubus chamaemorus,4651764.624,4466614.764
Rubus chamaemorus,4214932.414,4169165.651
Rubus chamaemorus,4237089.604,4195406.646
Rubus chamaemorus,4297961.429,4310045.935
Rubus chamaemorus,4169087.669,4054789.67
Rubus chamaemorus,5177288.292,4395203.702
Rubus chamaemorus,5017515.446,4683916.074
Rubus chamaemorus,4796284.302,5139986.324
Rubus chamaemorus,5026476.686,4830275.596
Rubus chamaemorus,4429187.325,4506133.622
Rubus chamaemorus,4677872.566,5235838.934
Rubus chamaemorus,4935573.039,4223130.681
Rubus chamaemorus,4532653.354,3736382.279
Rubus chamaemorus,4655727.106,4176501.615
Rubus chamaemorus,4952629.136000001,4231804.105
Rubus chamaemorus,4236376.543,4059745.061
Rubus chamaemorus,4626433.345,4278305.562
Rubus chamaemorus,5079951.779,4341048.933
Rubus chamaemorus,4216153.23,4405276.178
Rubus chamaemorus,4377781.609,4587778.545
Rubus chamaemorus,4795039.344,5140687.19
Rubus chamaemorus,4853452.516999999,4587488.777
Rubus chamaemorus,4811752.22,4869154.25
Rubus chamaemorus,5094417.875,4234326.249
Rubus chamaemorus,5106240.125000001,4291928.795
Rubus chamaemorus,4834495.898,4840026.977
Rubus chamaemorus,5032481.949,5167037.962
Rubus chamaemorus,4817449.493,4720497.188
Rubus chamaemorus,5039999.459,4909811.251
Rubus chamaemorus,5049357.659,4741870.859
Rubus chamaemorus,5162692.635,4493663.656
Rubus chamaemorus,5085759.582,4894603.361
Rubus chamaemorus,4421810.33,4306722.53
Rubus chamaemorus,4332294.732,3756391.018
Rubus chamaemorus,4206814.992,4138101.129
Rubus chamaemorus,4420178.906,4357704.842
Rubus chamaemorus,4826865.3,5063318.956
Rubus chamaemorus,4853570.491000001,4164584.173
Rubus chamaemorus,4479418.845,5005011.191
Rubus chamaemorus,4647860.194,4275394.503
Rubus chamaemorus,4345858.535,4030104.019
Rubus chamaemorus,4688616.06,5044702.674
Rubus chamaemorus,5249399.374000001,4611031.18
Rubus chamaemorus,4797877.974,4942220.468
Rubus chamaemorus,4525512.736,5104330.65
Rubus chamaemorus,4213124.403,4388767.597
Rubus chamaemorus,4512456.803,5080995.048
Rubus chamaemorus,5324982.87,4145226.885
Rubus chamaemorus,4600913.434,5120234.261
Rubus chamaemorus,4686144.269,4693881.968
Rubus chamaemorus,5288658.962,4587727.701
Rubus chamaemorus,4548863.66,4142838.4180000005
Rubus chamaemorus,4452015.609,3837889.783
Rubus chamaemorus,4975720.644,5029178.092
Rubus chamaemorus,5079652.315,4338450.656
Rubus chamaemorus,5013515.617,4675697.092
Rubus chamaemorus,4270677.061,4186240.218
Rubus chamaemorus,5108720.988999999,4606961.765
Rubus chamaemorus,5085028.255,4321696.468
Rubus chamaemorus,4982633.027,4917886.239
Rubus chamaemorus,5203724.043,4111979.747
Rubus chamaemorus,4865256.714,5118468.576
Rubus chamaemorus,4122630.913,4199251.426
Rubus chamaemorus,5117489.153,4217720.116
Rubus chamaemorus,4109856.752,4144516.971999999
Rubus chamaemorus,4346606.876,4264271.031
Rubus chamaemorus,5307356.099,4683002.435
Rubus chamaemorus,4396287.667,4565338.128
Rubus chamaemorus,5009918.883,4658312.744
Rubus chamaemorus,5109724.917,4329922.063
Rubus chamaemorus,4569874.603,5026246.625
Rubus chamaemorus,4529236.379,4446251.632
Rubus chamaemorus,5017138.452,4677643.122
Rubus chamaemorus,4799081.075,4867966.784
Rubus chamaemorus,4535581.566,3871342.509
Rubus chamaemorus,4352900.978,4105448.0049999994
Rubus chamaemorus,5201658.911,4138142.0540000005
Rubus chamaemorus,4245799.181,4188324.98
Rubus chamaemorus,4741834.673,4774011.572
Rubus chamaemorus,4310374.518,3793521.667
Rubus chamaemorus,4612692.478,4108144.781
Rubus chamaemorus,4456777.152,4241065.091
Rubus chamaemorus,4123458.732,4347944.954
Rubus chamaemorus,5166025.45,4151289.143
Rubus chamaemorus,4380781.338,4044450.98
Rubus chamaemorus,4649974.469,4530607.214
Rubus chamaemorus,4415845.567,4309978.977
Rubus chamaemorus,5151475.586,4901651.831
Rubus chamaemorus,5189481.216999999,4098623.349
Rubus chamaemorus,5102329.938,5261946.141999999
Rubus chamaemorus,4257019.655,4499686.034
Rubus chamaemorus,5055081.898,4727402.362
Rubus chamaemorus,4583563.972,5109759.955
Rubus chamaemorus,4376023.905,4294885.891
Rubus chamaemorus,4283374.247,4191936.249
Rubus chamaemorus,4954825.976,4543430.745
Rubus chamaemorus,5151479.564,4217037.233
Rubus chamaemorus,4359804.366,4100443.344
Rubus chamaemorus,4719216.789,4621746.146
Rubus chamaemorus,4184970.33,4043607.6099999994
Rubus chamaemorus,4972761.911,4233778.308
Rubus chamaemorus,4211308.761,4170653.148
Rubus chamaemorus,4994639.395,4299396.408
Rubus chamaemorus,4431597.55,4266983.662
Rubus chamaemorus,4680074.613,4508664.6
Rubus chamaemorus,4879401.555999999,4933244.727
Rubus chamaemorus,4559885.127,4423559.186
Rubus chamaemorus,4407220.458,4274324.951
Rubus chamaemorus,4599848.93,5123135.582
Rubus chamaemorus,4816726.989,4958624.453
Rubus chamaemorus,5068005.903,4190133.531
Rubus chamaemorus,4760283.879,5156207.542
Rubus chamaemorus,4386094.111,4577366.118
Rubus chamaemorus,4522159.04,4215411.999
Rubus chamaemorus,5012060.321,4731004.196
Rubus chamaemorus,5007878.112,4825964.028
Rubus chamaemorus,4276569.938,4087574.12
Rubus chamaemorus,5025538.721,5318241.789
Rubus chamaemorus,4362081.967,4651236.691
Rubus chamaemorus,5247258.718,4135372.433
Rubus chamaemorus,4406114.951,3988153.1239999994
Rubus chamaemorus,4501691.436,4137235.562
Rubus chamaemorus,4639669.683,4451496.302
Rubus chamaemorus,4811065.807000001,5091507.923
Rubus chamaemorus,4993911.305,4645970.292
Rubus chamaemorus,4779891.940000001,5138779.165
Rubus chamaemorus,4506565.706,5061554.548
Rubus chamaemorus,4896360.348,4452658.265
Rubus chamaemorus,5050715.36,4743931.203
Rubus chamaemorus,4133972.459,4120703.306
Rubus chamaemorus,4437689.155,4582081.933
Rubus chamaemorus,4690861.393,4350313.556
Rubus chamaemorus,4990829.960999999,4223890.852
Rubus chamaemorus,4272587.457,4399908.869
Rubus chamaemorus,5059096.214,4239806.609
Rubus chamaemorus,5007384.795,4663849.249
Rubus chamaemorus,4390736.558,4207936.737
Rubus chamaemorus,5154749.114,5064513.231
Rubus chamaemorus,5068826.907,4336204.748
Rubus chamaemorus,4697154.687,4889490.26
Rubus chamaemorus,5004732.949,4913220.292
Rubus chamaemorus,4680743.219,4114043.659
Rubus chamaemorus,4361637.688,4135979.64
Rubus chamaemorus,5056380.812,5196546.495000001
Rubus chamaemorus,4646097.065,4182059.644
Rubus chamaemorus,4667220.046,4491365.017
Rubus chamaemorus,4437788.146,4581850.014
Rubus chamaemorus,4550305.144,4437721.511
Rubus chamaemorus,4781886.083,5146481.962
Rubus chamaemorus,4331989.861,3749427.856
Rubus chamaemorus,4230065.667,4088115.014
Rubus chamaemorus,5304052.574,4700740.999
Rubus chamaemorus,4289438.085,4397976.75
Rubus chamaemorus,4112721.585,4380511.559
Rubus chamaemorus,4960294.249,4236084.355
Rubus chamaemorus,5221257.232,4624009.884
Rubus chamaemorus,5227702.772,4668952.779
Rubus chamaemorus,4849171.581,4163412.394
Rubus chamaemorus,4912513.324,4931630.271
Rubus chamaemorus,4765190.383,4938688.336
Rubus chamaemorus,4984759.505999999,4615018.754
Rubus chamaemorus,4156114.195,4000126.577
Rubus chamaemorus,5088916.724,4580362.036
Rubus chamaemorus,5032060.240000001,4490854.907
Rubus chamaemorus,4491955.932,5027892.6729999995
Rubus chamaemorus,4616959.721,4274182.045
Rubus chamaemorus,4713490.981,4711464.557
Rubus chamaemorus,4755188.92,5135887.581
Rubus chamaemorus,4545213.64,5117429.91
Rubus chamaemorus,4106484.327,4322371.539
Rubus chamaemorus,4750696.794,4938618.193
Rubus chamaemorus,4670954.75,5192044.947
Rubus chamaemorus,4354628.282,4184724.558
Rubus chamaemorus,4985744.167,4216924.306
Rubus chamaemorus,4514437.795,4179896.798
Rubus chamaemorus,4315850.422,4478115.053
Rubus chamaemorus,5337980.651,4631019.492
Rubus chamaemorus,5050566.049,4295552.32
Rubus chamaemorus,4332563.648,4087301.242
Rubus chamaemorus,5054338.175,4331013.961
Rubus chamaemorus,4491217.497,4217126.78
Rubus chamaemorus,4647660.538,4585921.58
Rubus chamaemorus,5283988.974,4415810.354
Rubus chamaemorus,5034664.183,4352331.801
Rubus chamaemorus,4163415.992,4142797.583
Rubus chamaemorus,4820917.403999999,5077928.024
Rubus chamaemorus,4427131.064,4338802.222
Rubus chamaemorus,4333378.001,3751113.845
Rubus chamaemorus,5052933.668,4721687.635
Rubus chamaemorus,4293941.983,4350788.308
Rubus chamaemorus,4327641.164,4093363.287
Rubus chamaemorus,5034965.464,4916765.336
Rubus chamaemorus,4425941.912,4301469.777
Rubus chamaemorus,4776451.424,5165574.387999999
Rubus chamaemorus,4288317.053,4440245.594
Rubus chamaemorus,5138729.405,4099898.87
Rubus chamaemorus,5146027.901,4211384.217
Rubus chamaemorus,4779196.61,4507482.227
Rubus chamaemorus,4426762.433,4361930.891
Rubus chamaemorus,4914327.239999999,5142557.263
Rubus chamaemorus,4296591.438,4200351.368
Rubus chamaemorus,4297129.729,4395238.847
Rubus chamaemorus,4626292.015,3813504.968
Rubus chamaemorus,4983332.26,5254866.125
Rubus chamaemorus,4110719.28,3990117.667
Rubus chamaemorus,5012306.581,5297128.811
Rubus chamaemorus,4243374.06,4196356.166
Rubus chamaemorus,4203575.101,4062756.818
Rubus chamaemorus,4871567.504,5031139.366
Rubus chamaemorus,4777607.044000001,5150491.041
Rubus chamaemorus,4261498.829,4241770.797
Rubus chamaemorus,5100791.736,4324600.507
Rubus chamaemorus,4814696.828,5151599.860000001
Rubus chamaemorus,5272248.516,4738244.846
Rubus chamaemorus,4745747.609,4923775.057
Rubus chamaemorus,4235168.858,4384491.973
Rubus chamaemorus,4318914.539,4341446.552
Rubus chamaemorus,5049468.647999999,4766319.481999999
Rubus chamaemorus,4550175.741,5094230.201999999
Rubus chamaemorus,4184627.064,3914802.869
Rubus chamaemorus,5098282.908,4665124.826
Rubus chamaemorus,4619333.435,5137230.038
Rubus chamaemorus,4614031.307,5170074.583
Rubus chamaemorus,4305000.895,4244958.914
Rubus chamaemorus,5179856.159,4925739.108
Rubus chamaemorus,4488878.801,4392723.263
Rubus chamaemorus,5182484.081,4387210.567
Rubus chamaemorus,5066343.305,5138984.953000001
Rubus chamaemorus,4424057.604,4137297.940999999
Rubus chamaemorus,4279502.319,4120407.7360000005
Rubus chamaemorus,5290732.989,4711888.326
Rubus chamaemorus,5166606.703,4105761.08
Rubus chamaemorus,5155136.965,4214644.841
Rubus chamaemorus,5092983.442,4231906.394
Rubus chamaemorus,4166786.961,4383578.781
Rubus chamaemorus,4262279.868,4158108.991
Rubus chamaemorus,4727159.362,4830916.045
Rubus chamaemorus,4096220.796,3971533.459
Rubus chamaemorus,4821818.252,4589504.997
Rubus chamaemorus,5039818.674,4704995.189
Rubus chamaemorus,4642686.288,5197409.275
Rubus chamaemorus,4488322.941,4147467.67
Rubus chamaemorus,4608912.113,4657065.479
Rubus chamaemorus,4519079.804,4555787.255
Rubus chamaemorus,4626339.247,4370257.123
Rubus chamaemorus,4334762.294,3751953.001
Rubus chamaemorus,4196100.114,4323074.324
Rubus chamaemorus,4139801.576,4325751.321
Rubus chamaemorus,4584219.703,4306505.639
Rubus chamaemorus,5122268.154,5300319.204
Rubus chamaemorus,4700536.389,4354987.942
Rubus chamaemorus,4363428.257,4391222.034
Rubus chamaemorus,4682307.468,4518655.726
Rubus chamaemorus,5096842.566,4284430.07
Rubus chamaemorus,4501037.333,4567664.61
Rubus chamaemorus,5081542.655,4208431.806
Rubus chamaemorus,4869649.174,5154485.333000001
Rubus chamaemorus,4761150.356000001,4621045.812
Rubus chamaemorus,4418420.662,4351460.427
Rubus chamaemorus,5121993.873,4215344.418
Rubus chamaemorus,5166585.583,4475042.597
Rubus chamaemorus,4093520.986,4173639.483
Rubus chamaemorus,4370275.321,4254329.313
Rubus chamaemorus,4469395.714,4855926.093
Rubus chamaemorus,4332115.117,3748993.527
Rubus chamaemorus,4360523.742,4155071.098
Rubus chamaemorus,4268380.917,4117930.491
Rubus chamaemorus,4418925.85,4348613.076
Rubus chamaemorus,4964677.173,5061287.011
Rubus chamaemorus,4468179.686,4249899.269
Rubus chamaemorus,4288326.296,4401170.782
Rubus chamaemorus,4497006.48,4565533.795
Rubus chamaemorus,4988196.269,4486484.163
Rubus chamaemorus,4825087.146000001,5245380.397
Rubus chamaemorus,4412343.622,4324874.259
Rubus chamaemorus,4155694.015,3921018.484
Rubus chamaemorus,4911886.346,4930191.606000001
Rubus chamaemorus,4289720.057,4356107.257
Rubus chamaemorus,4233735.027,4055484.789
Rubus chamaemorus,5017671.855,4702487.485
Rubus chamaemorus,4322433.447,4080668.618
Rubus chamaemorus,5238626.432000001,4755684.105
Rubus chamaemorus,4808931.741,5321911.703000001
Rubus chamaemorus,4538060.751,4141611.762
Rubus chamaemorus,5020605.1,5312053.505
Rubus chamaemorus,4935497.451,5339623.923
Rubus chamaemorus,4647819.436,4810372.803
Rubus chamaemorus,4915990.478,5019038.85
Rubus chamaemorus,5263467.219,4333983.879
Rubus chamaemorus,5183754.061,4382368.383
Rubus chamaemorus,4644183.702,4615206.514
Rubus chamaemorus,4802264.66,5223546.574
Rubus chamaemorus,4820632.789,4898579.999
Rubus chamaemorus,4509645.614,4394219.632
Rubus chamaemorus,4270986.824,4049471.471
Rubus chamaemorus,4613753.31,4197117.895
Rubus chamaemorus,4558266.381,4088933.259
Rubus chamaemorus,5061920.318,4696151.849
Rubus chamaemorus,4706086.802,4844036.336
Rubus chamaemorus,4430070.163,4127479.562
Rubus chamaemorus,4434065.461,4298540.669
Rubus chamaemorus,4502327.94,5067248.336
Rubus chamaemorus,5231497.503,4660705.335
Rubus chamaemorus,4214463.263,4156153.389
Rubus chamaemorus,4475827.941,4151582.728
Rubus chamaemorus,5208234.852,4489507.396
Rubus chamaemorus,4888083.1620000005,5082529.521
Rubus chamaemorus,4343113.732,4347048.752
Rubus chamaemorus,4978245.547,5051907.028
Rubus chamaemorus,4789921.352,5103438.687
Rubus chamaemorus,4408581.831,4333202.491
Rubus chamaemorus,4858897.668,4851239.045999999
Rubus chamaemorus,4516659.558,5032872.683000001
Rubus chamaemorus,4164547.713,3982469.112
Rubus chamaemorus,4359286.5,4228039.347
Rubus chamaemorus,4529578.375,3742948.695
Rubus chamaemorus,4178318.156,4280270.136
Rubus chamaemorus,4607393.141,3992959.71
Rubus chamaemorus,4111194.524,3992521.06
Rubus chamaemorus,4131246.189,4093896.159
Rubus chamaemorus,5201156.465,4124752.6929999995
Rubus chamaemorus,5334910.744000001,4423771.46
Rubus chamaemorus,4765560.517,5133999.292
Rubus chamaemorus,5126059.745,4650448.911
Rubus chamaemorus,4499615.503,5020838.482
Rubus chamaemorus,4963337.533,5066080.36
Rubus chamaemorus,4164483.29,4185385.617
Rubus chamaemorus,4164414.215,3995040.675
Rubus chamaemorus,4411079.746,4501460.81
Rubus chamaemorus,5020306.559000001,5311721.445
Rubus chamaemorus,4296177.894,4354096.145
Rubus chamaemorus,4494464.58,4517278.478
Rubus chamaemorus,5114467.885,4225330.352
Rubus chamaemorus,4846050.2,5186883.577
Rubus chamaemorus,4995017.897,5172699.431
Rubus chamaemorus,5141139.573,4322795.658
Rubus chamaemorus,5248892.488,4339289.159
Rubus chamaemorus,4667303.413,5165617.347
Rubus chamaemorus,4588408.575,5000984.984
Rubus chamaemorus,4566109.757,5039490.89
Rubus chamaemorus,4271444.505,4190201.663
Rubus chamaemorus,4870785.392,5310253.819000001
Rubus chamaemorus,5122725.969,4434328.136
Rubus chamaemorus,4987622.543,5244318.552
Rubus chamaemorus,4925494.938,5004562.232
Rubus chamaemorus,4525689.535,4595279.687
Rubus chamaemorus,5051102.239,4743894.065
Rubus chamaemorus,4499617.599,4107776.911
Rubus chamaemorus,4394019.5,4105291.5520000006
Rubus chamaemorus,4879677.577,5392494.761
Rubus chamaemorus,4140277.703,4380422.221
Rubus chamaemorus,4770346.768,4923443.05
Rubus chamaemorus,4972446.861,5329015.268
Rubus chamaemorus,5372436.263,4619464.231
Rubus chamaemorus,4776941.29,4791083.757
Rubus chamaemorus,5115096.726,4230190.949
Rubus chamaemorus,4086213.95,4327596.32
Rubus chamaemorus,4549328.198,5046037.024
Rubus chamaemorus,4782014.216000001,5123945.512
Rubus chamaemorus,4820853.894,4542233.777
Rubus chamaemorus,4836718.047,5196214.35
Rubus chamaemorus,5127253.085,4932773.024
Rubus chamaemorus,5152067.438,4286904.107
Rubus chamaemorus,5159319.011,4226728.593
Rubus chamaemorus,4686069.377,5047875.324
Rubus chamaemorus,5141241.762,4747963.721999999
Rubus chamaemorus,4696860.934,4165068.781
Rubus chamaemorus,4520915.553,4306643.785
Rubus chamaemorus,4227685.304,3912732.6710000006
Rubus chamaemorus,4596526.633,4701611.889
Rubus chamaemorus,4285201.111,4139959.754
Rubus chamaemorus,4795581.865,5138776.931
Rubus chamaemorus,4875535.41,5171104.647
Rubus chamaemorus,5068493.268,5201039.518
Rubus chamaemorus,4294828.634,4125680.622
Rubus chamaemorus,4763716.293,4938939.753
Rubus chamaemorus,4215420.428,4019365.091
Rubus chamaemorus,4241884.904,4381498.039
Rubus chamaemorus,4946278.546,4194022.982
Rubus chamaemorus,4158830.181,3973168.975
Rubus chamaemorus,5153764.722,4390390.022
Rubus chamaemorus,4781785.382,4971392.41
Rubus chamaemorus,5033884.67,4723057.782
Rubus chamaemorus,4977477.905,4247328.064
Rubus chamaemorus,4370202.596,4121637.555
Rubus chamaemorus,4761311.409,5134068.661
Rubus chamaemorus,4662672.895,5219953.977
Rubus chamaemorus,5334249.275,4624175.532
Rubus chamaemorus,4427802.821,4542044.667
Rubus chamaemorus,5052935.495,5177260.611
Rubus chamaemorus,4587627.865,4034865.73
Rubus chamaemorus,4415448.555,4329298.476
Rubus chamaemorus,4536517.799,4047200.009
Rubus chamaemorus,4427782.739,4807765.702
Rubus chamaemorus,4490585.114,4317477.01
Rubus chamaemorus,4663531.107,4538065.101
Rubus chamaemorus,4461183.041,4100250.445
Rubus chamaemorus,4626674.38,4369717.972
Rubus chamaemorus,4469025.162,4022024.644
Rubus chamaemorus,5066634.949,4531620.021
Rubus chamaemorus,4159137.233,3997309.357
Rubus chamaemorus,4746340.017999999,4622658.154
Rubus chamaemorus,4995761.074,4240585.938
Rubus chamaemorus,4536422.108,3751713.33
Rubus chamaemorus,5037601.495,4621024.284
Rubus chamaemorus,4311702.816,3793872.121
Rubus chamaemorus,5045081.562,5150481.136
Rubus chamaemorus,4701700.815,4230208.844
Rubus chamaemorus,5162130.327,4081994.502
Rubus chamaemorus,4982833.459,4631886.944
Rubus chamaemorus,5305280.939,4700012.633
Rubus chamaemorus,4504528.174,5069446.267
Rubus chamaemorus,4159372.566,4041435.21
Rubus chamaemorus,4489162.675,4393017.501
Rubus chamaemorus,4459841.257,3829483.575
Rubus chamaemorus,4484034.668,4196670.355
Rubus chamaemorus,5092201.927,4211086.634
Rubus chamaemorus,4458349.047,4309598.868
Rubus chamaemorus,5087936.358,4322422.782
Rubus chamaemorus,4784627.603,5162585.741
Rubus chamaemorus,4410225.455,4164774.909
Rubus chamaemorus,4322501.774,4507978.03
Rubus chamaemorus,5146719.685,4959980.766
Rubus chamaemorus,4428965.343,4505877.587
Rubus chamaemorus,4724681.319,4711929.877
Rubus chamaemorus,5020761.355,4679588.957
Rubus chamaemorus,5067899.876,5201190.97
Rubus chamaemorus,4870126.502,4856506.047
Rubus chamaemorus,5087566.388,4379089.411
Rubus chamaemorus,5120268.057,4321205.71
Rubus chamaemorus,4431247.529,4354724.029
Rubus chamaemorus,5173667.789,4489177.082
Rubus chamaemorus,5033594.914,4395403.413
Rubus chamaemorus,5056519.283,4670077.49
Rubus chamaemorus,5098603.095,4253931.521
Rubus chamaemorus,5071877.088,4229738.512
Rubus chamaemorus,5120798.852,4214031.791
Rubus chamaemorus,4553427.299,3726733.439
Rubus chamaemorus,4362747.738,4598337.769
Rubus chamaemorus,4982839.208,5273273.05
Rubus chamaemorus,5000890.455,5287989.183
Rubus chamaemorus,4884673.558,4898646.803
Rubus chamaemorus,4339236.957,4356076.133
Rubus chamaemorus,5103092.297,4608642.917
Rubus chamaemorus,4857037.094,5270787.714
Rubus chamaemorus,4555695.081,4574037.536
Rubus chamaemorus,5327407.767,4138869.727
Rubus chamaemorus,4447417.357,4584644.225
Rubus chamaemorus,4291612.126,4181836.574
Rubus chamaemorus,5135166.539,4978391.422
Rubus chamaemorus,4433550.613,4067722.033
Rubus chamaemorus,4507713.601,4543964.918
Rubus chamaemorus,4642947.979,4721048.367
Rubus chamaemorus,4454849.845,4253788.283
Rubus chamaemorus,4606238.979,3798646.163
Rubus chamaemorus,4434920.035,4722319.01
Rubus chamaemorus,4127090.284,3994129.736
Rubus chamaemorus,5178054.449000001,4726762.304
Rubus chamaemorus,4962792.13,5279367.063
Rubus chamaemorus,5049373.546,4917320.397
Rubus chamaemorus,4549940.065,5094133.877
Rubus chamaemorus,4695722.208,4739234.978
Rubus chamaemorus,5111242.84,4601411.182
Rubus chamaemorus,4786847.061,5162140.448
Rubus chamaemorus,4032673.097,4195928.265
Rubus chamaemorus,4205047.36,4243699.489
Rubus chamaemorus,4166551.383,4429557.195
Rubus chamaemorus,4433235.356,4320459.264
Rubus chamaemorus,4771672.876,5134575.455
Rubus chamaemorus,5253741.3,4284117.427
Rubus chamaemorus,5030342.495,4880630.385000001
Rubus chamaemorus,5010079.71,5342090.375
Rubus chamaemorus,4513386.146,4200789.183
Rubus chamaemorus,4564432.068,3897975.174
Rubus chamaemorus,4151926.679,4314393.366
Rubus chamaemorus,5096778.25,4335972.651
Rubus chamaemorus,4422607.554,4303271.438
Rubus chamaemorus,5163175.488,4307119.619
Rubus chamaemorus,4665332.552,5113605.996
Rubus chamaemorus,4417514.98,4371335.433
Rubus chamaemorus,5130120.078,4261265.104
Rubus chamaemorus,4399606.179,4341449.84
Rubus chamaemorus,5200579.575,4132285.778
Rubus chamaemorus,5186888.642,4655310.125
Rubus chamaemorus,4517849.202,4808080.086
Rubus chamaemorus,4128342.339,3981518.775
Rubus chamaemorus,4806477.771,4522029.931
Rubus chamaemorus,5094930.467,4327262.403
Rubus chamaemorus,4535000.57,4280692.063
Rubus chamaemorus,4277581.278,4397845.305
Rubus chamaemorus,4525063.38,3775033.68
Rubus chamaemorus,4842002.817,4964900.91
Rubus chamaemorus,5126766.41,4221480.314
Rubus chamaemorus,5007501.157,4838843.081
Rubus chamaemorus,4612890.119,4598687.209
Rubus chamaemorus,4403869.065,4498003.542
Rubus chamaemorus,4321027.594,4067316.809
Rubus chamaemorus,4365854.732,4355650.169
Rubus chamaemorus,4641996.378,4824807.273
Rubus chamaemorus,5255711.377,4157941.574
Rubus chamaemorus,4932325.712,4998072.524
Rubus chamaemorus,4114360.67,3982012.8769999994
Rubus chamaemorus,4581324.277,4110759.76
Rubus chamaemorus,4197613.758,4061957.067
Rubus chamaemorus,4459492.767,4509711.677
Rubus chamaemorus,5147214.391,5018964.839
Rubus chamaemorus,5045737.939,5251908.473000001
Rubus chamaemorus,4185362.8029999994,4024735.2459999993
Rubus chamaemorus,4218463.574,4477314.451
Rubus chamaemorus,4927889.105000001,4206001.51
Rubus chamaemorus,5156656.042,4411214.486
Rubus chamaemorus,5318991.33,4119123.638
Rubus chamaemorus,5025179.186,4705415.561
Rubus chamaemorus,4618117.156,4264112.75
Rubus chamaemorus,4249830.774,4193879.19
Rubus chamaemorus,4336989.08,4355760.653
Rubus chamaemorus,4135278.927,4088842.2409999995
Rubus chamaemorus,4424757.95,4517614.663
Rubus chamaemorus,5017043.511,4550944.296
Rubus chamaemorus,5110846.405,5291019.16
Rubus chamaemorus,4154692.286,3921031.0750000007
Rubus chamaemorus,4123394.92,4176600.518
Rubus chamaemorus,5146006.115000001,4795479.984
Rubus chamaemorus,5077786.452,4246679.567
Rubus chamaemorus,4325655.004,4028520.037
Rubus chamaemorus,5075511.736,5222786.693
Rubus chamaemorus,4510195.563,5018912.358
Rubus chamaemorus,4784637.481,4705734.805
Rubus chamaemorus,4553471.29,4308642.943
Rubus chamaemorus,5124618.822,4269148.987
Rubus chamaemorus,4396799.984,4381917.683
Rubus chamaemorus,4826907.798,5245525.261
Rubus chamaemorus,4818341.996,4803998.817000001
Rubus chamaemorus,4798800.445,4672875.743
Rubus chamaemorus,5187766.526999999,4917093.243
Rubus chamaemorus,4197351.85,4013902.314
Rubus chamaemorus,5018413.723,4688261.684
Rubus chamaemorus,4372891.414,4165484.826
Rubus chamaemorus,4419440.217,4281255.044
Rubus chamaemorus,4339198.921,4280950.495
Rubus chamaemorus,4206109.696,4407512.113
Rubus chamaemorus,5229001.461,4005154.022
Rubus chamaemorus,4814410.136,4883111.229
Rubus chamaemorus,4760617.17,4620009.885
Rubus chamaemorus,4309872.269,3793422.037
Rubus chamaemorus,4308809.991,4312800.531
Rubus chamaemorus,4932481.49,4828036.323
Rubus chamaemorus,5032259.412,5387889.94
Rubus chamaemorus,5174082.705,3981888.079
Rubus chamaemorus,4386247.109,4121379.967
Rubus chamaemorus,4849436.452,4940012.062
Rubus chamaemorus,4467050.658,4154885.227
Rubus chamaemorus,5045025.948,4643494.875
Rubus chamaemorus,4133662.206,4218610.569
Rubus chamaemorus,5164794.795,4481814.542
Rubus chamaemorus,4589529.914,4398133.055
Rubus chamaemorus,4641987.373,4556477.935
Rubus chamaemorus,5097032.045,4335004.968
Rubus chamaemorus,5038372.035,4039008.954999999
Rubus chamaemorus,4428255.041,4432198.581
Rubus chamaemorus,4941219.026,5018314.124
Rubus chamaemorus,4558141.795,3804807.381
Rubus chamaemorus,4628748.179,4359798.748
Rubus chamaemorus,4895654.405,5038724.73
Rubus chamaemorus,4894952.8,4810880.469999999
Rubus chamaemorus,4828508.095,5250211.356000001
Rubus chamaemorus,5240720.704,4717068.415
Rubus chamaemorus,4484500.454,4565212.996
Rubus chamaemorus,4563004.986,4529578.404
Rubus chamaemorus,4990528.163,4845276.023
Rubus chamaemorus,5054895.655,4737789.609
Rubus chamaemorus,4868609.47,5102332.289
Rubus chamaemorus,5299950.639,4580196.962
Rubus chamaemorus,4682562.783,5051586.144
Rubus chamaemorus,4972694.841,5328949.927999999
Rubus chamaemorus,4168141.508,4410766.218
Rubus chamaemorus,4626321.518,3753718.259
Rubus chamaemorus,4795761.41,5104963.789
Rubus chamaemorus,4517250.837,4149894.603
Rubus chamaemorus,4780732.239,5161566.593
Rubus chamaemorus,4472679.37,4200702.831
Rubus chamaemorus,4880809.478999999,4780039.618
Rubus chamaemorus,4293486.687,4272540.33
Rubus chamaemorus,4659793.028,4268611.246
Rubus chamaemorus,5161885.143,4481090.653
Rubus chamaemorus,5020689.106,4683689.111
Rubus chamaemorus,4439079.295,4338724.48
Rubus chamaemorus,5052201.096,4740263.892
Rubus chamaemorus,4323858.432,4082044.318
Rubus chamaemorus,4414748.522,4822681.887
Rubus chamaemorus,5107023.404999999,4269617.325
Rubus chamaemorus,4821158.525,4898889.492
Rubus chamaemorus,4482340.374,5015070.525
Rubus chamaemorus,4977015.847,4861914.885
Rubus chamaemorus,4685360.547,5048236.764
Rubus chamaemorus,4508387.001,5027931.595999999
Rubus chamaemorus,5164480.029,4298159.348
Rubus chamaemorus,4869649.506,5061535.807
Rubus chamaemorus,4758044.693,5131001.879
Rubus chamaemorus,4175565.887,4251400.689
Rubus chamaemorus,4081996.771,3954450.871
Rubus chamaemorus,4667885.026,3987013.222
Rubus chamaemorus,5116852.01,4221956.807
Rubus chamaemorus,5070871.056,5274156.705999999
Rubus chamaemorus,5196948.455,4100946.36
Rubus chamaemorus,4665001.986,4556697.055
Rubus chamaemorus,4843823.055,4886472.087
Rubus chamaemorus,5178666.352,4927079.984
Rubus chamaemorus,4836047.739999999,5091845.324
Rubus chamaemorus,4631685.567,4764258.911
Rubus chamaemorus,4219774.292,4158662.604
Rubus chamaemorus,4775151.44,5114967.452
Rubus chamaemorus,5093023.826,4211003.996
Rubus chamaemorus,4414063.094,4537181.022
Rubus chamaemorus,4334957.113,3752259.882
Rubus chamaemorus,4659455.732,4366390.44
Rubus chamaemorus,5116862.149000001,4974382.977
Rubus chamaemorus,4879151.353,5306953.845
Rubus chamaemorus,4570175.151,5067618.169
Rubus chamaemorus,4404618.012,4338423.332
Rubus chamaemorus,4830099.697,4809028.346
Rubus chamaemorus,4809314.107000001,4659052.284
Rubus chamaemorus,4626672.21,5145929.668
Rubus chamaemorus,4994784.378,5061763.785
Rubus chamaemorus,5151781.584,4227954.784
Rubus chamaemorus,5149592.071,4228443.339
Rubus chamaemorus,4871918.018000001,4857509.049
Rubus chamaemorus,4423679.849,4473137.775
Rubus chamaemorus,4705671.186,5206024.328
Rubus chamaemorus,5166693.743,4427636.464
Rubus chamaemorus,4922299.375,4915665.717
Rubus chamaemorus,4777199.906,5305931.021
Rubus chamaemorus,5131365.703,4653835.513
Rubus chamaemorus,4163551.432,4081825.985
Rubus chamaemorus,4238478.518,3970464.559000001
Rubus chamaemorus,4416313.987,4583386.917
Rubus chamaemorus,4652356.72,4601468.358
Rubus chamaemorus,4820065.516000001,4569765.688
Rubus chamaemorus,5007794.654,4818869.735
Rubus chamaemorus,4601865.454,5035542.263
Rubus chamaemorus,4108068.063,4373832.873
Rubus chamaemorus,4650071.196,4361310.236
Rubus chamaemorus,4899583.824,4504144.859
Rubus chamaemorus,4689814.22,4947633.342
Rubus chamaemorus,5033345.535,5026267.006
Rubus chamaemorus,5326747.701,4561782.743
Rubus chamaemorus,5146042.061,4235554.177
Rubus chamaemorus,4671002.322,5192219.287
Rubus chamaemorus,4649310.258,5198630.338
Rubus chamaemorus,5155909.29,4227946.684
Rubus chamaemorus,4357443.661,4226629.245
Rubus chamaemorus,4849980.993,4160681.2529999996
Rubus chamaemorus,4190010.67,4129204.803
Rubus chamaemorus,4189998.401,4129363.624
Rubus chamaemorus,4964978.125,5324985.926
Rubus chamaemorus,4618923.553,5137280.926
Rubus chamaemorus,5035350.981,3978085.487
Rubus chamaemorus,5024817.211,5132149.136000001
Rubus chamaemorus,4477917.743,4396767.35
Rubus chamaemorus,4398752.488,4153664.334
Rubus chamaemorus,4870484.3,4942212.939
Rubus chamaemorus,4386507.889,4296524.813
Rubus chamaemorus,4693059.633,4429530.175
Rubus chamaemorus,4107902.658,4359243.866
Rubus chamaemorus,4181538.023,4031526.202
Rubus chamaemorus,4521161.047,4376918.151
Rubus chamaemorus,4145253.655,4390972.395
Rubus chamaemorus,5019948.614,4697915.856
Rubus chamaemorus,5105565.829,4286604.467
Rubus chamaemorus,4249039.708,4371353.411
Rubus chamaemorus,5120795.436,4064037.503
Rubus chamaemorus,4760126.078,5153089.119
Rubus chamaemorus,4555150.833,3802779.396
Rubus chamaemorus,4186100.079,4017638.413
Rubus chamaemorus,5187843.881,4234329.921
Rubus chamaemorus,4822526.811,5084226.659
Rubus chamaemorus,5267831.285,4696979.242
Rubus chamaemorus,4366797.285,4251409.515
Rubus chamaemorus,4771380.461,4699699.603
Rubus chamaemorus,4516372.227,4276238.409
Rubus chamaemorus,4340797.318,3806057.528
Rubus chamaemorus,4750974.057,5137619.475
Rubus chamaemorus,4331839.056,3747349.814
Rubus chamaemorus,4476358.614,5008652.376999999
Rubus chamaemorus,5047638.448000001,4490653.145
Rubus chamaemorus,4780774.473,4896370.913
Rubus chamaemorus,4640433.617,4355582.362
Rubus chamaemorus,4672620.881,5197366.672
Rubus chamaemorus,4471139.848,5004657.158
Rubus chamaemorus,4292103.616,4135932.348
Rubus chamaemorus,4859826.213,5343777.818
Rubus chamaemorus,4796517.28,4163988.913
Rubus chamaemorus,4428792.516,4506024.225
Rubus chamaemorus,5234444.522,4713456.766
Rubus chamaemorus,4179964.987,4044171.553
Rubus chamaemorus,4768503.175000001,5160414.728
Rubus chamaemorus,5119300.194,4273523.445
Rubus chamaemorus,4997156.645,5194789.341
Rubus chamaemorus,4326441.198,4080408.684
Rubus chamaemorus,4573924.119,4535043.309
Rubus chamaemorus,4308290.783,4479447.069
Rubus chamaemorus,5125830.942,4323622.406
Rubus chamaemorus,4512228.749,4394076.151
Rubus chamaemorus,4604278.612,5157056.977
Rubus chamaemorus,5037621.824,4916964.357
Rubus chamaemorus,4907995.163,5063104.398
Rubus chamaemorus,4552327.835,4617535.549
Rubus chamaemorus,4482747.017,5026755.733
Rubus chamaemorus,4601973.598,5053243.077
Rubus chamaemorus,4437563.729,4285759.743
Rubus chamaemorus,4546271.308,3696750.608
Rubus chamaemorus,4776709.209,4486427.007
Rubus chamaemorus,4439690.322,4221682.673
Rubus chamaemorus,4797747.845,4638020.216
Rubus chamaemorus,4535592.557,4498036.314
Rubus chamaemorus,4393993.943,4276174.008
Rubus chamaemorus,4702798.258,4230556.525
Rubus chamaemorus,4871555.544,5170210.943
Rubus chamaemorus,5024006.66,4675261.179
Rubus chamaemorus,4449457.078,4514359.284
Rubus chamaemorus,4536052.824,4420981.95
Rubus chamaemorus,5179432.207,4904436.504
Rubus chamaemorus,5173899.915999999,4073089.052
Rubus chamaemorus,4787600.551,4911773.161
Rubus chamaemorus,4535529.506,4887547.446000001
Rubus chamaemorus,5083245.064,5327789.768
Rubus chamaemorus,4635198.6,5184974.392
Rubus chamaemorus,4425205.165,4337659.85
Rubus chamaemorus,4652796.387,5126699.094
Rubus chamaemorus,4758016.93,4849900.307
Rubus chamaemorus,5028350.436,4921364.625
Rubus chamaemorus,4632832.997,5164287.439
Rubus chamaemorus,4432095.566,4590058.779
Rubus chamaemorus,5065775.435,4149853.698
Rubus chamaemorus,4344346.166,4500766.333
Rubus chamaemorus,4860896.264,4628765.837
Rubus chamaemorus,4766397.792,5156785.68
Rubus chamaemorus,5007289.21,5295800.487
Rubus chamaemorus,4519911.341,4130521.504
Rubus chamaemorus,4682660.508,5119217.097
Rubus chamaemorus,4594095.451,4602158.484
Rubus chamaemorus,4924941.403,4525620.102
Rubus chamaemorus,4433225.526,4309233.834
Rubus chamaemorus,4454172.697,4989251.518
Rubus chamaemorus,5248636.362,4089812.903000001
Rubus chamaemorus,4886731.653,4171936.6
Rubus chamaemorus,5277728.464000001,4621111.028
Rubus chamaemorus,5096596.052,4068710.112
Rubus chamaemorus,4887798.604,5084503.404
Rubus chamaemorus,4685513.112,5140416.211
Rubus chamaemorus,4982845.886,5263970.066
Rubus chamaemorus,4412597.85,4292732.431
Rubus chamaemorus,4330588.623,4089327.1179999993
Rubus chamaemorus,4131167.579,4216504.25
Rubus chamaemorus,4337212.007,4063279.394
Rubus chamaemorus,4188152.577,4433299.639
Rubus chamaemorus,4389596.361,4273338.818
Rubus chamaemorus,4466504.166,4726436.061
Rubus chamaemorus,4415315.697,4592704.198
Rubus chamaemorus,4953314.206,5220552.736
Rubus chamaemorus,4974372.187,5273546.461
Rubus chamaemorus,4186287.262,4161807.387
Rubus chamaemorus,4443422.975,4396231.048
Rubus chamaemorus,5249604.678,4747584.054
Rubus chamaemorus,5070526.673000001,4192642.548
Rubus chamaemorus,5125941.611,4211949.786
Rubus chamaemorus,4440486.418,4453694.234
Rubus chamaemorus,4680077.861,5136580.562
Rubus chamaemorus,5055519.293,4157609.132
Rubus chamaemorus,4664929.332,5191039.483
Rubus chamaemorus,4498993.298,4602581.603
Rubus chamaemorus,5170677.062,4310012.539
Rubus chamaemorus,4910272.366,4835661.449
Rubus chamaemorus,4974012.655,5272999.735
Rubus chamaemorus,4450204.5,4364406.917
Rubus chamaemorus,5052897.012,4151800.4580000006
Rubus chamaemorus,4430190.335,4214322.994
Rubus chamaemorus,4456272.782,4274013.081
Rubus chamaemorus,4784317.983,4048194.2700000005
Rubus chamaemorus,4890133.921,4454379.063
Rubus chamaemorus,4201901.137,4128799.331
Rubus chamaemorus,5128860.216,4264555.955
Rubus chamaemorus,4765757.973,4939339.785
Rubus chamaemorus,4972550.743,4931768.39
Rubus chamaemorus,4835884.603,5379172.234
Rubus chamaemorus,4980862.215,4931828.936
Rubus chamaemorus,5147063.404,4498019.134
Rubus chamaemorus,4375995.93,4319197.384
Rubus chamaemorus,4988964,5246043.723
Rubus chamaemorus,4592392.518,4671881.934
Rubus chamaemorus,4530881.163,4232541.966
Rubus chamaemorus,5348967.293,4445487.865
Rubus chamaemorus,4324466.107,4082434.318
Rubus chamaemorus,4924994.882,5007966.357
Rubus chamaemorus,4508957.299,5025820.785
Rubus chamaemorus,4967919.321,4827754.29
Rubus chamaemorus,4170560.2329999995,4150425.47
Rubus chamaemorus,4802126.348999999,4692965.579
Rubus chamaemorus,4200870.318,4056394.296
Rubus chamaemorus,4863403.869,4637014.241
Rubus chamaemorus,4435824.24,4337833.534
Rubus chamaemorus,5157545.626,4131844.947
Rubus chamaemorus,4540817.523,3711343.704999999
Rubus chamaemorus,4610080.006,5161719.03
Rubus chamaemorus,5078191.583,5205473.374
Rubus chamaemorus,4411376.323,4525427.008
Rubus chamaemorus,4668161.265,4887876.003
Rubus chamaemorus,4602294.653,4641869.11
Rubus chamaemorus,4821553.49,5083973.506
Rubus chamaemorus,4738888.791,4906465.502000001
Rubus chamaemorus,5203478.453,4013043.804
Rubus chamaemorus,5096615.592,4328714.101
Rubus chamaemorus,5066484.18,4832144.062
Rubus chamaemorus,4638647.705,4675232.902
Rubus chamaemorus,4155652.091,4026508.246
Rubus chamaemorus,4682749.959,5049046.545
Rubus chamaemorus,4829503.705,5089119.438
Rubus chamaemorus,4869545.084,4942824.977
Rubus chamaemorus,4518344.299,5032616.454
Rubus chamaemorus,4950234.97,4596202.746
Rubus chamaemorus,5108111.689,4343956.503
Rubus chamaemorus,4984211.241,4985825.732
Rubus chamaemorus,4816940.713999999,5032217.588
Rubus chamaemorus,4337153.371,4481302.097
Rubus chamaemorus,5068181.075,4152514.898
Rubus chamaemorus,5060555.523,4251271.854
Rubus chamaemorus,4798934.207,5141704.014
Rubus chamaemorus,4873898.211,5336549.978
Rubus chamaemorus,4836146.135,4766495.377
Rubus chamaemorus,4324924.702,4455686.857
Rubus chamaemorus,4257706.138,4478775.973
Rubus chamaemorus,4936449.937,5012984.113
Rubus chamaemorus,4974493.665,4875711.949
Rubus chamaemorus,4431412.964,4283169.471
Rubus chamaemorus,4154700.936,4065588.73
Rubus chamaemorus,5249185.247,4657254.286
Rubus chamaemorus,4837271.096,4944152.163
Rubus chamaemorus,4421391.429,4389680.535
Rubus chamaemorus,5101431.464,5372243.767
Rubus chamaemorus,4863470.597,4976545.832
Rubus chamaemorus,4944224.628,5238737.808
Rubus chamaemorus,4749158.679,4470977.361
Rubus chamaemorus,4505280.396,5064170.951
Rubus chamaemorus,4813813.779,5200997.243
Rubus chamaemorus,4880764.04,5047975.524
Rubus chamaemorus,4588214.781,3966252.717
Rubus chamaemorus,4896168.912,5048864.487
Rubus chamaemorus,4736010.045,4892409.19
Rubus chamaemorus,4697430.282,4280294.496
Rubus chamaemorus,5171724.849999999,3992795.903
Rubus chamaemorus,4470930.563,4096750.81
Rubus chamaemorus,5100889.38,4593666.756
Rubus chamaemorus,5105589.946,4207199.043
Rubus chamaemorus,4836799.453,5081775.599
Rubus chamaemorus,4759123.478,5133717.218
Rubus chamaemorus,4329616.256,4091337.66
Rubus chamaemorus,5099094.436,4690529.522
Rubus chamaemorus,5286843.302,4327354.833
Rubus chamaemorus,4479535.246,3776454.99
Rubus chamaemorus,5123975.837,4580896.768
Rubus chamaemorus,4170705.368,4077138.2729999996
Rubus chamaemorus,4910692.914,4921477.359
Rubus chamaemorus,5080569.829,4553440.974
Rubus chamaemorus,4344174.015,4474595.25
Rubus chamaemorus,5333085.468,4632173.067
Rubus chamaemorus,5067283.758,4227561.3
Rubus chamaemorus,4388299.383,4124339.452
Rubus chamaemorus,4063955.592,4154474.948
Rubus chamaemorus,4770292.008,5015139.982
Rubus chamaemorus,5118091.596,4583547.327
Rubus chamaemorus,4077607.387,4222900.897
Rubus chamaemorus,4359065.147,4179668.027
Rubus chamaemorus,4407730.81,4333366.5
Rubus chamaemorus,5013485.925,4691133.151
Rubus chamaemorus,4617423.612,4542711.71
Rubus chamaemorus,4882533.077999999,5312510.991
Rubus chamaemorus,4831586.959,4577108.989
Rubus chamaemorus,4653911.233,3864752.599
Rubus chamaemorus,4157921.337,4405661.5
Rubus chamaemorus,4438711.411,4772812.597
Rubus chamaemorus,5196147.842,4346608.818
Rubus chamaemorus,4855233.566,4831269.803
Rubus chamaemorus,4341519.706,4335118.073
Rubus chamaemorus,5064282.18,4183507.431
Rubus chamaemorus,4452579.161,4595998.345
Rubus chamaemorus,4512664.674,4199993.449
Rubus chamaemorus,4307270.949,4511093.506
Rubus chamaemorus,5234703.670999999,4712490.866
Rubus chamaemorus,5033568.071,4643694.311
Rubus chamaemorus,4863629.042,5109815.57
Rubus chamaemorus,4803386.847,5103874.651
Rubus chamaemorus,4958686.944,4299261.929
Rubus chamaemorus,4374182.775,4119578.832000001
Rubus chamaemorus,4163452.579,4185364.527
Rubus chamaemorus,4608489.248,4656493.596
Rubus chamaemorus,5033408.159,4667339.003
Rubus chamaemorus,5302859.75,4714738.761
Rubus chamaemorus,4915374.261,4972647.579
Rubus chamaemorus,4963031.959,4235452.393
Rubus chamaemorus,4422599.92,4534571.599
Rubus chamaemorus,5108895.292,4886119.577
Rubus chamaemorus,4814633.47,5086278.698
Rubus chamaemorus,4604530.083,4610899.963
Rubus chamaemorus,4540407.506,4526751.297
Rubus chamaemorus,4554172.403,4564383.363
Rubus chamaemorus,5122416.766,4085186.113
Rubus chamaemorus,5145067.874,4501645.347
Rubus chamaemorus,4433865.408,4643287.731
Rubus chamaemorus,5169073.781,4300330.503
Rubus chamaemorus,4693470.521,4603343.586
Rubus chamaemorus,5089281.801,4238202.813
Rubus chamaemorus,4369926.39,4492673.636
Rubus chamaemorus,5046155.841,4589189.144
Rubus chamaemorus,4799636.698,5142913.271
Rubus chamaemorus,4981352.751,4354430.469
Rubus chamaemorus,5078582.557,4239660.199
Rubus chamaemorus,5196481.62,4008692.849
Rubus chamaemorus,5158471.475,4405656.634
Rubus chamaemorus,4648899.308,4736030.617
Rubus chamaemorus,4762181.794,4893285.841
Rubus chamaemorus,4507912.361,4144207.08
Rubus chamaemorus,4612207.831,5115488.052
Rubus chamaemorus,4995713.325,4945885.784
Rubus chamaemorus,4486517.635,4135040.484
Rubus chamaemorus,5213847.995,4070402.633
Rubus chamaemorus,4673777.492,5051843.86
Rubus chamaemorus,4743444.011000001,5243951.45
Rubus chamaemorus,4422405.039,3977211.429
Rubus chamaemorus,4255892.216,4248417.407
Rubus chamaemorus,4739793.969,4907623.191
Rubus chamaemorus,4790761.550000001,5144699.211
Rubus chamaemorus,5029548.511000001,4375227.279
Rubus chamaemorus,5078038.684,4245711.311
Rubus chamaemorus,5074822.854,4226348.811
Rubus chamaemorus,4229721.874,4088408.237
Rubus chamaemorus,5186812.906,4023513.8459999994
Rubus chamaemorus,4835852.798,5097901.838999999
Rubus chamaemorus,5111422.619999999,4573635.394
Rubus chamaemorus,5009037.974,4680741.323
Rubus chamaemorus,4217320.692,4068398.811
Rubus chamaemorus,5001322.421,5302925.107
Rubus chamaemorus,4285287.396,4389825.453
Rubus chamaemorus,4440907.034,4190119.011999999
Rubus chamaemorus,4931161.177,4828586.538999999
Rubus chamaemorus,4895711.181,4894483.176
Rubus chamaemorus,4833595.753,5077648.086
Rubus chamaemorus,4462388.963,4992914.616
Rubus chamaemorus,4608430.072,4258164.87
Rubus chamaemorus,4270216.351,4177012.4430000004
Rubus chamaemorus,5151230.055,4222465.245
Rubus chamaemorus,4158897.111,4007998.879
Rubus chamaemorus,4681937.098,5049749.705
Rubus chamaemorus,4988022.025,4939818.64
Rubus chamaemorus,4754124.916,5003481.674
Rubus chamaemorus,5019907.637,5117428.018
Rubus chamaemorus,4444541.263,4463918.959
Rubus chamaemorus,5025654.591,4899366.53
Rubus chamaemorus,4800468.911,4987816.024
Rubus chamaemorus,4978155.64,4498880.376
Rubus chamaemorus,5074532.314,4231431.965
Rubus chamaemorus,5264221.492,4035044.507
Rubus chamaemorus,4977350.756,5094298.847
Rubus chamaemorus,4433328.53,4271319.296
Rubus chamaemorus,5023433.216999999,4901193.47
Rubus chamaemorus,4598775.812,4168791.349
Rubus chamaemorus,4197283.596,4404905.65
Rubus chamaemorus,4968299.291,5406484.617999999
Rubus chamaemorus,4204637.239,4266882.694
Rubus chamaemorus,4485197.601,4135413.725
Rubus chamaemorus,4487229.997,4588353.908
Rubus chamaemorus,4907922.288,5140355.537
Rubus chamaemorus,5190893.645,4096877.627
Rubus chamaemorus,4348979.093,4373229.65
Rubus chamaemorus,5150471.218,4045366.880000001
Rubus chamaemorus,4872029.249,4977288.657
Rubus chamaemorus,5099033.875,4283945.131
Rubus chamaemorus,4539211.26,5053981.389
Rubus chamaemorus,4953147.208,5272805.509
Rubus chamaemorus,4485725.723,4659927.034
Rubus chamaemorus,4405644.888,4254481.002
Rubus chamaemorus,4944370.809,5196725.833
Rubus chamaemorus,4682043.064,5050121.199
Rubus chamaemorus,5044330.308,4036272.038
Rubus chamaemorus,4794657.517,4542892.287
Rubus chamaemorus,4437424.273,4349739.364
Rubus chamaemorus,4426026.214,4294294.375
Rubus chamaemorus,5037662.993,4869109.871
Rubus chamaemorus,5140978.256,4213927.125
Rubus chamaemorus,5074181.829,5273916.431
Rubus chamaemorus,4975596.633000001,4822508.28
Rubus chamaemorus,4184090.633999999,4168236.077
Rubus chamaemorus,4660059.036,4450070.122
Rubus chamaemorus,4687796.505,4662836.296
Rubus chamaemorus,4759873.96,4999039.539999999
Rubus chamaemorus,4204034.666,4411129.767
Rubus chamaemorus,5281347.233,4688977.265
Rubus chamaemorus,4780272.928,4895114.664
Rubus chamaemorus,5073155.301,4328076.982
Rubus chamaemorus,4753381.173,5140035.313
Rubus chamaemorus,4480817.488,5010879.288
Rubus chamaemorus,4373244.665,4346563.387
Rubus chamaemorus,4774798.912,5145652.599
Rubus chamaemorus,4470158.351,4231538.036
Rubus chamaemorus,5145661.969,4021604.423
Rubus chamaemorus,5156213.699,4486896.036
Rubus chamaemorus,4663267.926,4337357.559
Rubus chamaemorus,5159788.649,4394981.756
Rubus chamaemorus,4310454.629,4409887.343
Rubus chamaemorus,4950781.237000001,4953967.495
Rubus chamaemorus,4468549.999,5000134.527
Rubus chamaemorus,4410201.251,4165093.078
Rubus chamaemorus,4224880.307,4231491.123
Rubus chamaemorus,5131197.559,4438727.951
Rubus chamaemorus,5068654.652,5362359.159
Rubus chamaemorus,4892812.011,5089134.105
Rubus chamaemorus,4883466.425,5086663.473
Rubus chamaemorus,4531454.973,4561416.306
Rubus chamaemorus,5023261.562000001,4868552.879
Rubus chamaemorus,4877103.9350000005,4476946.067
Rubus chamaemorus,4471803.536,4668963.247
Rubus chamaemorus,4622641.346,4329914.625
Rubus chamaemorus,4623582.212,5166742.436
Rubus chamaemorus,4210375.221,4415170.196
Rubus chamaemorus,5248050.358,4658439.37
Rubus chamaemorus,4622153.987,4203605.684
Rubus chamaemorus,5205784.261,4131437.883
Rubus chamaemorus,4827607.252,4789819.746
Rubus chamaemorus,4888878.892,5304408.254
Rubus chamaemorus,4927719.585,5004743.853
Rubus chamaemorus,5130498.031,4218546.447
Rubus chamaemorus,5158207.649,4483268.511
Rubus chamaemorus,4453813.892,4387015.696
Rubus chamaemorus,5164144.808,4307360.252
Rubus chamaemorus,5086916.295,4599436.011
Rubus chamaemorus,4463057.679,4122083.054
Rubus chamaemorus,4186378.988,4144256.92
Rubus chamaemorus,4818704.36,4928064.12
Rubus chamaemorus,4199193.533,4408620.028
Rubus chamaemorus,4472704.13,4356056.273
Rubus chamaemorus,4433395.464,4261120.258
Rubus chamaemorus,4964638.072,4592098.633
Rubus chamaemorus,4591075.385,4101034.079
Rubus chamaemorus,5155478.626,4221649.932
Rubus chamaemorus,4621536.562,5167981.289
Rubus chamaemorus,5112249.616,4338302.207
Rubus chamaemorus,4109890.0060000005,4257079.827
Rubus chamaemorus,4249665.13,4086980.954
Rubus chamaemorus,5118966.177,4306443.17
Rubus chamaemorus,5030479.688,4624377.115
Rubus chamaemorus,4644974.739,5096760.393
Rubus chamaemorus,5151642.243,5051918.429999999
Rubus chamaemorus,5181455.456,4910955.129999999
Rubus chamaemorus,4888271.559,5080715.762
Rubus chamaemorus,4880840.03,4777701.502
Rubus chamaemorus,5163781.199999999,4704272.805
Rubus chamaemorus,5004982.865,5155200.354
Rubus chamaemorus,4808072.375,4722350.396
Rubus chamaemorus,5263650.194,4035269.075
Rubus chamaemorus,5058905.919,4252682.106
Rubus chamaemorus,5048540.882,5149301.014
Rubus chamaemorus,5159606.0600000005,4221641.379
Rubus chamaemorus,4608317.284,3791658.981
Rubus chamaemorus,4452778.567,4312102.093
Rubus chamaemorus,4585424.671,4380057.661
Rubus chamaemorus,4779644.853,5165384.791
Rubus chamaemorus,4812568.984,4604175.935
Rubus chamaemorus,4501484.248,4291212.171
Rubus chamaemorus,4162028.468,4209492.323
Rubus chamaemorus,4879507.894999999,4932113.874
Rubus chamaemorus,5030744.158,4530705.828
Rubus chamaemorus,4317226.336,3996709.199
Rubus chamaemorus,5068660.718,5311316.084000001
Rubus chamaemorus,4415732.743,4303006.186
Rubus chamaemorus,4754933.329000001,5203853.837
Rubus chamaemorus,5275196.8,4300753.246
Rubus chamaemorus,4626646.942,5146245.288
Rubus chamaemorus,4990897.049,4293395.512
Rubus chamaemorus,4575326.873,3790513.094
Rubus chamaemorus,5053113.732,4741848.108
Rubus chamaemorus,4507651.283,4196126.335
Rubus chamaemorus,4524657.254,4726810.564
Rubus chamaemorus,4324148.335,4061481.283
Rubus chamaemorus,4881032.677,5047017.880999999
Rubus chamaemorus,4256573.232,4246599.312
Rubus chamaemorus,4672673.873,4617822.652
Rubus chamaemorus,4474318.291,4451967.618
Rubus chamaemorus,5123014.742,4657928.313
Rubus chamaemorus,5398074.381,4558338.606
Rubus chamaemorus,4664890.004,5187439.03
Rubus chamaemorus,5070442.824,4227318.449
Rubus chamaemorus,4430879.683,4545766.736
Rubus chamaemorus,4555063.337,3712951.688
Rubus chamaemorus,4486232.22,4864146.238000001
Rubus chamaemorus,4547631.197,4268206.368
Rubus chamaemorus,5067487.386,4511203.47
Rubus chamaemorus,5004893.888,4912481.701000001
Rubus chamaemorus,4405200.2,4476650.595
Rubus chamaemorus,5220673.77,4624506.701
Rubus chamaemorus,4576186.757,4880832.909
Rubus chamaemorus,5085679.261,5288651.464999999
Rubus chamaemorus,5062077.095,4336442.079
Rubus chamaemorus,4778671.031,5165129.778
Rubus chamaemorus,5092933.83,4604036.219
Rubus chamaemorus,4133302.31,3969876.019
Rubus chamaemorus,4432301.844,4317542.741
Rubus chamaemorus,4813553.715999999,5108576.412
Rubus chamaemorus,4370555.248,4250693.259
Rubus chamaemorus,4473577.899,4077838.031
Rubus chamaemorus,4678157.135,4274334.468
Rubus chamaemorus,5015922.677,4512545.021
Rubus chamaemorus,4507607.937,3799323.497
Rubus chamaemorus,4838692.159,5081394.305000001
Rubus chamaemorus,4771032.091,5174445.511
Rubus chamaemorus,4454111.058,4137746.161
Rubus chamaemorus,4800512.465,4911977.255
Rubus chamaemorus,4822976.517,5086382.097
Rubus chamaemorus,5188685.896000001,4294359.007
Rubus chamaemorus,4791597.29,5104902.645
Rubus chamaemorus,4432801.752,4311082.979
Rubus chamaemorus,5074454.069,4239661.374
Rubus chamaemorus,5217726.68,4833094.801
Rubus chamaemorus,4557733.462,3804867.079
Rubus chamaemorus,4709273.678,5208343.795
Rubus chamaemorus,4833545.551,5099689.166
Rubus chamaemorus,5107984.431,4987587.474
Rubus chamaemorus,4263219.037,4044104.7969999993
Rubus chamaemorus,4375863.813,4294873.811
Rubus chamaemorus,5268985.682999999,4133178.807
Rubus chamaemorus,5177567.519,4370518.937
Rubus chamaemorus,5320572.296,3956222.68
Rubus chamaemorus,4508063.459,4153671.771
Rubus chamaemorus,4468294.316,4400880.81
Rubus chamaemorus,5143500.469,5021121.553
Rubus chamaemorus,4518413.541,4725777.862
Rubus chamaemorus,4702963.762,4560512.072
Rubus chamaemorus,4465226.649,4308701.739
Rubus chamaemorus,4693215.477,4739790.259
Rubus chamaemorus,5058164.712,4735358.305
Rubus chamaemorus,5031842.917,4878952.761999999
Rubus chamaemorus,4796473.355,4637631.687
Rubus chamaemorus,4345191.759,4250017.204
Rubus chamaemorus,4643090.998,3799778.933
Rubus chamaemorus,4395873.356,4165447.6660000007
Rubus chamaemorus,4624969.684,4299963.676
Rubus chamaemorus,5119121.956,4450161.404
Rubus chamaemorus,4130009.689,4074487.609
Rubus chamaemorus,5072380.955,4227801.952
Rubus chamaemorus,4957862.019,5215559.959
Rubus chamaemorus,4839363.409,4720835.757
Rubus chamaemorus,5074105.64,4225138.818
Rubus chamaemorus,4420197.115,4334147.4
Rubus chamaemorus,5105041.101,4335972.323
Rubus chamaemorus,4664453.738,4633193.705
Rubus chamaemorus,5149695.258,4657757.938
Rubus chamaemorus,5078145.531,4391114.297
Rubus chamaemorus,4513438.325,4320237.008
Rubus chamaemorus,4381235.524,4043670.249
Rubus chamaemorus,5188822.894,4024047.440999999
Rubus chamaemorus,4292041.628,4307014.123
Rubus chamaemorus,4687092.198,5049130.956
Rubus chamaemorus,5180307.564,4900842.126
Rubus chamaemorus,5308997.107,4046861.303
Rubus chamaemorus,4528947.508,4616055.092
Rubus chamaemorus,4279438.317,4387858.431
Rubus chamaemorus,5055151.665000001,4597065.199
Rubus chamaemorus,4472194.236,4420985.733
Rubus chamaemorus,4320626.551,4067322.717
Rubus chamaemorus,5035397.093,5336119.892
Rubus chamaemorus,5194629.442,4352513.11
Rubus chamaemorus,5237298.277,4652507.526
Rubus chamaemorus,4673743.128,5046882.768
Rubus chamaemorus,4492250.499,4232027.887
Rubus chamaemorus,5124426.038,4265701.219
Rubus chamaemorus,4233430.654,4110753.37
Rubus chamaemorus,4119562.225,4272479.186
Rubus chamaemorus,4671880.56,5020570.566
Rubus chamaemorus,4441388.279,4369291.82
Rubus chamaemorus,4413703.189,4483936.984
Rubus chamaemorus,5012616.771,4671351.141
Rubus chamaemorus,4359959.791,4172672.5570000005
Rubus chamaemorus,4524291.136,4196729.09
Rubus chamaemorus,4215002.994,4412493.363
Rubus chamaemorus,4565981.146,4484331.486
Rubus chamaemorus,4469175.277,3834933.954
Rubus chamaemorus,4778982.492,5127256.163
Rubus chamaemorus,5146093.377,4497777.459
Rubus chamaemorus,4521828.122,5040207.087
Rubus chamaemorus,4420540.829,4101860.832
Rubus chamaemorus,4327171.192,4062433.719
Rubus chamaemorus,4396844.386,4543955.444
Rubus chamaemorus,5150613.524000001,4900554.645
Rubus chamaemorus,5059387.145,4332811.251
Rubus chamaemorus,4759067.7870000005,4997303.591
Rubus chamaemorus,5191604.264,4005825.954
Rubus chamaemorus,4452614.275,4998484.057
Rubus chamaemorus,4144218.716,3966041.137
Rubus chamaemorus,4141227.594,3967076.423
Rubus chamaemorus,4426608.022,4308482.3
Rubus chamaemorus,4388011.322,4204700.195
Rubus chamaemorus,5177359.309,4367372.808
Rubus chamaemorus,4713376.67,4422043.378
Rubus chamaemorus,4404353.694,4384941.428
Rubus chamaemorus,4564278.651,4858186.791000001
Rubus chamaemorus,4902571.233,5047261.592
Rubus chamaemorus,4387149.789,4584166.721
Rubus chamaemorus,4162521.721,3980996.3149999995
Rubus chamaemorus,4462559.672,4632553.998
Rubus chamaemorus,4333813.124,3750719.39
Rubus chamaemorus,5053780.956,4552990.782
Rubus chamaemorus,4820636.457,5090919.931
Rubus chamaemorus,4778312.969,4592137.759
Rubus chamaemorus,4566213.168,4307282.081
Rubus chamaemorus,5086374.433,4237478.26
Rubus chamaemorus,5205948.236,4603015.79
Rubus chamaemorus,4333867.175,3747701.171
Rubus chamaemorus,4165681.298,4026863.448
Rubus chamaemorus,4391338.303,4054887.746
Rubus chamaemorus,4637400.308,4563379.645
Rubus chamaemorus,4539566.228,4242020.706
Rubus chamaemorus,4359769.253,4224364.196
Rubus chamaemorus,4182904.618,4359784.503
Rubus chamaemorus,5071507.146,4243050.503
Rubus chamaemorus,4986849.882,5242430.181
Rubus chamaemorus,5006207.622,4866288.185
Rubus chamaemorus,4722397.499000001,4890216.186
Rubus chamaemorus,4510392.185,4525814.773
Rubus chamaemorus,4453778.695,4190111.988
Rubus chamaemorus,4602026.678,5035553.67
Rubus chamaemorus,4796937.423999999,4811260.455
Rubus chamaemorus,4525585.572,3819507.515
Rubus chamaemorus,5380940.323,4558798.866
Rubus chamaemorus,4896246.423,5035982.276
Rubus chamaemorus,5093448.804,4234084.862
Rubus chamaemorus,5011762.367,4678342.171
Rubus chamaemorus,5008438.747,4540530.543
Rubus chamaemorus,4861467.13,5050457.536
Rubus chamaemorus,5171182.481,4308074.707
Rubus chamaemorus,4629080.949,4715817.056
Rubus chamaemorus,5239551.031,4044140.144
Rubus chamaemorus,4341132.196,3771434.667
Rubus chamaemorus,4992937.888,4231633.302
Rubus chamaemorus,4637492.157,4704988.566
Rubus chamaemorus,4303370.899,4251321.891
Rubus chamaemorus,4947720.478,4249125.201
Rubus chamaemorus,4325821.368,4079220.537
Rubus chamaemorus,4296569.702,4296975.606
Rubus chamaemorus,4421419.328,3976974.821
Rubus chamaemorus,4480419.741,4492078.049
Rubus chamaemorus,5021938.057,5354440.914
Rubus chamaemorus,5123610.294,4832079.509
Rubus chamaemorus,5118389.752,4293842.931
Rubus chamaemorus,5004156.408,5069279.49
Rubus chamaemorus,5011385.217999999,4672069.183
Rubus chamaemorus,4558244.919,5136583.192
Rubus chamaemorus,4145515.917,4018647.328
Rubus chamaemorus,5104774.72,4610094.586
Rubus chamaemorus,4513789.888,4686244.628
Rubus chamaemorus,5061780.422,4540899.14
Rubus chamaemorus,4775427.728,4550593.523
Rubus chamaemorus,5174506.681,4897837.35
Rubus chamaemorus,5127312.628,5011942.175
Rubus chamaemorus,5097592.554,4617567.092
Rubus chamaemorus,5110603.891,4338390.97
Rubus chamaemorus,4785873.224,5161885.829
Rubus chamaemorus,5082071.613,4230218.548
Rubus chamaemorus,4404183.831,4334090.533
Rubus chamaemorus,4936711.049999999,4221614.221
Rubus chamaemorus,4306534.712,4303611.953
Rubus chamaemorus,4383303.647,4347393.246
Rubus chamaemorus,5305013.533999999,4350939.049
Rubus chamaemorus,4090027.818999999,4216961.46
Rubus chamaemorus,4514839.738,4180463.121
Rubus chamaemorus,5069938.955000001,4229254.926
Rubus chamaemorus,4600895.211,4671029.139
Rubus chamaemorus,4873416.652,5322093.224000001
Rubus chamaemorus,5012848.954,4685824.166
Rubus chamaemorus,5190271.841,4789003.287
Rubus chamaemorus,4423769.992,4303749.428
Rubus chamaemorus,4335034.496,4498155.936
Rubus chamaemorus,4710122.791,4637142.328
Rubus chamaemorus,5254629.274,4044613.05
Rubus chamaemorus,4094892.636,4160743.256
Rubus chamaemorus,4763129.727,4595402.421
Rubus chamaemorus,4882292.725,4952514.66
Rubus chamaemorus,4646577.288,5080842.445
Rubus chamaemorus,4183933.467,4121404.568
Rubus chamaemorus,5056375.959,4605153.82
Rubus chamaemorus,4483164.471,4428266.305
Rubus chamaemorus,4309582.072,4322655.977
Rubus chamaemorus,4424175.344,4291586.195
Rubus chamaemorus,4278988.885,4331486.315
Rubus chamaemorus,4535020.189,4181737.14
Rubus chamaemorus,5272367.843,4120294.679
Rubus chamaemorus,5022253.715,4677906.96
Rubus chamaemorus,4359397.787,4259424.197
Rubus chamaemorus,4464779.968,4175309.55
Rubus chamaemorus,4357049.01,4338856.435
Rubus chamaemorus,4455647.655,4998012.919
Rubus chamaemorus,5015227.879,4617791.811
Rubus chamaemorus,5268104.719,4459833.734
Rubus chamaemorus,4402598.735,4436568.822
Rubus chamaemorus,4575045.117,3819061.701
Rubus chamaemorus,4494107.114,4357627.775
Rubus chamaemorus,5193513.84,4157351.848
Rubus chamaemorus,5102447.15,4282733.507
Rubus chamaemorus,5014414.26,4680042.888
Rubus chamaemorus,4332685.292,4095282.4079999994
Rubus chamaemorus,5116058.132000001,4281998.617
Rubus chamaemorus,4558418.221,4338053.01
Rubus chamaemorus,4416932.902,4281397.634
Rubus chamaemorus,4753634.242999999,4760226.901000001
Rubus chamaemorus,5179221.577,4288506.655
Rubus chamaemorus,5071159.926,4228528.522
Rubus chamaemorus,5172313.319,4719612.362
Rubus chamaemorus,4113777.449,3963863.376
Rubus chamaemorus,5131458.279,4246635.342
Rubus chamaemorus,4716574.35,5233990.839
Rubus chamaemorus,4779684.732,5128465.88
Rubus chamaemorus,5293209.932,4146537.016
Rubus chamaemorus,5137909.1,4509138.084
Rubus chamaemorus,4340653.689,4472256.561
Rubus chamaemorus,5110178.207,4181523.613
Rubus chamaemorus,4930042.819,4983602.13
Rubus chamaemorus,4296341.679,4201598.885
Rubus chamaemorus,4678440.08,4708602.497
Rubus chamaemorus,4580016.706,4414676.69
Rubus chamaemorus,4152517.194,4017563.126
Rubus chamaemorus,5145759.161,4235606.196
Rubus chamaemorus,5337434.447,4629847.924
Rubus chamaemorus,4979374.488,4228227.559
Rubus chamaemorus,5278022.608,4050852.027
Rubus chamaemorus,4906582.099,5036086.524
Rubus chamaemorus,4557232.9,3983125.793
Rubus chamaemorus,4460844.83,4991806.111
Rubus chamaemorus,4775116.274,5151890.379
Rubus chamaemorus,5286637.602,3991418.527
Rubus chamaemorus,5087590.779,5027679.7979999995
Rubus chamaemorus,5068643.185,4437567.403
Rubus chamaemorus,4159956.649,4344032.454
Rubus chamaemorus,5137451.885,4638872.912
Rubus chamaemorus,4412347.197,4477764.343
Rubus chamaemorus,4579584.931,4129387.37
Rubus chamaemorus,4413729.76,4537315.444
Rubus chamaemorus,4843900.791,5146136.807
Rubus chamaemorus,4695868.091,4888032.489
Rubus chamaemorus,4484312.68,4135670.002
Rubus chamaemorus,4455623.057,4479735.738
Rubus chamaemorus,4713891.541,4681128.809
Rubus chamaemorus,4913425.134,5168648.326
Rubus chamaemorus,5082842.966,5328059.398
Rubus chamaemorus,5284188.626,4325669.869
Rubus chamaemorus,5205738.377,4807250.644
Rubus chamaemorus,4678692.468,5048667.723
Rubus chamaemorus,5016471.798,4687770.424
Rubus chamaemorus,5060688.638,4809882.343
Rubus chamaemorus,5061186.873,4809786.476999999
Rubus chamaemorus,4831272.678,4559591.914
Rubus chamaemorus,4814094.678000001,5106664.828999999
Rubus chamaemorus,5277712.189000001,4249250.297
Rubus chamaemorus,4221101.239,4159434.6940000006
Rubus chamaemorus,4541129.361,4111510
Rubus chamaemorus,4429138.189,4505730.846
Rubus chamaemorus,4801380.661,4591959.582
Rubus chamaemorus,5090008.953,5259689.391
Rubus chamaemorus,4315667.006,4223340.374
Rubus chamaemorus,4648407.263,4888134.502
Rubus chamaemorus,4461268.099,4281527.989
Rubus chamaemorus,5188806.095,4023627.326
Rubus chamaemorus,4980689.525,4570588.355
Rubus chamaemorus,5114924.914,4026835.122
Rubus chamaemorus,5043164.354,4788188.881
Rubus chamaemorus,4679846.71,5179868.419
Rubus chamaemorus,5089998.859,4239412.789
Rubus chamaemorus,4977748.794,4598209.835
Rubus chamaemorus,5076874.765,4214486.688
Rubus chamaemorus,5009414.142,4687013.944
Rubus chamaemorus,4297055.035,4134798.053
Rubus chamaemorus,5111455.015999999,4327259.676
Rubus chamaemorus,5155152.895,4023548.446
Rubus chamaemorus,5024122.448,4850255.244
Rubus chamaemorus,4685734.772,5117383.447999999
Rubus chamaemorus,4800771.336,5031398.261
Rubus chamaemorus,4463947.17,4806413.022
Rubus chamaemorus,5100712.714,4694571.842
Rubus chamaemorus,4472156.253,4714673.491
Rubus chamaemorus,4757510.943,4698845.955
Rubus chamaemorus,5294924.772999999,4320053.628
Rubus chamaemorus,4386215.522,4045062.099
Rubus chamaemorus,4184294.873,4081097.799
Rubus chamaemorus,4206900.507,4252258.226
Rubus chamaemorus,5305023.233,4051373.241
Rubus chamaemorus,4792138.696,5102991.684
Rubus chamaemorus,4446111.671,4043856.7629999993
Rubus chamaemorus,4922849.657,4852134.743
Rubus chamaemorus,5034772.508,4249333.625
Rubus chamaemorus,4334223.881,4479423.459
Rubus chamaemorus,4506848.287,4165347.871
Rubus chamaemorus,5116793.797,4215728.572
Rubus chamaemorus,4979269.629,5269211.720000001
Rubus chamaemorus,4613820.295,3782995.489
Rubus chamaemorus,4380915.585,4332632.905
Rubus chamaemorus,5078912.471,4230462.095
Rubus chamaemorus,5042693.813,5063086.468
Rubus chamaemorus,5037568.105,4769205.788
Rubus chamaemorus,5214672.146,4646235.353
Rubus chamaemorus,4817673.415,4957470.438
Rubus chamaemorus,5013892.568,4681970.025
Rubus chamaemorus,4638901.53,5090744.502
Rubus chamaemorus,4866605.58,4751923.477
Rubus chamaemorus,4536448.743,4505621.214
Rubus chamaemorus,5046394.485,5156970.39
Rubus chamaemorus,4711469.92,5041088.76
Rubus chamaemorus,5155976.189,4888519.64
Rubus chamaemorus,4924534.9,5201854.12
Rubus chamaemorus,4520349.743,4556293.947
Rubus chamaemorus,5225051.5,4668979.732
Rubus chamaemorus,4480618.242,3662446.929
Rubus chamaemorus,4731447.131,4623019.179
Rubus chamaemorus,4243341.439,4379638.608
Rubus chamaemorus,4686184.714,4902060.646
Rubus chamaemorus,4249928.054,4087166.323
Rubus chamaemorus,4682042.381,4722597.118
Rubus chamaemorus,4175960.477,4020113.97
Rubus chamaemorus,4732084.705,4951527.759
Rubus chamaemorus,4260915.09,4209367.951
Rubus chamaemorus,4226073.063,4079613.034
Rubus chamaemorus,4393827.487,4358038.318
Rubus chamaemorus,4085754.187,4330757.035
Rubus chamaemorus,5154908.216,4074775.49
Rubus chamaemorus,4780912.406,5146227.201
Rubus chamaemorus,5153210.956,4223614.307
Rubus chamaemorus,4757232.611,5134066.287
Rubus chamaemorus,4452834.192,4375688.534
Rubus chamaemorus,4542965.864,4103372.0219999994
Rubus chamaemorus,4631767.907,5171885.405
Rubus chamaemorus,5100054.632,5256907.314
Rubus chamaemorus,5032833.143,4700142.693
Rubus chamaemorus,4774414.299,5150680.834
Rubus chamaemorus,4434507.649,4682848.634
Rubus chamaemorus,4547272.562,4502211.458
Rubus chamaemorus,4773666.491000001,5142278.564
Rubus chamaemorus,4982116.273,5270703.19
Rubus chamaemorus,4887800.361,5402087.961
Rubus chamaemorus,4795220.313,4801630.988
Rubus chamaemorus,4432756.791,4282156.283
Rubus chamaemorus,4681279.856,4518705.183
Rubus chamaemorus,4931069.716,5015057.615
Rubus chamaemorus,5093635.801,4574332.696
Rubus chamaemorus,4120527.421,4256989.562
Rubus chamaemorus,4959594.167,5279576.551
Rubus chamaemorus,4425731.729,4291609.092
Rubus chamaemorus,4811737.775,4838863.001
Rubus chamaemorus,4411825.935,4341265.392
Rubus chamaemorus,4642080.848,4719285.203
Rubus chamaemorus,4516138.04,4952807.344
Rubus chamaemorus,4615864.48,5150138.930000001
Rubus chamaemorus,4900977.208,4924656.105
Rubus chamaemorus,4239909.915,4194757.016
Rubus chamaemorus,4512620.817,3689495.3459999994
Rubus chamaemorus,4380071.428,4042620.771
Rubus chamaemorus,4135497.441,4189934.901
Rubus chamaemorus,4415342.27,4310321.324
Rubus chamaemorus,5043017.894,4845773.991
Rubus chamaemorus,4512482.929,4210800.835
Rubus chamaemorus,4811725.963,4912693.156
Rubus chamaemorus,4370168.738,4236225.783
Rubus chamaemorus,5092479.642,4233843.495
Rubus chamaemorus,5110247.357,4410480.32
Rubus chamaemorus,4539547.765,4292208.954
Rubus chamaemorus,4185442.656,4041605.353
Rubus chamaemorus,5071430.705,4855689.916
Rubus chamaemorus,4845987.848,5186642.093
Rubus chamaemorus,5137510.43,4626291.771
Rubus chamaemorus,4303405.623,4291389.541
Rubus chamaemorus,4285861.606,4452183.959
Rubus chamaemorus,5021529.307,4495414.143
Rubus chamaemorus,5002797.228000001,4603992.825
Rubus chamaemorus,4441556.64,4335771.992
Rubus chamaemorus,4869188.564,4848700.72
Rubus chamaemorus,5010907.048000001,4685332.767
Rubus chamaemorus,4248065.107,4373359.219
Rubus chamaemorus,5128893.244,4225708.16
Rubus chamaemorus,4331934.431,3748966.261
Rubus chamaemorus,4899358.851,4414002.305
Rubus chamaemorus,5315802.227,4539759.226
Rubus chamaemorus,4508569.979,4249962.589
Rubus chamaemorus,5035096.887000001,5117098.23
Rubus chamaemorus,4751475.364,4472168.448
Rubus chamaemorus,4596367.724,4687917.767
Rubus chamaemorus,5016239.544999999,4673297.321
Rubus chamaemorus,5104078.8,5359582.495
Rubus chamaemorus,4778804.473,4835435.887
Rubus chamaemorus,5202826.304,3987980.755
Rubus chamaemorus,4736138.244,4817994.815
Rubus chamaemorus,4332742.179,4025294.247
Rubus chamaemorus,5048582.825,4475433.09
Rubus chamaemorus,4875841.452999999,5108335.185
Rubus chamaemorus,4816580.11,5086785.295
Rubus chamaemorus,5188431.706,3962088.24
Rubus chamaemorus,5050192.605,4655095.73
Rubus chamaemorus,4634206.165,4300157.829
Rubus chamaemorus,4423959.473,4137530.673
Rubus chamaemorus,4433338.521,4284311.458
Rubus chamaemorus,5028623.548999999,5186552.291999999
Rubus chamaemorus,4826557.582,4544294.971
Rubus chamaemorus,4198269.44,4144747.411
Rubus chamaemorus,4562078.236,4646652.597
Rubus chamaemorus,4888324.75,4833903.301
Rubus chamaemorus,4580700.075,5057381.802
Rubus chamaemorus,4327413.59,4078398.051
Rubus chamaemorus,4407912.254,4297944.328
Rubus chamaemorus,5168180.553,4620776.616
Rubus chamaemorus,4328616.951,4025480.819
Rubus chamaemorus,4990560.286,4846783.913
Rubus chamaemorus,4671599.11,4768099.121
Rubus chamaemorus,4302055.294,4417030.133
Rubus chamaemorus,4575701.947,4160934.698
Rubus chamaemorus,4791279.998000001,4956720.625
Rubus chamaemorus,5020295.374,5286792.412
Rubus chamaemorus,5041576.055,4660132.235
Rubus chamaemorus,5082897.526,4950442.347
Rubus chamaemorus,4971571.438,5320572.175
Rubus chamaemorus,4144691.956,4176219.132
Rubus chamaemorus,4683703.866,4323825.684
Rubus chamaemorus,4314115.659,4049256.372
Rubus chamaemorus,5243348.816999999,4084597.6309999996
Rubus chamaemorus,4218607.222,4157872.521
Rubus chamaemorus,4556294.361,3698390.447
Rubus chamaemorus,4746114.075,4772839.311
Rubus chamaemorus,4150313.997,3968168.724000001
Rubus chamaemorus,4683022.16,5053304.875
Rubus chamaemorus,4392427.513,4107048.374
Rubus chamaemorus,4587431.605,4276771.375
Rubus chamaemorus,5148069.76,4213698.194
Rubus chamaemorus,4753957.704,5137442.294
Rubus chamaemorus,4557465.55,3803942.221999999
Rubus chamaemorus,5199372.237,4255216.838
Rubus chamaemorus,4873914.311,5057503.299
Rubus chamaemorus,5077321.807999999,4244501.336
Rubus chamaemorus,5065022.547000001,4700021.974
Rubus chamaemorus,4986696.884,5317872.417
Rubus chamaemorus,4565357.655,3933527.39
Rubus chamaemorus,4506900.117,4357716.355
Rubus chamaemorus,4532868.803,3735619.531
Rubus chamaemorus,4412207.549,4113971.03
Rubus chamaemorus,5205164.527,4705439.871
Rubus chamaemorus,4967193.676,5288936.057
Rubus chamaemorus,4812309.714,5109278.598
Rubus chamaemorus,4831421.854,5254370.895
Rubus chamaemorus,4565156.206,4068453.352
Rubus chamaemorus,4170509.763,4169113.3859999995
Rubus chamaemorus,4243027.375,4439158.148
Rubus chamaemorus,5010939.008,5395412.898
Rubus chamaemorus,4417659.934,4297990.702
Rubus chamaemorus,4505934.301,4430459.826
Rubus chamaemorus,5126790.37,4207981.1
Rubus chamaemorus,4496440.904,4367529.052
Rubus chamaemorus,5112170.834,4328469.435
Rubus chamaemorus,4817442.953,4633340.224
Rubus chamaemorus,4561772.947,3805396.878
Rubus chamaemorus,5019863.663,4509418.223
Rubus chamaemorus,4469619.968,4318785.725
Rubus chamaemorus,5127574.471,4828955.035
Rubus chamaemorus,4573317.335,4523933.731
Rubus chamaemorus,4108584.584,4346394.608
Rubus chamaemorus,4849555.382,4706263.75
Rubus chamaemorus,4419344.379,4166269.932
Rubus chamaemorus,4249044.95,4194629.572
Rubus chamaemorus,4895155.107,4483970.097
Rubus chamaemorus,4261250.446,4238381.304
Rubus chamaemorus,4909665.943,4921251.290999999
Rubus chamaemorus,5079781.746,4649151.242
Rubus chamaemorus,4356655.433,4150611.169
Rubus chamaemorus,4633197.752,4958206.842
Rubus chamaemorus,5007693.442,5330037.279
Rubus chamaemorus,5087249.885,4635307.509
Rubus chamaemorus,4982085.171,4863245.94
Rubus chamaemorus,4323175.959,4063491.962
Rubus chamaemorus,5023674.127,4680325.287
Rubus chamaemorus,4871279.504,4141578.475
Rubus chamaemorus,4894275.813000001,5346398.031
Rubus chamaemorus,5014935.868,4678115.59
Rubus chamaemorus,4595489.506,3750665.862
Rubus chamaemorus,5329370.342,4121110.149
Rubus chamaemorus,4757099.338,5027738.446
Rubus chamaemorus,4992363.629,5170998.908
Rubus chamaemorus,4818778.368,4719116.334
Rubus chamaemorus,4141797.629,3905807.988
Rubus chamaemorus,5022997.518,4869514.593
Rubus chamaemorus,4319003.519,4551001.972
Rubus chamaemorus,4526314.01,4510534.252
Rubus chamaemorus,5232993.618,4033534.301
Rubus chamaemorus,4362115.432,4415499.042
Rubus chamaemorus,4556727.338,5136067.945000001
Rubus chamaemorus,4306719.621,3791153.812999999
Rubus chamaemorus,4764699.606,5129670.159
Rubus chamaemorus,4325453.698,4081421.437
Rubus chamaemorus,4838225.762,4567956.448
Rubus chamaemorus,4633460.828,5157206.073
Rubus chamaemorus,5033330.137,4865957.275
Rubus chamaemorus,4169524.638,4388127.437
Rubus chamaemorus,4755986.313,4878841.255
Rubus chamaemorus,5230348.358,4271274.502
Rubus chamaemorus,4664096.778,5193314.091
Rubus chamaemorus,4873131.618,4634524.067
Rubus chamaemorus,4552546.228,5085965.223
Rubus chamaemorus,4529252.179,4135677.223
Rubus chamaemorus,4731357.992,4123101.445
Rubus chamaemorus,4234368.326,4118158.493
Rubus chamaemorus,4411016.999,4228235.611
Rubus chamaemorus,4361782.528,4415633.335
Rubus chamaemorus,5283287.724,4689454.93
Rubus chamaemorus,4417664.131,4824918.172
Rubus chamaemorus,4547494.947,4888753.028
Rubus chamaemorus,4775907.508,5167483.169
Rubus chamaemorus,5143432.596,4078088.539
Rubus chamaemorus,4869330.832,5051663.419
Rubus chamaemorus,4870033.426,5051582.71
Rubus chamaemorus,4995128.904,4241061.195
Rubus chamaemorus,5053685.725,4256984.261
Rubus chamaemorus,4857513.614999999,4851274.256
Rubus chamaemorus,4483064.272,4207083.457
Rubus chamaemorus,4459476,4245262.019
Rubus chamaemorus,4346272.175,4063279.221
Rubus chamaemorus,4587190.374,5068424.247
Rubus chamaemorus,4835908.79,4551812.602
Rubus chamaemorus,4549134.155,4523768.335
Rubus chamaemorus,4571815.913,4515660.951
Rubus chamaemorus,4746611.494999999,4481692.913
Rubus chamaemorus,4612827.391,4512338.459
Rubus chamaemorus,4770994.473,5159016.371
Rubus chamaemorus,5148854.75,4963871.688
Rubus chamaemorus,4433594.857,4234307.83
Rubus chamaemorus,4450174.493,4517561.831
Rubus chamaemorus,4556420.926,4273772.066
Rubus chamaemorus,5157148.634,4302529.018
Rubus chamaemorus,4195469.405,3949386.086
Rubus chamaemorus,4267197.984,4450222.832
Rubus chamaemorus,4560472.041,3805204.219
Rubus chamaemorus,4676863.29,4404075.537
Rubus chamaemorus,4591138.903,3770219.016
Rubus chamaemorus,5001379.813000001,5305576.542
Rubus chamaemorus,4879139.168,5307111.202
Rubus chamaemorus,4348540.72,4544076.183
Rubus chamaemorus,5129843.114,4709744.034
Rubus chamaemorus,5329530.47,4381180.099
Rubus chamaemorus,5070404.053,4231433.182
Rubus chamaemorus,4628121.22,4720069.331
Rubus chamaemorus,4923742.821,4468083.606
Rubus chamaemorus,4752212.475,4863933.63
Rubus chamaemorus,5089612.698,4944932.761
Rubus chamaemorus,4685556.84,5049322.18
Rubus chamaemorus,5221358.475,4623380.359
Rubus chamaemorus,4753593.07,4833009.577
Rubus chamaemorus,4641767.359,3755016.046
Rubus chamaemorus,4330338.21,4284297.177
Rubus chamaemorus,4822690.122,5087348.422
Rubus chamaemorus,5076734.894,4422925.779
Rubus chamaemorus,4510248.187,5036239.808
Rubus chamaemorus,4452414.077,4210709.162
Rubus chamaemorus,5150930.949,4119539.472
Rubus chamaemorus,5097095.348,4283461.886
Rubus chamaemorus,4677645.936,4158080.941
Rubus chamaemorus,5222885.791000001,4588770.787
Rubus chamaemorus,5176509.534,4016602.932
Rubus chamaemorus,5159903.196,4047323.504
Rubus chamaemorus,4651458.807,3751015.385
Rubus chamaemorus,4480639.172,4226770.619
Rubus chamaemorus,4153319.742,3968130.867
Rubus chamaemorus,4482866.582,4428045.138
Rubus chamaemorus,4786133.484,5014629.153
Rubus chamaemorus,4861697.946,4976132.036
Rubus chamaemorus,4236833.577,4056744.5910000005
Rubus chamaemorus,5013631.687,4682933.576
Rubus chamaemorus,5097853.693,4280557.192
Rubus chamaemorus,5239976.983,4703656.179
Rubus chamaemorus,5331016.357,3960221.482
Rubus chamaemorus,4541910.691,4303103.196
Rubus chamaemorus,4315869.538,4499258.084
Rubus chamaemorus,4169247.096,4030830.271
Rubus chamaemorus,4378694.798,4479373.545
Rubus chamaemorus,4436604.969,4344684.269
Rubus chamaemorus,4412553.558,4023660.289
Rubus chamaemorus,4696348.978,4544772.549
Rubus chamaemorus,4485181.62,4167817.756
Rubus chamaemorus,5087982.122,4247159.762
Rubus chamaemorus,5088816.611,4236024.417
Rubus chamaemorus,4962709.119,4967290.852
Rubus chamaemorus,5092101.165,5249906.451
Rubus chamaemorus,4634813.052,5184795.987
Rubus chamaemorus,4953374.563,4829367.375
Rubus chamaemorus,5094674.373999999,5356624.076
Rubus chamaemorus,4324163.444,4062479.012
Rubus chamaemorus,5209380.671,4617616.723
Rubus chamaemorus,4550076.527,4227106.462
Rubus chamaemorus,4986598.471,5318104.513
Rubus chamaemorus,5190108.304,4712765.952
Rubus chamaemorus,5106126.659,4347585.991
Rubus chamaemorus,4646873.5,4765240.825
Rubus chamaemorus,4266466.429,4452080.368
Rubus chamaemorus,4493456.186,4339117.728
Rubus chamaemorus,5164223.193,4389896.065
Rubus chamaemorus,5119357.891000001,4215016.978
Rubus chamaemorus,4886763.783,4919098.468
Rubus chamaemorus,4304779.338,4244702.215
Rubus chamaemorus,4222745.651,4158806.773
Rubus chamaemorus,5267952.901,4415566.645
Rubus chamaemorus,5015978.873,4674260.98
Rubus chamaemorus,4763232.044,4865083.975
Rubus chamaemorus,5076137.332,5217143.166
Rubus chamaemorus,4444254.787,6102626.217
Rubus chamaemorus,4698801.907,4681157.949
Rubus chamaemorus,4447663.265,4977279.692
Rubus chamaemorus,4153748.03,4016000.661
Rubus chamaemorus,4339157.822,4464283.964
Rubus chamaemorus,4146963.207,4014636.247
Rubus chamaemorus,4492976.953,4273213.961
Rubus chamaemorus,4775605.182,4820407.327
Rubus chamaemorus,4464008.68,4174635.111
Rubus chamaemorus,5135609.818,4212330.62
Rubus chamaemorus,4787118.81,5161185.774000001
Rubus chamaemorus,4092138.934,4374756.917
Rubus chamaemorus,4895769.744000001,4506774.969
Rubus chamaemorus,4730966.427,4558237.792
Rubus chamaemorus,4704194.499,4436168.301
Rubus chamaemorus,5274568.687000001,4509939.159
Rubus chamaemorus,4762705.993,5121966.013
Rubus chamaemorus,4450502.353,4978425.291
Rubus chamaemorus,4400517.026,4322120.085
Rubus chamaemorus,5068717.942,4229981.37
Rubus chamaemorus,4563861.201,4040474.262
Rubus chamaemorus,4546805.358,5038294.465
Rubus chamaemorus,4996017.152,4242379.302
Rubus chamaemorus,5018674.648,4687298.092
Rubus chamaemorus,4957859.227999999,5018458.373
Rubus chamaemorus,5069548.489,4006858.15
Rubus chamaemorus,4603129.52,4511661.532
Rubus chamaemorus,5117777.853,4604076.836
Rubus chamaemorus,5088144.808,4325568.134
Rubus chamaemorus,4394593.061,4406096.201
Rubus chamaemorus,4377112.343,4049683.9830000005
Rubus chamaemorus,4168668.4799999995,4302685.405
Rubus chamaemorus,4365000.401,4154646.79
Rubus chamaemorus,4775927.785,4646640.735
Rubus chamaemorus,4406494.112,4427841.75
Rubus chamaemorus,4638017.488,5183817.129
Rubus chamaemorus,4586506.992,4051351.345
Rubus chamaemorus,4470263.472,4997326.613000001
Rubus chamaemorus,5134964.736,4744336.271
Rubus chamaemorus,4334364.994,3747995.021
Rubus chamaemorus,4638040.494,3978893.908
Rubus chamaemorus,5170971.189,4304927.482
Rubus chamaemorus,4328567.998,4088359.829
Rubus chamaemorus,4401413.398,4575040.653
Rubus chamaemorus,4527308.163,4916681.967
Rubus chamaemorus,5054282.611999999,4742621.021
Rubus chamaemorus,5144985.228,4985521.841999999
Rubus chamaemorus,4528918.983,4916455.818
Rubus chamaemorus,4485118.45,3820765.408
Rubus chamaemorus,4986770.491,5275050.367
Rubus chamaemorus,4600097.36,5123073.616
Rubus chamaemorus,4798945.6,5123238.914000001
Rubus chamaemorus,5202525.488,4033603.733
Rubus chamaemorus,4470191.334,4421242.865
Rubus chamaemorus,5078276.736,4624409.861
Rubus chamaemorus,4237444.778,4013888.642
Rubus chamaemorus,4477081.588,3782118.247
Rubus chamaemorus,5047587.141,4713300.805
Rubus chamaemorus,4900660.987,4449854.626
Rubus chamaemorus,5066401.917,4367040.923
Rubus chamaemorus,4502097.993,4734047.011
Rubus chamaemorus,5110649.273,4334277.449
Rubus chamaemorus,4910303.838,5044463.662
Rubus chamaemorus,4725947.78,4832002.231
Rubus chamaemorus,5115835.453,4227377.399
Rubus chamaemorus,4594618.693,3841202.187
Rubus chamaemorus,4631143.151,4485850.541
Rubus chamaemorus,5306822.03,4682582.844
Rubus chamaemorus,4451199.796,4363439.367
Rubus chamaemorus,4557966.713,3806187.641
Rubus chamaemorus,5114026.9350000005,4610350.572
Rubus chamaemorus,4157394.178,4008018.417
Rubus chamaemorus,5040924.766,4001698.203
Rubus chamaemorus,4485743.394,4137248.07
Rubus chamaemorus,4186645.324,3915775.063
Rubus chamaemorus,4971985.729,4978905.885
Rubus chamaemorus,4722257.513,4891781.513
Rubus chamaemorus,4488771.498,4257595.375
Rubus chamaemorus,4784376.459,5145081.742
Rubus chamaemorus,5159234.1049999995,4884188.171
Rubus chamaemorus,5061216.648,4252730.59
Rubus chamaemorus,4435513.779,4324224.329
Rubus chamaemorus,4704298.329,4799161.368
Rubus chamaemorus,4421401.138,4280985.512
Rubus chamaemorus,4479617.624,5010874.754
Rubus chamaemorus,5098699.062999999,4793933.359
Rubus chamaemorus,5053750.508,4731058.767999999
Rubus chamaemorus,5014498.116,4510125.238
Rubus chamaemorus,4590489.82,4245936.716
Rubus chamaemorus,4795741.755,5141896.507
Rubus chamaemorus,4576860.08,4625163.758
Rubus chamaemorus,5090345.169,4598235.604
Rubus chamaemorus,5234769.524,4708387.084
Rubus chamaemorus,5026002.571,4713859.712
Rubus chamaemorus,5055246.889,4289507.294
Rubus chamaemorus,5102802.775999999,4340569.747
Rubus chamaemorus,4413358.733,4548438.971
Rubus chamaemorus,5052308.406,5325794.643
Rubus chamaemorus,4869439.555,4931874.93
Rubus chamaemorus,4541242.741,4547380.191
Rubus chamaemorus,4431823.756,4169012.363
Rubus chamaemorus,4512859.59,5029896.777
Rubus chamaemorus,4973498.424,5146910.305
Rubus chamaemorus,4368104.184,4115684.895
Rubus chamaemorus,4197687.493,4062042.673
Rubus chamaemorus,4671705.224,5148453.71
Rubus chamaemorus,4652861.041,4552411.973
Rubus chamaemorus,5014153.410000001,4681006.459
Rubus chamaemorus,4891803.629,5027199.827
Rubus chamaemorus,4332624.437,4091291.858
Rubus chamaemorus,4474128.719,4182258.463
Rubus chamaemorus,4373743.899,4076484.226
Rubus chamaemorus,4898659.322,5143509.362
Rubus chamaemorus,4173885.873,3971083.71
Rubus chamaemorus,4615254.622,3832115.65
Rubus chamaemorus,4198016.002,4416761.842
Rubus chamaemorus,4816588.912999999,4804997.603
Rubus chamaemorus,5400833.739,4585798.025
Rubus chamaemorus,5094377.592,4333311.099
Rubus chamaemorus,4073880.694,4265966.863
Rubus chamaemorus,4167454.461,3905034.523
Rubus chamaemorus,4982485.183,5196644.724
Rubus chamaemorus,4780188.578999999,5163475.659
Rubus chamaemorus,4641170.859,4221011.583
Rubus chamaemorus,5063573.366,5331961.725
Rubus chamaemorus,4553513.395,4628081.851
Rubus chamaemorus,5399229.707999999,4594310.216
Rubus chamaemorus,4329585.918,4089342.277
Rubus chamaemorus,4365769.031,4063328.702
Rubus chamaemorus,5038528.886,5335889.624
Rubus chamaemorus,4862256.925999999,5072972.269
Rubus chamaemorus,4910862.233,4920439.884
Rubus chamaemorus,4177434.7039999994,4422080.124
Rubus chamaemorus,4475361.848,3885347.547
Rubus chamaemorus,4476314.781,4244723.359
Rubus chamaemorus,5154734.285,4390631.19
Rubus chamaemorus,5156469.734,4485928.868
Rubus chamaemorus,4583296.821,4305732.411
Rubus chamaemorus,5084878.593,4215450.169
Rubus chamaemorus,5100466.723,4286364.849
Rubus chamaemorus,4516298.743,5068264.878
Rubus chamaemorus,4294624.821,4396715.17
Rubus chamaemorus,4831652.137,4558343.023
Rubus chamaemorus,5335313.725,3952520.488
Rubus chamaemorus,4668418.485,4512460.962
Rubus chamaemorus,4959284.186,4466805.732
Rubus chamaemorus,4471653.081,4200614.731
Rubus chamaemorus,4170091.106,4054776.699
Rubus chamaemorus,5171536.146,4941760.078
Rubus chamaemorus,5086308.724,4765308.087
Rubus chamaemorus,4833124.602,5253469.095
Rubus chamaemorus,4478172.92,4397378.237
Rubus chamaemorus,4648029.317,4586150.984
Rubus chamaemorus,4333089.15,4199220.581
Rubus chamaemorus,4688944.814,4408332.916
Rubus chamaemorus,4474648.225,4861583.437
Rubus chamaemorus,4678822.364,4571952.637
Rubus chamaemorus,4847629.519,4696847.896
Rubus chamaemorus,4520272.864,5040548.2
Rubus chamaemorus,5154803.919,4302334.655
Rubus chamaemorus,4264694.551,4275250.902
Rubus chamaemorus,4373912.026,4102123.589
Rubus chamaemorus,4897610.5370000005,4482537.268
Rubus chamaemorus,5127923.885000001,4300995.447
Rubus chamaemorus,4684465.283,4529579.093
Rubus chamaemorus,4715482.07,4522250.066
Rubus chamaemorus,4553713.814,5003062.08
Rubus chamaemorus,4480424.588,3663512.193
Rubus chamaemorus,4613592.488,4423695.541
Rubus chamaemorus,4470384.338,4222395.143
Rubus chamaemorus,4871682.531,5032265.11
Rubus chamaemorus,5056303.449,4726227.059
Rubus chamaemorus,4289666.149,4064842.219
Rubus chamaemorus,4990669.417,4884969.049
Rubus chamaemorus,4860783.768,5187543.289
Rubus chamaemorus,4161885.389,4040513.346
Rubus chamaemorus,5077269.613,5327216.008
Rubus chamaemorus,4954754.915,5215367.642
Rubus chamaemorus,4657271.1,5191471.441
Rubus chamaemorus,4620137.89,4103855.379
Rubus chamaemorus,4407509.182,4070149.706
Rubus chamaemorus,4410757.252,4337299.24
Rubus chamaemorus,4692133.539,3890807.9369999995
Rubus chamaemorus,4760139.046,4819620.967
Rubus chamaemorus,4522003.791,4216120.281
Rubus chamaemorus,4515807.49,4340219.651
Rubus chamaemorus,5174651.96,4676238.886
Rubus chamaemorus,4804198.431,5101007.512
Rubus chamaemorus,5384920.763,4580103.174
Rubus chamaemorus,4471656.941,4417405.802
Rubus chamaemorus,4771854.308,5163344.375
Rubus chamaemorus,4355910.729,4436823.43
Rubus chamaemorus,5053523.17,5176213.364
Rubus chamaemorus,4998867.668,4424237.369
Rubus chamaemorus,4429044.926,4310806.935
Rubus chamaemorus,4389452.232,4386466.871
Rubus chamaemorus,5054101.330999999,4547919.843
Rubus chamaemorus,4329176.287,4062403.405
Rubus chamaemorus,4182420.416,4040645.507
Rubus chamaemorus,4628426.777,4528273.828
Rubus chamaemorus,5151359.283,4224835.327
Rubus chamaemorus,5203440.108,4552546.186
Rubus chamaemorus,4898281.0139999995,4424409.954
Rubus chamaemorus,4383591.637,4257915.056
Rubus chamaemorus,4175496.333,4056747.408
Rubus chamaemorus,4328431.412,4079380.573
Rubus chamaemorus,4533208.567,3736343.329
Rubus chamaemorus,5100459.198,4208882.199
Rubus chamaemorus,5104062.889999999,4608885.998
Rubus chamaemorus,5096041.544000001,4291448.744
Rubus chamaemorus,5163387.033,4939669.946
Rubus chamaemorus,4730014.73,4653242.164
Rubus chamaemorus,5235481.051,4709593.112
Rubus chamaemorus,5079212.161,4320243.394
Rubus chamaemorus,4881326.907,5091082.470000001
Rubus chamaemorus,5011551.822,4555563.122
Rubus chamaemorus,5310482.669,4584751.443
Rubus chamaemorus,4478997.999,4321649.653
Rubus chamaemorus,4588268.618,3719824.31
Rubus chamaemorus,4758521.15,4848940.066
Rubus chamaemorus,5022963.936,4679116.151
Rubus chamaemorus,4144942.808,4085503.473
Rubus chamaemorus,4485765.465,4456992.094
Rubus chamaemorus,5273198.709,4579796.9
Rubus chamaemorus,4331667.377,4094300.073
Rubus chamaemorus,4527148.72,3779286.797
Rubus chamaemorus,5144771.069,4948459.415
Rubus chamaemorus,4683653.297,4767815.605
Rubus chamaemorus,4183073.981,4070924.253
Rubus chamaemorus,4338020.917,4441210.658
Rubus chamaemorus,4855113.802000001,4588519.424
Rubus chamaemorus,4910433.722,4413214.639
Rubus chamaemorus,4467288.628,4318277.554
Rubus chamaemorus,4672968.759,4767600.722999999
Rubus chamaemorus,4201872.909,4147120.735
Rubus chamaemorus,4808435.353000001,4733345.574
Rubus chamaemorus,5096062.651,4334762.907
Rubus chamaemorus,4152040.354,4307228.363
Rubus chamaemorus,4912928.802,5049566.311
Rubus chamaemorus,4190736.455,4360946.149
Rubus chamaemorus,4601587.922,4327232.476
Rubus chamaemorus,5258025.791,4319228.173
Rubus chamaemorus,5018225.519,4685125.253
Rubus chamaemorus,4748281.048,4593669.564
Rubus chamaemorus,4463195.479,4283004.602
Rubus chamaemorus,4346793.646,4184445.832
Rubus chamaemorus,4589087.718,4247339.923
Rubus chamaemorus,5101098.263000001,4295803.375
Rubus chamaemorus,5125534.652,4590560.429
Rubus chamaemorus,4342847.593,4110988.371
Rubus chamaemorus,5077627.5879999995,4432218.768
Rubus chamaemorus,5022181.635,4682007.279
Rubus chamaemorus,4519142.92,4735460.555
Rubus chamaemorus,4832643.944,5100199.122
Rubus chamaemorus,4426656.16,4074751.33
Rubus chamaemorus,4798423.225,5016675.084
Rubus chamaemorus,5006364.784,5176021.516
Rubus chamaemorus,4846029.464,4580790.291
Rubus chamaemorus,4578705.062,4265412.995
Rubus chamaemorus,5079842.819,4234818.632
Rubus chamaemorus,4671149.641,4843051.653999999
Rubus chamaemorus,4463508.704,4464423.202
Rubus chamaemorus,4628201.9,3981979.7480000006
Rubus chamaemorus,4168195.179,4027349.768
Rubus chamaemorus,4551298.392,4607034.771
Rubus chamaemorus,4096815.198,4150112.683
Rubus chamaemorus,4913577.298,4854705.679
Rubus chamaemorus,5244540.098,4065932.819
Rubus chamaemorus,4558083.003,3797330.296
Rubus chamaemorus,4433097.121,4314404.765
Rubus chamaemorus,5029499.731,4681797.357
Rubus chamaemorus,5021208.832,4639543.304
Rubus chamaemorus,4150935.065,4099912.5
Rubus chamaemorus,4539274.837,4442583.091
Rubus chamaemorus,5153207.509999999,4538169.766
Rubus chamaemorus,4690663.574,4560569.362
Rubus chamaemorus,4740996.985,4553390.791
Rubus chamaemorus,4256947.914,4028424.88
Rubus chamaemorus,4316874.805,4339484.996
Rubus chamaemorus,5268017.382999999,4058993.364
Rubus chamaemorus,5254004.369,4408201.891
Rubus chamaemorus,4218058.322,4071981.402
Rubus chamaemorus,4109158.793,4068582.281
Rubus chamaemorus,4917300.383,4984444.706
Rubus chamaemorus,4633053.873,4826168.764
Rubus chamaemorus,4785045.546,5120634.154
Rubus chamaemorus,4415324.991,4597949.382
Rubus chamaemorus,4713237.528,4606243.581
Rubus chamaemorus,4993817.574,4216396.443
Rubus chamaemorus,5081916.319,5228859.028
Rubus chamaemorus,4103955.282,3950299.614
Rubus chamaemorus,4679842.048,5136485.368
Rubus chamaemorus,4682450.868,4464430.569
Rubus chamaemorus,4709376.09,4740536.437
Rubus chamaemorus,5056111.72,5003738.169
Rubus chamaemorus,4334220.658,3748312.5309999995
Rubus chamaemorus,4609900.116,5161970.498
Rubus chamaemorus,4481062.528,4668386.445
Rubus chamaemorus,4787662.197,5159276.380999999
Rubus chamaemorus,5018702.646,4671860.956
Rubus chamaemorus,4538314.857,4600899.973
Rubus chamaemorus,5187101.104,4607346.802
Rubus chamaemorus,5132731.016,4208831.409
Rubus chamaemorus,4438266.931,4285675.911
Rubus chamaemorus,4877291.368,4510916.719
Rubus chamaemorus,5149340.722,4229412.574
Rubus chamaemorus,5129102.058,4612059.871
Rubus chamaemorus,5148156.618,4226023.978
Rubus chamaemorus,5010014.585,5219592.87
Rubus chamaemorus,5043624.582,4911755.444
Rubus chamaemorus,5124770.787,4260444.777
Rubus chamaemorus,5008385.842,4478705.644
Rubus chamaemorus,4802752.479,4703016.255
Rubus chamaemorus,4234514.773,4145921.704
Rubus chamaemorus,5131100.338,4220159.636
Rubus chamaemorus,4670083.014,4647295.728
Rubus chamaemorus,4470738.151,4998553.961
Rubus chamaemorus,5156539.713,4633332.339
Rubus chamaemorus,4031784.807,4195668.601
Rubus chamaemorus,5339035.344,4442638.982
Rubus chamaemorus,4335122.182,3751907.646
Rubus chamaemorus,4493834.874,4690311.073
Rubus chamaemorus,4156003.9780000006,3998859.0329999994
Rubus chamaemorus,4176978.6039999994,4045706.3
Rubus chamaemorus,4320018.988,4066932.721
Rubus chamaemorus,4905529.721,4512867.739
Rubus chamaemorus,5082933.191,4789787.312
Rubus chamaemorus,4581660.765,4055300.9759999993
Rubus chamaemorus,4830550.21,4818692.307
Rubus chamaemorus,4700237.218,4830536.8270000005
Rubus chamaemorus,5034375.328,5123532.564
Rubus chamaemorus,4729105.563,4577739.504
Rubus chamaemorus,4543820.384,3791118.602
Rubus chamaemorus,4117157.545,4271128.616
Rubus chamaemorus,4784008.503,4547073.276
Rubus chamaemorus,4808893.160000001,5136093.606
Rubus chamaemorus,5148027.243,4101830.991
Rubus chamaemorus,4453487.243,4589843.643
Rubus chamaemorus,4801855.438,5142466.275
Rubus chamaemorus,4670012.906,4362625.085
Rubus chamaemorus,4618021.164,4099349.58
Rubus chamaemorus,4622013.825,3993183.636000001
Rubus chamaemorus,4776089.962,5152145.453
Rubus chamaemorus,4772969.392,4626474.538
Rubus chamaemorus,4357832.743,4324894.76
Rubus chamaemorus,5084982.977999999,4325809.522
Rubus chamaemorus,4421272.407,4273015.069
Rubus chamaemorus,4183405.808,4418024.171
Rubus chamaemorus,4449550.291,4241742.824
Rubus chamaemorus,4702865.674,4509629.106
Rubus chamaemorus,4747088.954,4472070.487
Rubus chamaemorus,5158385.841999999,4222370.616
Rubus chamaemorus,4476044.431,4693641.546
Rubus chamaemorus,4940202.57,4559278.158
Rubus chamaemorus,5099639.119,4291150.897
Rubus chamaemorus,4328446.55,4080378.359
Rubus chamaemorus,5112243.312,4343955.724
Rubus chamaemorus,5100969.798000001,5261840.441
Rubus chamaemorus,4766198.525,4669512.485
Rubus chamaemorus,5283982.234,4562566.1
Rubus chamaemorus,4597351.74,4156399.856
Rubus chamaemorus,5116738.222,4592482.647
Rubus chamaemorus,4562872.371,4464645.674
Rubus chamaemorus,5076258.699,4323629.434
Rubus chamaemorus,4391494.195,4555995.213
Rubus chamaemorus,4519736.634,3664685.501
Rubus chamaemorus,4770744.087000001,4701677.739
Rubus chamaemorus,4693942.593,4524748.559
Rubus chamaemorus,4534189.468,4327930.541
Rubus chamaemorus,5273172.609999999,4676610.396
Rubus chamaemorus,4670609.218,4238802.938
Rubus chamaemorus,5120042.663,4173572.238
Rubus chamaemorus,5126045.638,4227755.364
Rubus chamaemorus,5053985.007,4809443.05
Rubus chamaemorus,4781592.564,5165894.503
Rubus chamaemorus,4328552.822,4087362.187
Rubus chamaemorus,5222303.653,4413060.403
Rubus chamaemorus,4274488.537,4163983.721
Rubus chamaemorus,4707498.897,4171497.355
Rubus chamaemorus,4768617.066,5156341.908
Rubus chamaemorus,4540469.582,4882586.248
Rubus chamaemorus,4330421.527,4078352.447
Rubus chamaemorus,4774878.916,4894642.088
Rubus chamaemorus,5379512.768,4556388.436
Rubus chamaemorus,4519265.536,4556373.251
Rubus chamaemorus,4846153.241,4855040.758
Rubus chamaemorus,4972389.02,5276932.733
Rubus chamaemorus,5223965.891000001,4683051.677
Rubus chamaemorus,4574684.214,4535082.362
Rubus chamaemorus,4453001.575,3904765.878
Rubus chamaemorus,5179681.917999999,4890957.99
Rubus chamaemorus,4484451.22,4197617.574
Rubus chamaemorus,4456387.432,4996455.384
Rubus chamaemorus,4969631.705,4561605.56
Rubus chamaemorus,4402211.394,4305564.188
Rubus chamaemorus,4784112.644,4632495.256
Rubus chamaemorus,4992687.079999999,5046850.422
Rubus chamaemorus,4821283.486,5084929.795
Rubus chamaemorus,5065251.079,4183748.965
Rubus chamaemorus,5087412.184,4659307.453
Rubus chamaemorus,4995433.489,5029313.986
Rubus chamaemorus,4783402.771,5144827.07
Rubus chamaemorus,4355840.069,4325923.137
Rubus chamaemorus,5309271.813,4537124.265
Rubus chamaemorus,4925190.641,4850617.726
Rubus chamaemorus,5151041.991,4115158.7450000006
Rubus chamaemorus,4605698.848,4522369.503
Rubus chamaemorus,4288242.776,4286307.596
Rubus chamaemorus,4328492.078,4083371.468
Rubus chamaemorus,4358883.243,4098529.673
Rubus chamaemorus,4542015.699,4222847.886
Rubus chamaemorus,4769976.165999999,5151569.548
Rubus chamaemorus,4795358.834,5146925.986
Rubus chamaemorus,4131724.6,4094086.893
Rubus chamaemorus,4510630.768,4395523.573
Rubus chamaemorus,4758791.919,5139404.356
Rubus chamaemorus,4241276.827,4047585.085999999
Rubus chamaemorus,4333657.623,4093271.869999999
Rubus chamaemorus,5057448.389,4332325.846
Rubus chamaemorus,4870965.0649999995,4857849.71
Rubus chamaemorus,5273696.755,4278710.752
Rubus chamaemorus,4121907.687,4259066.859
Rubus chamaemorus,4567558.801,4269525.094
Rubus chamaemorus,4484842.988,4291952.944
Rubus chamaemorus,4222232.757,4052702.514
Rubus chamaemorus,4064413.547,4153528.249
Rubus chamaemorus,4691302.994,4679493.948
Rubus chamaemorus,4160233.6430000006,4376026.978
Rubus chamaemorus,4436809.751,4248321.953
Rubus chamaemorus,4467280.672,4255169.065
Rubus chamaemorus,4603585.292,4978786.643
Rubus chamaemorus,4892109.229,5226462.619
Rubus chamaemorus,4356930.441,4407857.198
Rubus chamaemorus,4425719.109,4808057.381
Rubus chamaemorus,4372800.512,4318673.481
Rubus chamaemorus,4880035.571,4162010.458
Rubus chamaemorus,4646997.745,4689525.881
Rubus chamaemorus,5067977.643,5135720.905
Rubus chamaemorus,5236302.959,4704411.43
Rubus chamaemorus,4186347.67,4134123.465
Rubus chamaemorus,4237968.864,4207902.879
Rubus chamaemorus,5185715.313,4064214.937
Rubus chamaemorus,4926498.808,4881780.016
Rubus chamaemorus,4274358.96,4389430.665
Rubus chamaemorus,4433748.197,4068066.721
Rubus chamaemorus,4308799.499,4535540.246
Rubus chamaemorus,4880405.455,4878109.063
Rubus chamaemorus,5142689.108,4479403.163
Rubus chamaemorus,4968354.834000001,5407143.338
Rubus chamaemorus,4601019.009,4577764.622
Rubus chamaemorus,5157532.343,4058226.645
Rubus chamaemorus,4326471.548,4082404.003
Rubus chamaemorus,4950944.662,4230349.782
Rubus chamaemorus,5280164.065,3959551.582
Rubus chamaemorus,4474924.959,4171584.7
Rubus chamaemorus,4681502.524,4573721.344
Rubus chamaemorus,5018852.023,4590542.848
Rubus chamaemorus,4587566.936,5083210.735
Rubus chamaemorus,4656759.294,4797353.249
Rubus chamaemorus,5141977.253,4614244.971
Rubus chamaemorus,5202769.55,4785675.1
Rubus chamaemorus,4429363.492,4335971.466
Rubus chamaemorus,4786575.327,5163095.117
Rubus chamaemorus,4563265.835,4852464.616
Rubus chamaemorus,4674772.07,3953735.7330000005
Rubus chamaemorus,5392872.98,4541862.37
Rubus chamaemorus,4352007.873,4253171.816
Rubus chamaemorus,4373537.004,4352656.238
Rubus chamaemorus,4813923.549,4615333.069
Rubus chamaemorus,4147139.2540000007,4027112.155
Rubus chamaemorus,4784849.855999999,5016588.422
Rubus chamaemorus,4445844.514,4054492.465
Rubus chamaemorus,5253238.085,4286057.373
Rubus chamaemorus,4290894.652,4204614.551
Rubus chamaemorus,5135935.33,4311128.188
Rubus chamaemorus,4123514.454,4211603.498
Rubus chamaemorus,4785918.383,5106497.216
Rubus chamaemorus,4488279.956,4235644.493
Rubus chamaemorus,5135568.346,4321920.501
Rubus chamaemorus,4325166.018,4062463.923
Rubus chamaemorus,4093514.258,4012103.944
Rubus chamaemorus,4227989.935,4251503.472
Rubus chamaemorus,4470605.067,4230405.053
Rubus chamaemorus,4305087.375,4268427.167
Rubus chamaemorus,5275410.413,4303901.978
Rubus chamaemorus,4463223.624,4531009.857
Rubus chamaemorus,4286956.342,4353879.662
Rubus chamaemorus,4869849.059,4847111.248999999
Rubus chamaemorus,4115104.793,4194081.113
Rubus chamaemorus,4289701.363,4405593.437
Rubus chamaemorus,4475956.649,4754765.737
Rubus chamaemorus,5251983.653,4149126.291
Rubus chamaemorus,4341305.499,4276355.847
Rubus chamaemorus,5084237.8209999995,4257569.222
Rubus chamaemorus,4235431.511,4086111.726
Rubus chamaemorus,5007006.21,4599908.231
Rubus chamaemorus,4856875.663,5270778.051
Rubus chamaemorus,4449070.456,4978058.966
Rubus chamaemorus,5017631.96,4377075.554
Rubus chamaemorus,5115291.55,4261180.775
Rubus chamaemorus,5290522.558,4297298.136
Rubus chamaemorus,4318754.975,4069546.323
Rubus chamaemorus,4229652.157,4449045.049
Rubus chamaemorus,4316961.163,4402843.209
Rubus chamaemorus,4285374.869,4198583.233
Rubus chamaemorus,4566383.075,4269077.676
Rubus chamaemorus,4552921.034,5102773.96
Rubus chamaemorus,4160740.164,3926095.458
Rubus chamaemorus,5041931.74,4531463.297
Rubus chamaemorus,4551052.182,3878471.48
Rubus chamaemorus,4864060.417,5247625.776
Rubus chamaemorus,4168401.43,4390847.656
Rubus chamaemorus,4797819.418,4737448.39
Rubus chamaemorus,4125214.406,3900218.985
Rubus chamaemorus,4992228.168,4845253.3
Rubus chamaemorus,4205560.66,4420932.99
Rubus chamaemorus,5136646.408,4745786.196
Rubus chamaemorus,4512837.37,4915118.856
Rubus chamaemorus,4867531.282,4838437.486
Rubus chamaemorus,5190651.328000001,4368437.321
Rubus chamaemorus,4437384.316,4244633.721
Rubus chamaemorus,5113056.3950000005,4610107.681
Rubus chamaemorus,4061810.606,4148876.525
Rubus chamaemorus,5320446.074,4537805.89
Rubus chamaemorus,5004832.842,4825821.293
Rubus chamaemorus,4163161.748,4064638.432
Rubus chamaemorus,5124006.066999999,4064424.065999999
Rubus chamaemorus,5170227.587,4374885.475
Rubus chamaemorus,4842190.175,5034971.843
Rubus chamaemorus,5147264.294,4501161.93
Rubus chamaemorus,4221086.93,4451739.97
Rubus chamaemorus,4867105.246000001,5232796.894000001
Rubus chamaemorus,4792841.341,5104201.375
Rubus chamaemorus,4723404.451,4785719.909
Rubus chamaemorus,4796265.411,4896824.319
Rubus chamaemorus,5096270.622999999,4337908.221
Rubus chamaemorus,5017843.874,5195570.66
Rubus chamaemorus,4470043.846,4345657.893
Rubus chamaemorus,4427677.132,6059845.834
Rubus chamaemorus,5165540.134,4780792.278
Rubus chamaemorus,5293255.92,4496063.278
Rubus chamaemorus,4605417.459,5112402.344
Rubus chamaemorus,4785757.827,4640744.328
Rubus chamaemorus,4642748.827,4481311.22
Rubus chamaemorus,5029918.803000001,4829088.634
Rubus chamaemorus,4210665.753,4050108.939
Rubus chamaemorus,4491965.102,4348081.606
Rubus chamaemorus,4571047.925,4124969.522
Rubus chamaemorus,5016024.626999999,4253913.907
Rubus chamaemorus,4322545.687,4469130.767
Rubus chamaemorus,4566130.64,4280452.9
Rubus chamaemorus,4163218.871,4353297.636
Rubus chamaemorus,4622551.769,5173901.591
Rubus chamaemorus,5016049.73,4826606.987
Rubus chamaemorus,4222439.55,4353111.636
Rubus chamaemorus,4097148.603,4001341.847
Rubus chamaemorus,4137713.072,3927381.305
Rubus chamaemorus,5178750.944,4051303.4789999994
Rubus chamaemorus,5284257.945,4689693.699
Rubus chamaemorus,4537004.801,4046745.101
Rubus chamaemorus,4558575.408,4594685.006
Rubus chamaemorus,4221040.294,4170356.399
Rubus chamaemorus,4711243.71,4859182.9520000005
Rubus chamaemorus,5023113.943,5210075.179
Rubus chamaemorus,4890267.475,4928857.389
Rubus chamaemorus,4534895.351,4326910.25
Rubus chamaemorus,5104980.784,4596244.505
Rubus chamaemorus,5037445.187,4926646.592
Rubus chamaemorus,4649534.818,4247316.424
Rubus chamaemorus,5121727.783,4631852.395
Rubus chamaemorus,4974975.778,4359003.732
Rubus chamaemorus,5190135.93,4088018.88
Rubus chamaemorus,5335648.938,4507504.813
Rubus chamaemorus,4606172.59,4372664.323
Rubus chamaemorus,4393080.863,4240131.257
Rubus chamaemorus,5000442.76,4624573.049
Rubus chamaemorus,4573514.432,3969883.905
Rubus chamaemorus,4768625.914,4731785.82
Rubus chamaemorus,4840973.797,4915248.145
Rubus chamaemorus,4128544.139,4363938.584
Rubus chamaemorus,4983837.229000001,4883137.602
Rubus chamaemorus,5168505.812,4348552.487
Rubus chamaemorus,4789841.981999999,4955926.579
Rubus chamaemorus,4939273.65,4459435.389
Rubus chamaemorus,4594154.796,4867569.545
Rubus chamaemorus,4202610.644,4027055.513
Rubus chamaemorus,4667087.073,5053302.455
Rubus chamaemorus,4927767.906,4139576.825
Rubus chamaemorus,4359835.698,4153020.137
Rubus chamaemorus,4186523.047,4420124.64
Rubus chamaemorus,4886745.495,5086840.701999999
Rubus chamaemorus,4194429.713,4152427.476
Rubus chamaemorus,5040300.978,5234429.657
Rubus chamaemorus,4624893.38,5166885.872
Rubus chamaemorus,4404076.471,4729098.395
Rubus chamaemorus,5216379.316,4059529.971
Rubus chamaemorus,4806366.981,4971754.746
Rubus chamaemorus,4882187.574,4877652.139000001
Rubus chamaemorus,5108800.315,4325566.687
Rubus chamaemorus,4067181.525,4151299.793
Rubus chamaemorus,4197581.723,4152614.776
Rubus chamaemorus,5013443.343,4679797.174
Rubus chamaemorus,4276536.62,4125048.724000001
Rubus chamaemorus,4985229.761999999,5285078.774
Rubus chamaemorus,5136799.174,4078487.488
Rubus chamaemorus,4585682.642,4059835.984
Rubus chamaemorus,4573160.526,4304571.027
Rubus chamaemorus,4380048.707,4259009.964
Rubus chamaemorus,5006791.623,4669876.877
Rubus chamaemorus,4101606.485000001,4014625.012
Rubus chamaemorus,4469250.827,4410905.06
Rubus chamaemorus,4415487.068,4359429.83
Rubus chamaemorus,5041627.001,4397930.007
Rubus chamaemorus,4778099.664,4581473.964
Rubus chamaemorus,5002506.205999999,5186913.417
Rubus chamaemorus,4601999.668,3800800.921
Rubus chamaemorus,4681929.014,4223822.015
Rubus chamaemorus,4845440.686,4761439.905
Rubus chamaemorus,4417161.49,3983132.204
Rubus chamaemorus,4950398.693,4467128.296
Rubus chamaemorus,4987112.076,4980701.829
Rubus chamaemorus,5129124.936000001,4887988.04
Rubus chamaemorus,4764603.019,4761427.124
Rubus chamaemorus,5029239.013,4682761.119
Rubus chamaemorus,4467928.979,4401240.204
Rubus chamaemorus,4337362.994,4473345.753
Rubus chamaemorus,5207628.4399999995,4125149.928
Rubus chamaemorus,4512892.883,5077312.181
Rubus chamaemorus,4867610.660000001,4837924.269
Rubus chamaemorus,5006807.469,4848954.082999999
Rubus chamaemorus,4346710.724,4159415.52
Rubus chamaemorus,4581107.997,4425765.92
Rubus chamaemorus,4508129.087,4431373.125
Rubus chamaemorus,4418890.065,4584757.817
Rubus chamaemorus,4291470.012,4065498.06
Rubus chamaemorus,4724510.235999999,5197080.782
Rubus chamaemorus,4424732.737,4486391.676
Rubus chamaemorus,5165587.739,4376827.309
Rubus chamaemorus,4423666.561,4296890.357
Rubus chamaemorus,4925258.312,5030661.731999999
Rubus chamaemorus,4543393.629,4193039.554
Rubus chamaemorus,4448013.499,4460432.356
Rubus chamaemorus,5168641.513,4653861.856
Rubus chamaemorus,4557217.829,4158180.55
Rubus chamaemorus,4559101.562,4360278.347
Rubus chamaemorus,4794523.092,4792154.437
Rubus chamaemorus,5093311.045,4222706.707
Rubus chamaemorus,5081076.535000001,4206253.308
Rubus chamaemorus,4178823.108,4145012.048999999
Rubus chamaemorus,5009675.120000001,4686050.43
Rubus chamaemorus,4503907.184,4419179.617
Rubus chamaemorus,4651010.87,5126011.231
Rubus chamaemorus,4927784.771,4954249.939
Rubus chamaemorus,4400169.396,4739000.617
Rubus chamaemorus,5046061.946,5251739.403
Rubus chamaemorus,4715146.573,4606382.634
Rubus chamaemorus,4368544.193,4100218.3670000006
Rubus chamaemorus,5170718.53,4305896.481
Rubus chamaemorus,5151817.719,4223837.218
Rubus chamaemorus,4555183.819,4637907.181
Rubus chamaemorus,4419350.645,3934482.124
Rubus chamaemorus,4154175.444,4403847.057
Rubus chamaemorus,4484964.519,4457521.342
Rubus chamaemorus,4215160.325,3945215.094
Rubus chamaemorus,4669603.025,4647185.095
Rubus chamaemorus,4256841.428,4154500.2
Rubus chamaemorus,4412445.636,4519262.689
Rubus chamaemorus,4907694.475,5278476.596
Rubus chamaemorus,4593718.638,4515860.266
Rubus chamaemorus,4785994.674999999,4557906.145
Rubus chamaemorus,4434071.366,4068135.873
Rubus chamaemorus,5057988.824,4734977.027
Rubus chamaemorus,4925359.153,4862886.921
Rubus chamaemorus,5075131.381,4244985.969
Rubus chamaemorus,4409727.982,4298461.319
Rubus chamaemorus,5104126.996,4604780.932
Rubus chamaemorus,5013792.906,5291297.444999999
Rubus chamaemorus,5035352.372999999,4579255.867
Rubus chamaemorus,5049402.124,4503462.022
Rubus chamaemorus,4480999.838,4216419.585
Rubus chamaemorus,5268694.967,4722815.800000001
Rubus chamaemorus,4185633.945,4133825.22
Rubus chamaemorus,4161503.336,4134304.18
Rubus chamaemorus,4520142.319,4736548.389
Rubus chamaemorus,5061151.4120000005,4251470.855
Rubus chamaemorus,4804470.617,5002714.7
Rubus chamaemorus,4260818.587,4470424.629
Rubus chamaemorus,4998214.62,4524555.707
Rubus chamaemorus,5209062.419,4730859.069
Rubus chamaemorus,5234051.355,3975452.261
Rubus chamaemorus,4172601.353,4034863.13
Rubus chamaemorus,5144254.552999999,4901025.253
Rubus chamaemorus,4777514.043,5136105.103
Rubus chamaemorus,4702070.571,4559878.811
Rubus chamaemorus,4493330.854,4346756.247
Rubus chamaemorus,4397359.434,4237872.445
Rubus chamaemorus,4168306.71,4148852.62
Rubus chamaemorus,4562272.629,3858563.0580000007
Rubus chamaemorus,5069216.277,4703783.299
Rubus chamaemorus,4990030.834,4981444.119
Rubus chamaemorus,5284329.703,4716493.159
Rubus chamaemorus,5306098.901,4351695.914
Rubus chamaemorus,4598684.479,4774060.879
Rubus chamaemorus,5263524.887,4034452.874
Rubus chamaemorus,5157298.473,4225017.815
Rubus chamaemorus,4831581.4969999995,4819871.596
Rubus chamaemorus,4131008.852,4232343.174
Rubus chamaemorus,4983207.494,4452773.268
Rubus chamaemorus,4502415.285,4325291.742
Rubus chamaemorus,4496035.284,3927989.615
Rubus chamaemorus,4579851.706,4500887.976
Rubus chamaemorus,4135831.304,4167533.492
Rubus chamaemorus,4261283.952,4468626.441
Rubus chamaemorus,4803478.155,4881370.576
Rubus chamaemorus,4213929.375,4066512.463
Rubus chamaemorus,4853323.776,4820690.293
Rubus chamaemorus,4273087.057,4296769.906
Rubus chamaemorus,4361536.139,4278996.632
Rubus chamaemorus,4112607.017,4316872.404
Rubus chamaemorus,4672216.531,4619256.757
Rubus chamaemorus,4971175.827,5116339.789
Rubus chamaemorus,4264743.524,4386052.269
Rubus chamaemorus,4386417.699,4200564.968
Rubus chamaemorus,4438289.145,4018374.775
Rubus chamaemorus,4248341.125,4083442.875
Rubus chamaemorus,5033363.479000001,3989054.632
Rubus chamaemorus,4605618.053,4456711.202
Rubus chamaemorus,5202040.911,4138529.754
Rubus chamaemorus,4497600.643,4137780.65
Rubus chamaemorus,4371143.487,4117632.013
Rubus chamaemorus,4618212.597,4468990.886
Rubus chamaemorus,4273303.046,4234533.451
Rubus chamaemorus,4451333.434,4703209.759
Rubus chamaemorus,4467672.153,4274484.192
Rubus chamaemorus,5008119.183,4649619.874
Rubus chamaemorus,4140425.988,4229205.653
Rubus chamaemorus,4561211.085,4214152.599
Rubus chamaemorus,4205628.262,4160257.47
Rubus chamaemorus,4233490.972,4182937.129
Rubus chamaemorus,4972260.312,4143427.963
Rubus chamaemorus,4155476.982,4413999.015
Rubus chamaemorus,4897410.68,5048157.229000001
Rubus chamaemorus,4833767.685,5135205.873
Rubus chamaemorus,4354669.935,4481326.291
Rubus chamaemorus,4683088.76,5043939.71
Rubus chamaemorus,5188242.293,4692732.382
Rubus chamaemorus,5017587.818000001,4679816.049
Rubus chamaemorus,5167722.954,4552644.055
Rubus chamaemorus,4984951.805,5063371.817
Rubus chamaemorus,5025948.477,4675751.866
Rubus chamaemorus,4344165.305,4464243.326
Rubus chamaemorus,4549952.793,5093975.995
Rubus chamaemorus,4780227.183,5126555.9
Rubus chamaemorus,4410917.252,4297494.494
Rubus chamaemorus,4657454.004,5195885.760000001
Rubus chamaemorus,4305234.336,4070745.352
Rubus chamaemorus,5127375.58,4214676.495
Rubus chamaemorus,5053080.318,4739925.699
Rubus chamaemorus,4716356.683,4121270.893
Rubus chamaemorus,4225069.273,4230948.989
Rubus chamaemorus,4743656.008,4802730.101
Rubus chamaemorus,5207465.433,4011831.855
Rubus chamaemorus,5107298.502,4619999.096
Rubus chamaemorus,4283642.317,4334911.732
Rubus chamaemorus,4507173.919,4154093.167
Rubus chamaemorus,4238615.147,4023705.202
Rubus chamaemorus,4184793.91,4132714.472
Rubus chamaemorus,4649255.769,4735262.872000001
Rubus chamaemorus,4597770.482,4263089.882
Rubus chamaemorus,5011885.33,5289183.885
Rubus chamaemorus,5327590.575000001,4530278.461
Rubus chamaemorus,5111217.012,4410722.536
Rubus chamaemorus,5124014.226999999,4263350.868
Rubus chamaemorus,4238039.686,4175431.434
Rubus chamaemorus,4454340.893,4064198.471
Rubus chamaemorus,5152648.071,4957620.739999999
Rubus chamaemorus,5283242.152,4269705.171
Rubus chamaemorus,4499813.591,5021987.558
Rubus chamaemorus,4838213.866,4954675.61
Rubus chamaemorus,4932709.779,4540897.549
Rubus chamaemorus,4921780.026999999,5002032.929999999
Rubus chamaemorus,4219434.006,4056484.362
Rubus chamaemorus,4963101.165999999,5083718.382000001
Rubus chamaemorus,4171863.611,3968397.459
Rubus chamaemorus,4830601.285999999,4725286.572
Rubus chamaemorus,4983004.672,5062876.265
Rubus chamaemorus,5368460.145,4611932.248
Rubus chamaemorus,4149524.358,4018598.186
Rubus chamaemorus,5090291.836,4329197.69
Rubus chamaemorus,5095646.19,4328472.221
Rubus chamaemorus,4833799.865,4839813.552
Rubus chamaemorus,4942334.711,4562909.391
Rubus chamaemorus,5187965.139,4809017.315
Rubus chamaemorus,4163804.794,4144267.943
Rubus chamaemorus,4926828.736,5101408.48
Rubus chamaemorus,4449441.064,4109506.675
Rubus chamaemorus,4985018.289,5385475.19
Rubus chamaemorus,4898955.511,4410636.532
Rubus chamaemorus,4461325.819,4247397.184
Rubus chamaemorus,4213510.681,4482355.31
Rubus chamaemorus,4964220.958,5129964.37
Rubus chamaemorus,4127456.977,3903288.585
Rubus chamaemorus,5121392.271,4019231.636000001
Rubus chamaemorus,4500416.705,3822579.666
Rubus chamaemorus,4993114.383,4213870.641
Rubus chamaemorus,4264955.959,4041806.462
Rubus chamaemorus,5177691.018,4071546.179
Rubus chamaemorus,4892482.144,4949886.806
Rubus chamaemorus,4731010.155,4771966.113
Rubus chamaemorus,4786046.913,4076262.819
Rubus chamaemorus,5044171.611,4849151.608
Rubus chamaemorus,4339921.829,4019080.622
Rubus chamaemorus,4822581.675,4598848.433
Rubus chamaemorus,4679440.652,4754100.297
Rubus chamaemorus,4990216.271,5173993.4
Rubus chamaemorus,4815047.052,4988278.319999999
Rubus chamaemorus,4096878.25,4368637.605
Rubus chamaemorus,4188140.717,4185894.884
Rubus chamaemorus,4495401.49,4629079.769
Rubus chamaemorus,4967930.755,4839071.94
Rubus chamaemorus,4265114.02,4386998.701
Rubus chamaemorus,4680340.303,4019419.124
Rubus chamaemorus,4696390.667,4576373.117
Rubus chamaemorus,4671313.789,5195495.694
Rubus chamaemorus,4803567.1450000005,4882123.083
Rubus chamaemorus,4987348.407,4896993.448999999
Rubus chamaemorus,4617311.054,4717568.106
Rubus chamaemorus,4363196.03,4598757.309
Rubus chamaemorus,4405739.655,4393259.29
Rubus chamaemorus,5142534.731,4261760.071
Rubus chamaemorus,4520138.677,4234427.382
Rubus chamaemorus,4666971.186,4722162.379
Rubus chamaemorus,5168357.091,4299121.186
Rubus chamaemorus,4595149.108,4527939.364
Rubus chamaemorus,5051094.276,4981915.567
Rubus chamaemorus,4253751.624,4417104.353
Rubus chamaemorus,4767801.364,5159205.073999999
Rubus chamaemorus,4398326.951,4664538.953
Rubus chamaemorus,5295616.908,4584213.257
Rubus chamaemorus,5112289.001,4339842.269
Rubus chamaemorus,4430506.782,4576158.338
Rubus chamaemorus,4714754.787,4185320.092
Rubus chamaemorus,5069330.9629999995,4187042.577
Rubus chamaemorus,5233432.361,4029034.798
Rubus chamaemorus,4950691.81,4231316.333
Rubus chamaemorus,5307896.335,4530599.556
Rubus chamaemorus,5038057.184,4999785.889
Rubus chamaemorus,4435340.782,4722111.656
Rubus chamaemorus,4862816.085,4891623.5
Rubus chamaemorus,4984041.384,5029242.176
Rubus chamaemorus,4180497.526,4438274.238
Rubus chamaemorus,5265657.852,4139772.978
Rubus chamaemorus,4877263.163,4172633.353
Rubus chamaemorus,5042610.149,5062012.526
Rubus chamaemorus,4796986.762,5141195.582
Rubus chamaemorus,4340615.832,4335132.251
Rubus chamaemorus,4978817.444999999,5211669.913
Rubus chamaemorus,4463983.406,4466087.531
Rubus chamaemorus,5061629.909,4247286.268
Rubus chamaemorus,5245518.122,4348743.597
Rubus chamaemorus,4420864.652,4338120.414
Rubus chamaemorus,4155198.442,4019277.168
Rubus chamaemorus,4312531.371,4410521.554
Rubus chamaemorus,4869345.007,5031682.7020000005
Rubus chamaemorus,4393318.179,4090759.697
Rubus chamaemorus,4846720.883,4696644.984
Rubus chamaemorus,4152654.933,3921202.707
Rubus chamaemorus,4330527.826,4085336.396
Rubus chamaemorus,4466576.202,4285402.92
Rubus chamaemorus,4512684.971,5020355.149
Rubus chamaemorus,5155957.624,4487863.304
Rubus chamaemorus,5047022.397,4865302.189
Rubus chamaemorus,5028281.97,5042523.63
Rubus chamaemorus,4663682.023,4471440.638
Rubus chamaemorus,5035635.577,5135778.786
Rubus chamaemorus,4797222.617,4941688.908
Rubus chamaemorus,4880638.292,4842734.144000001
Rubus chamaemorus,4292923.296,4137550.101
Rubus chamaemorus,4764966.404,4714748.471
Rubus chamaemorus,4095832.728,4152080.711
Rubus chamaemorus,4526767.084,5105823.811
Rubus chamaemorus,4492853.953,4422869.606
Rubus chamaemorus,4515697.32,4181818.329
Rubus chamaemorus,4978871.162,5251992.334
Rubus chamaemorus,5202637.146,4013978.671
Rubus chamaemorus,4438922.387,4165105.838
Rubus chamaemorus,5254942.585,4029550.869
Rubus chamaemorus,5079803.756,4238933.52
Rubus chamaemorus,4171587.432,4054623.277
Rubus chamaemorus,4673724.566,5209105.823
Rubus chamaemorus,5010191.52,5221918.767
Rubus chamaemorus,4470025.661,4320119.753
Rubus chamaemorus,4416748.727,4328977.242
Rubus chamaemorus,4630875.191,3944389.413
Rubus chamaemorus,4532063.396,4211689.88
Rubus chamaemorus,4241137.34,4380426.862
Rubus chamaemorus,4895435.54,4978587.671
Rubus chamaemorus,4960248.328,4569521.665
Rubus chamaemorus,4410802.408,4327685.22
Rubus chamaemorus,4304145.004,4449039.562
Rubus chamaemorus,4161968.044,4012453.562999999
Rubus chamaemorus,5170360.728,3979654.19
Rubus chamaemorus,4786960.045,5158067.048
Rubus chamaemorus,4998246.605,4855692.739
Rubus chamaemorus,4734272.475,4593787.985
Rubus chamaemorus,4124441.616,4053187.369
Rubus chamaemorus,4800521.258,4923860.583
Rubus chamaemorus,5226209.727,4141910.218
Rubus chamaemorus,4448452.286,4577900.237
Rubus chamaemorus,4642411.07,4564950.779
Rubus chamaemorus,4609633.491,5153803.534
Rubus chamaemorus,4988316.237,4478273.411
Rubus chamaemorus,4762758.906000001,5123250.474
Rubus chamaemorus,5046018.79,4551037.378
Rubus chamaemorus,4429936.362,4313620.404
Rubus chamaemorus,4634425.262,4660015.759
Rubus chamaemorus,4330391.191,4076357.06
Rubus chamaemorus,4874275.272,4888713.763
Rubus chamaemorus,4295429.375,4396095.708
Rubus chamaemorus,4598585.049,5030167.983
Rubus chamaemorus,4508643.243,5021072.87
Rubus chamaemorus,4583539.415,3795881.475
Rubus chamaemorus,4373005.836,4363003.304
Rubus chamaemorus,4257322.838,4245042.3
Rubus chamaemorus,5242817.206,4424838.635
Rubus chamaemorus,4671328.871,4693521.185
Rubus chamaemorus,5121702.977000001,4276184.082
Rubus chamaemorus,5025480.861,5078792.437
Rubus chamaemorus,4544917.024,4192833.823
Rubus chamaemorus,4904895.143999999,5387196.203
Rubus chamaemorus,5163746.084,4306856.279
Rubus chamaemorus,4229706.767,4422410.287
Rubus chamaemorus,4157151.032,4392782.204
Rubus chamaemorus,5154273.854,4486413.078
Rubus chamaemorus,4784919.418,5143171.954
Rubus chamaemorus,4802049.74,4517319.98
Rubus chamaemorus,4327534.94,4086379.663
Rubus chamaemorus,4538441.839,4602174.369
Rubus chamaemorus,4120929.334,4257923.718
Rubus chamaemorus,4341256.187,4275952.498
Rubus chamaemorus,4888255.405,5003965.106
Rubus chamaemorus,5000646.958,5304550.434
Rubus chamaemorus,4694826.481,4019027.634
Rubus chamaemorus,4365532.595,4465490.702
Rubus chamaemorus,5067574.178000001,4222478.406
Rubus chamaemorus,5281902.925,4652023.656
Rubus chamaemorus,5019080.279,4678134.255
Rubus chamaemorus,5287168.616,4690409.899
Rubus chamaemorus,5116098.359,4618080.989
Rubus chamaemorus,5215964.519999999,4718666.449
Rubus chamaemorus,4791487.724,5108978.572
Rubus chamaemorus,5243348.008,4111510.739
Rubus chamaemorus,5007122.542,4729704.029000001
Rubus chamaemorus,5161427.037,4478914.655
Rubus chamaemorus,4174786.730999999,4275091.441
Rubus chamaemorus,5282771.142,4691388.047
Rubus chamaemorus,5059126.511,4252678.386
Rubus chamaemorus,5108709.839,4881966.935
Rubus chamaemorus,4613837.866,4199013.512
Rubus chamaemorus,4588501.642,4020823.544
Rubus chamaemorus,5087382.287,4233604.627
Rubus chamaemorus,4411614.925,4229099.659
Rubus chamaemorus,4675897.617,4953579.896
Rubus chamaemorus,5136980.605,4212692.149
Rubus chamaemorus,5143076.01,4963890.128
Rubus chamaemorus,5104449.376000001,4599710.135
Rubus chamaemorus,5153395.853,4497534.969
Rubus chamaemorus,4781471.893,5125855.503
Rubus chamaemorus,4386803.166,4324698.432
Rubus chamaemorus,5235347.969,4402139.992
Rubus chamaemorus,4331545.721,4086318.802
Rubus chamaemorus,4398716.097,4474744.254
Rubus chamaemorus,4329449.211,4080363.129
Rubus chamaemorus,4141178.297,4283143.206
Rubus chamaemorus,4564429.273,4635241.681
Rubus chamaemorus,4873479.533,5051043.214
Rubus chamaemorus,5197358.757,4401144.483
Rubus chamaemorus,4717602.428,5123551.42
Rubus chamaemorus,4902084.989,4850050.126
Rubus chamaemorus,4574594.331,5008031.513
Rubus chamaemorus,4677199.86,4782435.982
Rubus chamaemorus,4462923.797,4530102.063
Rubus chamaemorus,4551095.13,4217952.027
Rubus chamaemorus,4784338.026,4706903.469
Rubus chamaemorus,5104026.047,4339843.751
Rubus chamaemorus,4761332.506,5133873.18
Rubus chamaemorus,5103289.861,4295318.402
Rubus chamaemorus,4512865.354,4319363.468
Rubus chamaemorus,5141852.176,4637911.033
Rubus chamaemorus,4485661.308,4168459.694
Rubus chamaemorus,4384398.666,4452123.303
Rubus chamaemorus,4135919.935,3977831.734
Rubus chamaemorus,5149342.128,5045181.574
Rubus chamaemorus,4607422.35,4446637.167
Rubus chamaemorus,4425980.904,4322391.195
Rubus chamaemorus,5163892.048,4308328.972
Rubus chamaemorus,4653086.068,5188431.132
Rubus chamaemorus,4580129.618,4246710.966
Rubus chamaemorus,4788516.122,5101019.175
Rubus chamaemorus,5118490.800000001,4256819.97
Rubus chamaemorus,5123841.268,4213892.706
Rubus chamaemorus,4356844.297,4325906.969
Rubus chamaemorus,4983821.281,5264218.084
Rubus chamaemorus,5003873.446,4582459.261
Rubus chamaemorus,4773959.82,5166973.042
Rubus chamaemorus,4404115.884,4497942.404
Rubus chamaemorus,4542405.928,4483671.425
Rubus chamaemorus,4980457.057,5118251.411
Rubus chamaemorus,5044412.781999999,4494994.149
Rubus chamaemorus,4474256.526,4461822.091
Rubus chamaemorus,4834883.18,4690769.96
Rubus chamaemorus,4796715.468,5142150.751
Rubus chamaemorus,4783223.438,5160166.968
Rubus chamaemorus,4717348.934,5137575.9
Rubus chamaemorus,5173043.12,4383835.862
Rubus chamaemorus,5049078.902,4770533.593
Rubus chamaemorus,5183528.003,4908536.807
Rubus chamaemorus,5147777.038,4499227.855
Rubus chamaemorus,4126078.538,4023137.28
Rubus chamaemorus,5189463.49,4634716.04
Rubus chamaemorus,5114064.745,4333066.417
Rubus chamaemorus,4855949.604,5386833.128999999
Rubus chamaemorus,4356865.279,4167235.891
Rubus chamaemorus,5129748.598,4085615.367
Rubus chamaemorus,4505529.785,5068860.174
Rubus chamaemorus,4448439.153,4977813.494
Rubus chamaemorus,4505896.597,4361439.766
Rubus chamaemorus,5072303.114,4236031.415
Rubus chamaemorus,4480745.231,3809163.977
Rubus chamaemorus,4417833.984,4293688.804
Rubus chamaemorus,4887804.438,5401949.238999999
Rubus chamaemorus,4999168.524,4270175.493
Rubus chamaemorus,4291563.011,4368372.866
Rubus chamaemorus,4804660.622,5001392.496
Rubus chamaemorus,4794125.549,4971680.891
Rubus chamaemorus,4612941.772,5140018.933
Rubus chamaemorus,4796381.483,4603929.918
Rubus chamaemorus,4258293.261,3943730.012
Rubus chamaemorus,4228701.765,4422423.676
Rubus chamaemorus,4627288.087,4598672.653
Rubus chamaemorus,4508736.813,5017326.066
Rubus chamaemorus,5107949.338,4336697.774
Rubus chamaemorus,5092731.565,4232874.952
Rubus chamaemorus,5104902.758,4601884.4
Rubus chamaemorus,4631625.812,4484854.866
Rubus chamaemorus,5101814.551,4297013.173
Rubus chamaemorus,4146335.592,4041097.037
Rubus chamaemorus,5112677.887,4326533.363
Rubus chamaemorus,4778879.395,4999556.688
Rubus chamaemorus,5172614.743,4460043.943
Rubus chamaemorus,4268034.405,4411145.934
Rubus chamaemorus,5096556.169,4326379.228
Rubus chamaemorus,5100719.539000001,4285396.581
Rubus chamaemorus,5181881.766,4397375.155
Rubus chamaemorus,4576973.18,4997273.592
Rubus chamaemorus,4885659.007,5067721.267
Rubus chamaemorus,4948264.002,5236698.12
Rubus chamaemorus,5154954.11,4301861.059
Rubus chamaemorus,5022801.199,4556517.932
Rubus chamaemorus,4493940.834,3893172.442
Rubus chamaemorus,4223184.996,4158550.228
Rubus chamaemorus,5126886.138,4216030.984
Rubus chamaemorus,4666339.318,4288471.849
Rubus chamaemorus,5233836.276,3975630.532
Rubus chamaemorus,4449625.527,4565022.358
Rubus chamaemorus,4817640.105,4053340.16
Rubus chamaemorus,4543128.048,3850705.559
Rubus chamaemorus,4340241.407,4356060.291
Rubus chamaemorus,4597184.618,4262800.807
Rubus chamaemorus,4812115.003,4868661.303
Rubus chamaemorus,4862192.508,5049804.137
Rubus chamaemorus,5219614.891,4128935.104
Rubus chamaemorus,4993024.392999999,4850063.843
Rubus chamaemorus,4574083.39,4189566.6549999993
Rubus chamaemorus,4507763.635,4548292.949
Rubus chamaemorus,4250793.86,4086996.806
Rubus chamaemorus,5087304.528,4241834.829
Rubus chamaemorus,4454390.423,4299266.213
Rubus chamaemorus,4248818.077,4086204.697
Rubus chamaemorus,4528951.053,4445600.323
Rubus chamaemorus,5026209.122,4674788.022
Rubus chamaemorus,4091549.192,4368781.717
Rubus chamaemorus,4552539.864,4628190.947
Rubus chamaemorus,5089541.088,4020460.637
Rubus chamaemorus,4618251.072,4643435.791
Rubus chamaemorus,4158149.051,4064700.366
Rubus chamaemorus,5047530.071,4882402.486
Rubus chamaemorus,4872978.849,4768529.189
Rubus chamaemorus,5020500.563,4680552.634
Rubus chamaemorus,4209618.144,4026212.733
Rubus chamaemorus,5154893.822,4215687.168
Rubus chamaemorus,4978465.642000001,4951778.22
Rubus chamaemorus,5099286.667,4282976.953
Rubus chamaemorus,5065816.876,4624010.365
Rubus chamaemorus,4610905.614,4702279.811
Rubus chamaemorus,4190040.541,4140770.698
Rubus chamaemorus,4324876.246,4083026.918
Rubus chamaemorus,4533661.251,4327389.657
Rubus chamaemorus,5079299.554,4240870.139
Rubus chamaemorus,5112085.85,4609864.748
Rubus chamaemorus,4955640.806,5271391.847
Rubus chamaemorus,5313222.253,3990383.440999999
Rubus chamaemorus,4562398.26,4904632.345
Rubus chamaemorus,4406419.037,4532157.115
Rubus chamaemorus,4064367.778,4151975.672
Rubus chamaemorus,4208722.5,4324879.213
Rubus chamaemorus,5376246.686,4564869.882
Rubus chamaemorus,5310497.543,4001219.53
Rubus chamaemorus,4726870.559,4831136.333999999
Rubus chamaemorus,4851460.485,4960758.251000001
Rubus chamaemorus,5146129.194,5077740.481
Rubus chamaemorus,4135527.483,4303603.958
Rubus chamaemorus,4359515.77,4152996.165
Rubus chamaemorus,4310010.174,4307686.857
Rubus chamaemorus,4186095.841,4020783.1080000005
Rubus chamaemorus,4578860.568,4576522.535
Rubus chamaemorus,4309737.853,4320655.816
Rubus chamaemorus,4172154.032,4023805.4630000005
Rubus chamaemorus,4499265.135,4304394.42
Rubus chamaemorus,4419294.605,4165866.283
Rubus chamaemorus,4512560.83,4321400.097
Rubus chamaemorus,4491249.539,3921815.482
Rubus chamaemorus,5136773.898,4571727.259
Rubus chamaemorus,5113076.335,4083315.171
Rubus chamaemorus,4428815.887,4558159.664
Rubus chamaemorus,4168746.853,4149528.238
Rubus chamaemorus,5087496.445,4624306.385
Rubus chamaemorus,4835191.061,4929037.943
Rubus chamaemorus,5180127.265,4320803.058
Rubus chamaemorus,4553501.486,4869102.58
Rubus chamaemorus,5007289.906,4963803.244
Rubus chamaemorus,5060192.53,5318471.118999999
Rubus chamaemorus,5271648.109,4290591.521
Rubus chamaemorus,4650305.492,5230229.832
Rubus chamaemorus,4551122.222,4218694.928
Rubus chamaemorus,5096196.012000001,5260331.496
Rubus chamaemorus,4736790.124,4891132.333
Rubus chamaemorus,4322254.111,4082068.496
Rubus chamaemorus,4430749.608,4254145.743
Rubus chamaemorus,4360051.954,4650276.688
Rubus chamaemorus,4635405.423,3899884.675
Rubus chamaemorus,5105987.246,4292896.999
Rubus chamaemorus,4962674.176,5083369.167
Rubus chamaemorus,4648898.194,4809485.904
Rubus chamaemorus,4920594.54,5091370.89
Rubus chamaemorus,4524855.923,3880417.231
Rubus chamaemorus,4769704.389,5152524.043
Rubus chamaemorus,4228315.253,4148925.59
Rubus chamaemorus,4255009.023,4124081.097
Rubus chamaemorus,4909249.681,4910061.173
Rubus chamaemorus,4250686.009,4079443.57
Rubus chamaemorus,4774957.68,5148771.556999999
Rubus chamaemorus,4943917.8270000005,4557351.795
Rubus chamaemorus,4383156.636,4465423.362
Rubus chamaemorus,4551817.94,4533079.175
Rubus chamaemorus,4233872.118,4183206.366
Rubus chamaemorus,4597686.288,4032638.938
Rubus chamaemorus,5266279.045999999,4690570.03
Rubus chamaemorus,4783846.688,4865159.894
Rubus chamaemorus,4612706.202,4513131.028
Rubus chamaemorus,4129665.933,4239851.176
Rubus chamaemorus,4778467.695,5154819.501
Rubus chamaemorus,4270557.589,4140969.567
Rubus chamaemorus,4513939.734,3789558.572
Rubus chamaemorus,5121171.353000001,4067871.158
Rubus chamaemorus,5118797.2360000005,4216928.86
Rubus chamaemorus,4527501.246,5094874.302
Rubus chamaemorus,5066559.117,5174364.399
Rubus chamaemorus,4585040.291,4176824.209
Rubus chamaemorus,4073249.979,4277578.625
Rubus chamaemorus,4368471.28,4005985.116
Rubus chamaemorus,5091885.139,4338875.379
Rubus chamaemorus,5073910.02,4245712.317
Rubus chamaemorus,5236698.437,4098500.0460000006
Rubus chamaemorus,4150755.216,3957210.33
Rubus chamaemorus,4333094.106,3749611.543
Rubus chamaemorus,5163516.592,4649803.992
Rubus chamaemorus,4864874.686,5109655.302
Rubus chamaemorus,5088154.704,4254421.18
Rubus chamaemorus,4365560.1,4535231.493
Rubus chamaemorus,5005359.758,4823897.399
Rubus chamaemorus,4539846.999,5086221.795
Rubus chamaemorus,4518817.91,3735753.304
Rubus chamaemorus,4752837.601,5141943.97
Rubus chamaemorus,5057723.475,4736038.742
Rubus chamaemorus,5081237.742,4241353.505
Rubus chamaemorus,4336088.064,4481891.964
Rubus chamaemorus,5086665.13,4232394.594
Rubus chamaemorus,4809773.034,4744785.197
Rubus chamaemorus,4534040.529,4589367.607
Rubus chamaemorus,4558262.1,4232532.807
Rubus chamaemorus,5141033.826,4043432.49
Rubus chamaemorus,5036477.392,5069249.141
Rubus chamaemorus,4443771.792,4304226.322
Rubus chamaemorus,5325520.946,4566148.817
Rubus chamaemorus,4791867.976,5103947.222
Rubus chamaemorus,5123409.425,4217043.587
Rubus chamaemorus,5125461.746,4216695.174
Rubus chamaemorus,5123762.023,4264319.553
Rubus chamaemorus,4993329.023,4909296.072999999
Rubus chamaemorus,4519948.242,4224343.5
Rubus chamaemorus,4987141.29,4924173.722
Rubus chamaemorus,5041456.785999999,4695112.573
Rubus chamaemorus,5270012.716,4130452.994
Rubus chamaemorus,5196260.186,4345157.982
Rubus chamaemorus,4643591.555,4719155.986
Rubus chamaemorus,5043067.867,4335938.496
Rubus chamaemorus,4861007.381,5187794.505
Rubus chamaemorus,4367258.186,4086615.574
Rubus chamaemorus,4619402.96,5113208.613
Rubus chamaemorus,4328199.559,4451426.372
Rubus chamaemorus,5203894.89,4674239.084
Rubus chamaemorus,4834736.787,4562939.31
Rubus chamaemorus,5102223.389,4327020.03
Rubus chamaemorus,4607394.825,4448943.175
Rubus chamaemorus,4686347.711,4550050.669
Rubus chamaemorus,4472917.996,4451412.268
Rubus chamaemorus,4793366.243,5001469.106999999
Rubus chamaemorus,4405485.98,4129330.651
Rubus chamaemorus,5131393.186,4199169.818
Rubus chamaemorus,4829357.353,5275774.612
Rubus chamaemorus,4878219.5,4643150.626
Rubus chamaemorus,5070262.75,4253663.19
Rubus chamaemorus,4469583.513,4326410.204
Rubus chamaemorus,5004972.283,4138129.186
Rubus chamaemorus,4726961.37,4907381.6559999995
Rubus chamaemorus,5206684.33,4839850.5370000005
Rubus chamaemorus,5096869.229,4327746.343
Rubus chamaemorus,4657955.944,4888420.096
Rubus chamaemorus,4301726.636,4121752.284
Rubus chamaemorus,4243348.442,4079215.279
Rubus chamaemorus,5059439.033,5184885.851
Rubus chamaemorus,5037922.485,5049070.599
Rubus chamaemorus,4277880.613,4333815.964
Rubus chamaemorus,4357946.476,4347219.348
Rubus chamaemorus,4679227.572,4498867.014
Rubus chamaemorus,4527327.24,4371056.782
Rubus chamaemorus,4214224.18,4055824.148
Rubus chamaemorus,4078381.604,4241828.107
Rubus chamaemorus,4774752.584,5138459.686
Rubus chamaemorus,4144285.964,4421959.204
Rubus chamaemorus,4147534.566,4019620.055
Rubus chamaemorus,5057559.689,5198756.661
Rubus chamaemorus,4800628.304,5106233.798
Rubus chamaemorus,4200725.849,3989340.769
Rubus chamaemorus,4328727.729,4173247.001
Rubus chamaemorus,5079604.621,4207948.86
Rubus chamaemorus,4799377.237,5125403.763
Rubus chamaemorus,4977387.992999999,4506652.54
Rubus chamaemorus,4805136.308,5002799
Rubus chamaemorus,4328234.502,3996740.648
Rubus chamaemorus,4866478.67,5102663.981
Rubus chamaemorus,5152535.63,4489073.077
Rubus chamaemorus,4394141.808,4276344.898
Rubus chamaemorus,5021615.261,4672597.402
Rubus chamaemorus,4302141.605,4416957.015
Rubus chamaemorus,4634215.789,5186001.419
Rubus chamaemorus,4969787.314000001,4134192.971
Rubus chamaemorus,5101271.699000001,4172036.621
Rubus chamaemorus,4179470.0540000005,4270192.778
Rubus chamaemorus,4634131.283,3899882.142
Rubus chamaemorus,4829610.108,5085041.249000001
Rubus chamaemorus,4385991.728,4129631.008
Rubus chamaemorus,4817553.415,5087038.575
Rubus chamaemorus,4484293.851,4276898.932
Rubus chamaemorus,5017826.65,4652075.332
Rubus chamaemorus,4787503.345,5156157.531
Rubus chamaemorus,4920699.897,5092940.081
Rubus chamaemorus,4735359.604,4817559.214
Rubus chamaemorus,4261957.256,4114441.478
Rubus chamaemorus,4441379.205,3878649.466
Rubus chamaemorus,4435431.82,4310231.959
Rubus chamaemorus,5124570.585,4652136.725
Rubus chamaemorus,4545243.287,4322670.435
Rubus chamaemorus,4894984.053,4884879.269000001
Rubus chamaemorus,5326058.867999999,4536089.615
Rubus chamaemorus,4750873.057,4937333.658
Rubus chamaemorus,5021093.979,4674524.923
Rubus chamaemorus,4904358.718,4870013.859
Rubus chamaemorus,4418408.599,4144274.952
Rubus chamaemorus,5019305.329,5188827.435
Rubus chamaemorus,4532420.129,3810685.522
Rubus chamaemorus,4819079.983,4728866.745
Rubus chamaemorus,5021963.813,4694307.234
Rubus chamaemorus,5273841.924,4107280.801
Rubus chamaemorus,4598771.454,5029863.365000001
Rubus chamaemorus,5177758.391,4680933.53
Rubus chamaemorus,4935049.118,5249742.928
Rubus chamaemorus,4265468.618,4106881.512
Rubus chamaemorus,4675498.744,4737174.817
Rubus chamaemorus,4390258.133,4121314.896
Rubus chamaemorus,4599775.664,4038146.785
Rubus chamaemorus,4540090.529,4233103.542
Rubus chamaemorus,4331606.543,4090309.526
Rubus chamaemorus,4401499.906,4574967.439
Rubus chamaemorus,4834531.351,4774223.824
Rubus chamaemorus,4842826.89,4740011.005
Rubus chamaemorus,4179686.8829999994,4146213.52
Rubus chamaemorus,4463643.624,4551751.841
Rubus chamaemorus,4524982.599,4501523.645
Rubus chamaemorus,4947346.228,5007552.997
Rubus chamaemorus,4451673.277,4042066.151
Rubus chamaemorus,5205242.089,4148556.007
Rubus chamaemorus,5165830.646,4308810.135
Rubus chamaemorus,4089311.841,4082934.725
Rubus chamaemorus,4976412.14,4501529.141
Rubus chamaemorus,5110622.34,4642471.854
Rubus chamaemorus,4372988.785,4139549.484
Rubus chamaemorus,5039765.888,4746422.405
Rubus chamaemorus,4411852.1,4324279.883
Rubus chamaemorus,4294394.781,4070685.906
Rubus chamaemorus,5123774.905,4268500.9
Rubus chamaemorus,5369932.806,4572580.408
Rubus chamaemorus,4635268.423,4189619.6490000007
Rubus chamaemorus,4803927.898000001,5101963.269999999
Rubus chamaemorus,4768787.788,4730101.878
Rubus chamaemorus,4482531.838,4512732.782
Rubus chamaemorus,4701954.548,4580065.004
Rubus chamaemorus,4516346.945,4642992.418
Rubus chamaemorus,4528736.782,4750932.617
Rubus chamaemorus,4463282.315,4465976.001
Rubus chamaemorus,5145278.181,4249036.093
Rubus chamaemorus,4425861.117,4296489.249
Rubus chamaemorus,4342062.339,4344076.447
Rubus chamaemorus,4247844.949,4082831.261
Rubus chamaemorus,4996266.48,4238651.697
Rubus chamaemorus,4314952.708,4393850.433
Rubus chamaemorus,4518987.409,4129411.069
Rubus chamaemorus,4460410.116,4407523.629
Rubus chamaemorus,5087556.596,4240866.448
Rubus chamaemorus,4254655.091,3948040.947
Rubus chamaemorus,4482420.795,4538848.642
Rubus chamaemorus,5089484.695,4336213.697
Rubus chamaemorus,5037753.599,4217431.738
Rubus chamaemorus,4358146.034,4228271.976
Rubus chamaemorus,4571350.903,3698920.026
Rubus chamaemorus,4967800.61,4394093.548
Rubus chamaemorus,4329373.398,4075374.472
Rubus chamaemorus,5120143.324,4215716.255
Rubus chamaemorus,4911882.992,5046754.827
Rubus chamaemorus,4803461.43,4787851.418
Rubus chamaemorus,4528789.581,4446169.954
Rubus chamaemorus,4864770.475,4902733.595
Rubus chamaemorus,5109126.38,4542006.941
Rubus chamaemorus,5026031.417,4828105.193
Rubus chamaemorus,4159575.405,4151047.825
Rubus chamaemorus,5096815.846,5274026.645
Rubus chamaemorus,4625237.557,4299254.352
Rubus chamaemorus,4533982.463,4580890.553
Rubus chamaemorus,4841801.538,5120835.741
Rubus chamaemorus,4294851.578,4395128.204
Rubus chamaemorus,4352443.081,4127044.673
Rubus chamaemorus,5154658.233000001,4303767.321
Rubus chamaemorus,5089294.858,4210362.777
Rubus chamaemorus,4868811.483,5055708.902000001
Rubus chamaemorus,4772535.54,4924850.339
Rubus chamaemorus,4165247.0430000005,3968191.221
Rubus chamaemorus,4573138.716,3848166.853
Rubus chamaemorus,4259010.621,4264644.766
Rubus chamaemorus,4515557.482,5019939.636
Rubus chamaemorus,4609899.858,4392778.03
Rubus chamaemorus,5007858.809,4650583.722
Rubus chamaemorus,4810903.825,5106859.938
Rubus chamaemorus,4511679.091,4085249.301
Rubus chamaemorus,4249113.736,4080383.147
Rubus chamaemorus,4641518.609,4241028.019
Rubus chamaemorus,4965472.004,4433866.361
Rubus chamaemorus,4696230.597,5049799.228
Rubus chamaemorus,4295626.775,4395863.756
Rubus chamaemorus,5152747.223,4394262.089
Rubus chamaemorus,5009298.825000001,4679777.841
Rubus chamaemorus,4492795.679,5029185.779
Rubus chamaemorus,4534287.253,5023081.685999999
Rubus chamaemorus,4462440.276,4529604.014
Rubus chamaemorus,4264884.482,4274957.351
Rubus chamaemorus,5116248.868,4216811.192
Rubus chamaemorus,4673214.223,4618734.665
Rubus chamaemorus,4425482.21,4062897.457
Rubus chamaemorus,4177149.694,4147348.795
Rubus chamaemorus,4372566.049,4141059.964
Rubus chamaemorus,4485261.072,3881776.428
Rubus chamaemorus,5059581.274,5260029.147
Rubus chamaemorus,4831929.952999999,4556922.965
Rubus chamaemorus,4355959.734,4437226.365
Rubus chamaemorus,4314175.461,4048962.952
Rubus chamaemorus,4086928.488,4323927.132
Rubus chamaemorus,4752565.767,5142898.335
Rubus chamaemorus,4236441.344,4403309.623
Rubus chamaemorus,5242271.727,4404607.408
Rubus chamaemorus,4491845.122,4206717.704
Rubus chamaemorus,4833595.11,4558676.73
Rubus chamaemorus,4811277.026,4678160.163
Rubus chamaemorus,4593231.838,3709370.845
Rubus chamaemorus,4663365.285,5130333.153
Rubus chamaemorus,5015500.847,4687524.752
Rubus chamaemorus,4645830.677,4510414.14
Rubus chamaemorus,5078402.982,4747689.076
Rubus chamaemorus,4786164.501,5142471.662
Rubus chamaemorus,5069221.857,4228044.895
Rubus chamaemorus,4507354.224,4258596.147
Rubus chamaemorus,4384000.442,4264273.813
Rubus chamaemorus,4994662.7129999995,4854563.511
Rubus chamaemorus,4171752.578,4030799.461
Rubus chamaemorus,5173425.904,4118642.903
Rubus chamaemorus,5218908.379,4048656.463
Rubus chamaemorus,4828181.292,5034006.618
Rubus chamaemorus,5047890.195,4042225.7420000006
Rubus chamaemorus,4171384.314,3969901.24
Rubus chamaemorus,4543643.847,3848691.968
Rubus chamaemorus,4166462.672,4012479.079
Rubus chamaemorus,4633979.84,4083806.811
Rubus chamaemorus,4748892.887,4938928.472
Rubus chamaemorus,5016993.642000001,4685843.325
Rubus chamaemorus,4216828.393,4071436.0849999995
Rubus chamaemorus,4519412.441,4236076.9
Rubus chamaemorus,4702758.422,4436874.432
Rubus chamaemorus,4673915.128,5191365.254
Rubus chamaemorus,5010414.344,4671823.504
Rubus chamaemorus,4771785.083,5130501.246
Rubus chamaemorus,4987408.928,5273708.729
Rubus chamaemorus,4386803.427,4201095.893
Rubus chamaemorus,4173322.795,4339798.116
Rubus chamaemorus,5069703.625,4578629.924
Rubus chamaemorus,4706494.93,4621041.327
Rubus chamaemorus,5013213.079,4607656.917
Rubus chamaemorus,4565277.847,4632963.413
Rubus chamaemorus,5002945.294,4983697.674
Rubus chamaemorus,4989938.316,5181428.49
Rubus chamaemorus,4626517.996,4599229.794
Rubus chamaemorus,4077594.853,4223059.448
Rubus chamaemorus,4583457.474,5040332.819
Rubus chamaemorus,4370284.269,4458224.973
Rubus chamaemorus,5128597.216,4971835.771
Rubus chamaemorus,4447027.017,4976047.894
Rubus chamaemorus,4765633.292,4758855.94
Rubus chamaemorus,4558665.082,3960781.376
Rubus chamaemorus,4633910.115,5184692.268
Rubus chamaemorus,4607233.512,4102665.621
Rubus chamaemorus,4987323.299,5024940.321
Rubus chamaemorus,4511159.185,4310133.349
Rubus chamaemorus,4999518.625,4928347.412
Rubus chamaemorus,5065085.853,4254132.192
Rubus chamaemorus,5251276.934,4078962.61
Rubus chamaemorus,4911803.414,4919577.288
Rubus chamaemorus,5170043.065,4300570.949
Rubus chamaemorus,4163028.58,4011176.26
Rubus chamaemorus,5126534.322,4300472.71
Rubus chamaemorus,5104549.595,4502721.418
Rubus chamaemorus,4341679.449,4093149.135
Rubus chamaemorus,4974036.642,4456120.142
Rubus chamaemorus,4417253.231,4304310.268
Rubus chamaemorus,4752979.102,4759731.852
Rubus chamaemorus,4328062.701,4285710.862
Rubus chamaemorus,4606539.719,4612139.219
Rubus chamaemorus,4914259.382,4857408.08
Rubus chamaemorus,5335117.065,4625139.461
Rubus chamaemorus,4250952.928,3971933.618
Rubus chamaemorus,4787468.774,4836346.482
Rubus chamaemorus,4250980.784,4042248.746
Rubus chamaemorus,4917645.092,4896150.759
Rubus chamaemorus,4550575.954,4439284.561
Rubus chamaemorus,4509815.587,4890221.938
Rubus chamaemorus,5137806.519,4443131.783
Rubus chamaemorus,4425018.944,4006572.649
Rubus chamaemorus,4334690.839,4095251.805
Rubus chamaemorus,4924872.582,5224876.315
Rubus chamaemorus,4651231.446,4111256.637
Rubus chamaemorus,5353387.259,4599477.34
Rubus chamaemorus,4526672.128,4519823.144
Rubus chamaemorus,4617325.918,4543602.905
Rubus chamaemorus,5171409.945,4492223.228
Rubus chamaemorus,4488506.219,4393883.635
Rubus chamaemorus,4774731.189000001,5156918.323999999
Rubus chamaemorus,5198052.214,4076893.369
Rubus chamaemorus,4515104.774,4331272.946
Rubus chamaemorus,5048510.722,4514572.459
Rubus chamaemorus,5124425.77,4268940.232
Rubus chamaemorus,5374685.269,4574178.436
Rubus chamaemorus,4545162.132,4406902.33
Rubus chamaemorus,4456083.896,4133729.6740000006
Rubus chamaemorus,4820812.847,4740408.992
Rubus chamaemorus,4372005.155,4053851.368
Rubus chamaemorus,4575387.135,4004702.952
Rubus chamaemorus,4463842.146,4407067.168
Rubus chamaemorus,4642861.029,5184685.906
Rubus chamaemorus,4580730.49,3758645.542
Rubus chamaemorus,4297670.287,4153391.022
Rubus chamaemorus,4403590.076,4297234.843
Rubus chamaemorus,4980479.515,5291017.595
Rubus chamaemorus,5155286.864,4947996.917
Rubus chamaemorus,4094244.426,4373886.889
Rubus chamaemorus,4612500.081,4324449.786
Rubus chamaemorus,5180806.262,4085988.7050000005
Rubus chamaemorus,5289069.098000001,4342749.132
Rubus chamaemorus,4981733.586,4987317.364
Rubus chamaemorus,5060994.481,4281824.813
Rubus chamaemorus,4459705.12,4510172.895
Rubus chamaemorus,4455993.949,4489828.552
Rubus chamaemorus,5009487.074000001,4682914.167
Rubus chamaemorus,5239908.916,4424120.331
Rubus chamaemorus,4983137.697,5128975.633
Rubus chamaemorus,4131682.175,3923313.879
Rubus chamaemorus,4703735.636,4520141.375
Rubus chamaemorus,5289597.441,4122623.032
Rubus chamaemorus,4539306.551,4366683.941
Rubus chamaemorus,5083043.658,4388216.29
Rubus chamaemorus,4535631.864,5048282.006000001
Rubus chamaemorus,4430682.076,4312427.183
Rubus chamaemorus,5271494.773,4149856.784
Rubus chamaemorus,4935314.571,4284558.408
Rubus chamaemorus,4851171.46,4801104.718
Rubus chamaemorus,4860002.031,5050272.423
Rubus chamaemorus,4540061.119,5067868.776000001
Rubus chamaemorus,4804360.277,5104128.446
Rubus chamaemorus,4629320.386,4360725.095
Rubus chamaemorus,4792913.46,4693040.433
Rubus chamaemorus,4212015.866,4053518.875
Rubus chamaemorus,4504004.415,4419239.012
Rubus chamaemorus,4543809.95,3852102.473
Rubus chamaemorus,4473990.259,4377400.828
Rubus chamaemorus,4710241.509,4562177.523
Rubus chamaemorus,5299780.914,4693511.022
Rubus chamaemorus,5088438.559,4164195.931
Rubus chamaemorus,5021874.687,4900084.529
Rubus chamaemorus,4962520.76,5280322.995
Rubus chamaemorus,4666378.855,4751463.305
Rubus chamaemorus,4383619.876,4469344.816
Rubus chamaemorus,4277674.099,4417626.509
Rubus chamaemorus,4555131.847,4063175.284
Rubus chamaemorus,4794225.447,5143552.269
Rubus chamaemorus,5145520.4,4808739.443
Rubus chamaemorus,4151145.541,3956175.145
Rubus chamaemorus,5019687.527,4698879.319
Rubus chamaemorus,4780618.711,5165639.627000001
Rubus chamaemorus,5105879.404,4085653.062
Rubus chamaemorus,5102654.136,4309597.132
Rubus chamaemorus,4297859.007,4212705.9
Rubus chamaemorus,4964889.325,4309067.778
Rubus chamaemorus,5148306.684,4477709.967
Rubus chamaemorus,4757116.727,5137938.852
Rubus chamaemorus,4543193.796,4302893.521
Rubus chamaemorus,5096356.941,4516761.586
Rubus chamaemorus,4768657.823,5119422.572
Rubus chamaemorus,5116095.342,4602625.542
Rubus chamaemorus,4852172.61,5112449.049
Rubus chamaemorus,5213861.779,4870857.455
Rubus chamaemorus,4435466.166,4349644.421
Rubus chamaemorus,5185238.637,4811427.519
Rubus chamaemorus,4299047.064,4152263.378
Rubus chamaemorus,4936970.356,4204734.936
Rubus chamaemorus,5328272.837,3971054.523
Rubus chamaemorus,4992848.755,4540039.838
Rubus chamaemorus,5021221.058,4708532.72
Rubus chamaemorus,4311089.799,4269200.393
Rubus chamaemorus,4152317.183,3968143.491
Rubus chamaemorus,4566200.073,4399605.027
Rubus chamaemorus,4359006.764,4098075.883999999
Rubus chamaemorus,4390901.758,4288091.845
Rubus chamaemorus,4602047.917,5053327.695
Rubus chamaemorus,4546783.142,4322137.612
Rubus chamaemorus,4445506.79,4042917.211
Rubus chamaemorus,4485189.619,4089353.9700000007
Rubus chamaemorus,4890633.752,5130276.854
Rubus chamaemorus,5121279.0709999995,4217489.186
Rubus chamaemorus,5155243.738,4486654.632
Rubus chamaemorus,4556062.255,4169025.884
Rubus chamaemorus,4589339.461,4402468.029
Rubus chamaemorus,4302193.367,4364613.48
Rubus chamaemorus,4462525.913,4407592.497
Rubus chamaemorus,5321997.747,4387368.554
Rubus chamaemorus,4759355.981,4774838.024
Rubus chamaemorus,4606852.898,4346916.832
Rubus chamaemorus,4448585.246,4604933.589
Rubus chamaemorus,4782536.265,4896085.78
Rubus chamaemorus,4853514.117,4652811.843
Rubus chamaemorus,4166000.415,4026888.166
Rubus chamaemorus,4169087.02,4150251.147
Rubus chamaemorus,4405187.946,4334073.317
Rubus chamaemorus,4305272.842,4228147.659
Rubus chamaemorus,4115063.227,4367116.127
Rubus chamaemorus,5050604.616,4452238.28
Rubus chamaemorus,5086414.042,4716230.449
Rubus chamaemorus,5134884.966,4213568.265
Rubus chamaemorus,4311469.789,4308444.583
Rubus chamaemorus,4109669.258,4256822.709
Rubus chamaemorus,5141225.505,4047895.967
Rubus chamaemorus,4602172.215,4776180.075
Rubus chamaemorus,4674861.713,4632859.425
Rubus chamaemorus,5061371.223,4713517.802
Rubus chamaemorus,4754400.163,4560029.79
Rubus chamaemorus,4621303.078,4339327.589
Rubus chamaemorus,5169181.991,4402472.79
Rubus chamaemorus,4766397.15,4909061.828
Rubus chamaemorus,4755683.708,4863162.214
Rubus chamaemorus,4999502.563,4973573.647
Rubus chamaemorus,4079955.395,4128635.14
Rubus chamaemorus,4777153.337,5166783.774
Rubus chamaemorus,4630496.798,4348427.446
Rubus chamaemorus,5242413.535,4724644.751
Rubus chamaemorus,5020905.004,4671388.131
Rubus chamaemorus,4830798.433,4650649.012
Rubus chamaemorus,4572614.011,4119261.982
Rubus chamaemorus,4650259.843,4467021.646
Rubus chamaemorus,4819644.817,5077819.561
Rubus chamaemorus,4411360.918,4557663.431
Rubus chamaemorus,5108174.441,4476972.661
Rubus chamaemorus,4869748.113,5360747.198
Rubus chamaemorus,4827383.654,4715600.503
Rubus chamaemorus,4725803.597,5039661.915
Rubus chamaemorus,4585176.127,4444951.359
Rubus chamaemorus,4451970.436,4459811.741
Rubus chamaemorus,4294931.115,4349777.404
Rubus chamaemorus,5066906.43,5139557.381
Rubus chamaemorus,4677747.894,4499452.097
Rubus chamaemorus,4436265.687,4497762.778
Rubus chamaemorus,5272129.467,4411437.707
Rubus chamaemorus,4321595.958,4065112.511
Rubus chamaemorus,4780196.961,4835777.747
Rubus chamaemorus,5311936.809,4043405.917
Rubus chamaemorus,5105033.401,4609129.133
Rubus chamaemorus,5097306.103,4286608.093
Rubus chamaemorus,4759135.531,4922772.791
Rubus chamaemorus,5049768.044,5190349.921
Rubus chamaemorus,4181418.042000001,4040657.894
Rubus chamaemorus,4381762.71,4155367.894
Rubus chamaemorus,5137599.244,4885270.374
Rubus chamaemorus,4570127.338,4249039.465
Rubus chamaemorus,4310941.044,4345553
Rubus chamaemorus,4349650.085,4097118.665
Rubus chamaemorus,4343841.488,4477180.85
Rubus chamaemorus,4507020.185,4649291.643
Rubus chamaemorus,4420288.353,4665805.589
Rubus chamaemorus,4546044.62,4183669.758
Rubus chamaemorus,4149009.587,4017605.409
Rubus chamaemorus,4670615.869,5020000.441
Rubus chamaemorus,4326426.038,4079410.907
Rubus chamaemorus,5035398.561,4528787.793
Rubus chamaemorus,5377519.917,4569165.957
Rubus chamaemorus,5148033.353,4498260.853
Rubus chamaemorus,5162087.22,4484234.038
Rubus chamaemorus,4200254.788,4104693.813
Rubus chamaemorus,4784355.816,5163540.337
Rubus chamaemorus,5151309.526,4489798.718
Rubus chamaemorus,5081013.933,4333066.254
Rubus chamaemorus,4948335.59,4379571.648
Rubus chamaemorus,4065836.679,4150125.542
Rubus chamaemorus,4751444.085999999,4471678.254
Rubus chamaemorus,4431040.143,4545778.766
Rubus chamaemorus,4957494.786,4307717.784
Rubus chamaemorus,5401738.412999999,4583669.224
Rubus chamaemorus,4775997.623,5137759.822
Rubus chamaemorus,4142257.517,3969060.741
Rubus chamaemorus,5128772.616,4663488.527
Rubus chamaemorus,4454760.973,4043448.125
Rubus chamaemorus,4826158.436,5019768.636
Rubus chamaemorus,4715840.254,4121011.222
Rubus chamaemorus,4313996.893,4048892.791
Rubus chamaemorus,4887091.615000001,4446397.092
Rubus chamaemorus,4788620.591,4986108.333
Rubus chamaemorus,4434796.583,4358982.147
Rubus chamaemorus,4510876.128,4219662.56
Rubus chamaemorus,5101225.157,4283460.141
Rubus chamaemorus,4986691.433,5294675.007
Rubus chamaemorus,5147919.59,4302299.757
Rubus chamaemorus,4153135.209,3955151.616
Rubus chamaemorus,4216322.029,4154719.842
Rubus chamaemorus,4426999.518,4286206.25
Rubus chamaemorus,4982195.899,5269956.009
Rubus chamaemorus,4732867.267,4578003.795
Rubus chamaemorus,5113235.701,4296765.555
Rubus chamaemorus,5097007.52,4592693.926
Rubus chamaemorus,4756890.7979999995,4847757.671
Rubus chamaemorus,5057318.568,4528121.693
Rubus chamaemorus,4693070.191,4213649.347
Rubus chamaemorus,5171471.077,4083980.584
Rubus chamaemorus,4102148.475,3973213.818
Rubus chamaemorus,4850225.205,5111944.526
Rubus chamaemorus,4386334.261,4380046.089
Rubus chamaemorus,4128917.374,4040157.9240000006
Rubus chamaemorus,4540010.643,4122106.727
Rubus chamaemorus,4610395.908,4627481.285
Rubus chamaemorus,4495273.401,4226690.956
Rubus chamaemorus,4860062.424999999,5343871.011
Rubus chamaemorus,4154034.76,4180967.881
Rubus chamaemorus,5236546.951,3972518.623
Rubus chamaemorus,4778580.724,5150745.914
Rubus chamaemorus,5178320.96,4901250.785
Rubus chamaemorus,4904043.062,4945386.883
Rubus chamaemorus,5143347.313,4220704.436
Rubus chamaemorus,4996729.984,4240829.096
Rubus chamaemorus,4341633.66,4090156.176
Rubus chamaemorus,5015268.677,4673051.688
Rubus chamaemorus,4762299.9860000005,4630892.88
Rubus chamaemorus,4155418.582,3993208.321
Rubus chamaemorus,5071315.756999999,4184229.251
Rubus chamaemorus,4908219.34,5063142.446
Rubus chamaemorus,5135952.513,4205459.082
Rubus chamaemorus,4431002.548,4328534.997
Rubus chamaemorus,4843535.742000001,4657714.357
Rubus chamaemorus,4196192.853,4407754.551
Rubus chamaemorus,4789489.427,5101273.4799999995
Rubus chamaemorus,4518867.35,4235346.666
Rubus chamaemorus,5052847.154,4325053.319
Rubus chamaemorus,4230711.764,4422396.958
Rubus chamaemorus,4991225.656,4479008.718
Rubus chamaemorus,5117684.219999999,4219230.884
Rubus chamaemorus,4869727.641,5050507.935
Rubus chamaemorus,4959771.223,4598231.438
Rubus chamaemorus,4836250.431,4898504.958999999
Rubus chamaemorus,4780346.841,5166594.149
Rubus chamaemorus,5121577.917,4312250.172
Rubus chamaemorus,4413856.819,4354842.448
Rubus chamaemorus,4758361.842,5137239.989
Rubus chamaemorus,4767761.616,4909939.449
Rubus chamaemorus,4850021.322,5142054.166
Rubus chamaemorus,4741560.276,5243071.753
Rubus chamaemorus,5282059.159,4690182.703
Rubus chamaemorus,4497905.264,5026779.046
Rubus chamaemorus,4505804.531,4749173.079
Rubus chamaemorus,4796413.776,4728731.124
Rubus chamaemorus,4863884.157,5269537.455
Rubus chamaemorus,5205261.733,3977086.9750000006
Rubus chamaemorus,4630852.364,4689222.592
Rubus chamaemorus,4149879.584,3995435.574
Rubus chamaemorus,5015058.578,4815038.504
Rubus chamaemorus,5048462.32,4455656.516
Rubus chamaemorus,5171725.249,4038403.363
Rubus chamaemorus,4370025.302,4492441.748
Rubus chamaemorus,5160455.690000001,4400304.192
Rubus chamaemorus,5082284.914,4233365.174
Rubus chamaemorus,5201902.985,4897672.906
Rubus chamaemorus,5023838.448,5054753.231
Rubus chamaemorus,4757789.630999999,4805159.672
Rubus chamaemorus,4561360.681,3855771.601
Rubus chamaemorus,4568493.265,4580131.169
Rubus chamaemorus,4357999.98,4175695.549
Rubus chamaemorus,4268774.542,4114182.927
Rubus chamaemorus,4801664.519000001,4778673.256
Rubus chamaemorus,4607591.915,3716322.442
Rubus chamaemorus,4779233.647999999,5110846.137
Rubus chamaemorus,4469982.493,5009059.969
Rubus chamaemorus,4976468.148999999,4227497.389
Rubus chamaemorus,4204390.723,4174612.937
Rubus chamaemorus,5011719.611,4940696.431
Rubus chamaemorus,4820355.889,4571308.718
Rubus chamaemorus,5072490.26,5115245.789
Rubus chamaemorus,5150908.178,4902078.971
Rubus chamaemorus,5240686.851,4802530.205
Rubus chamaemorus,4499654.705,4233549.904
Rubus chamaemorus,4541092.871,4389014.761
Rubus chamaemorus,4989263.393,4916488.272
Rubus chamaemorus,4686453.309,4994800.484
Rubus chamaemorus,4949975.517,4596285.718
Rubus chamaemorus,5137207.429,5085297.109
Rubus chamaemorus,5078687.285,5228144.681
Rubus chamaemorus,4168782.798,4409030.085
Rubus chamaemorus,4289202.78,4277134.019
Rubus chamaemorus,5133153.948,4220237.425
Rubus chamaemorus,4504761.067,4591037.095
Rubus chamaemorus,4600938.748,5119918.597
Rubus chamaemorus,4555691.309,3821857.846
Rubus chamaemorus,4516812.322,5024882.647
Rubus chamaemorus,4727506.129,5170359.18
Rubus chamaemorus,4711206.037,4636072.911
Rubus chamaemorus,5132889.548,4778821.569
Rubus chamaemorus,4360943.259,4474368.289
Rubus chamaemorus,4417383.624,4510567.769
Rubus chamaemorus,5022681.21,4521361.927
Rubus chamaemorus,4514484.291,4916150.813
Rubus chamaemorus,4124250.74,4174734.405
Rubus chamaemorus,5240269.749,4702603.676
Rubus chamaemorus,4127482.308,3980930.125
Rubus chamaemorus,4562050.464,4529989.856
Rubus chamaemorus,5116099.254,4277883.497
Rubus chamaemorus,4410556.035,4324849.927
Rubus chamaemorus,4463013.026,4308715.191
Rubus chamaemorus,4487358.762,3851325.442
Rubus chamaemorus,5253955.384,4287266.174
Rubus chamaemorus,4801326.366999999,5032578.014
Rubus chamaemorus,4475132.274,4290484.356
Rubus chamaemorus,5124404.818,4028707.376
Rubus chamaemorus,4416146.266,4314040.985
Rubus chamaemorus,4309244.143,4400829.072
Rubus chamaemorus,4427019.849,4447928.223
Rubus chamaemorus,4640159.89,4675725.695
Rubus chamaemorus,5189353.256,4024849.082
Rubus chamaemorus,5102406.373,4212131.153
Rubus chamaemorus,4466533.282,4674052.978
Rubus chamaemorus,4982196.926,4252602.872
Rubus chamaemorus,5052513.731,3992435.582
Rubus chamaemorus,4071390.972,4235108.349
Rubus chamaemorus,5181844.946999999,4585521.857
Rubus chamaemorus,4379236.63,4576254.742
Rubus chamaemorus,4584390.559,4015696.144
Rubus chamaemorus,4374311.133,4106957.693
Rubus chamaemorus,5056784.665,4901707.826
Rubus chamaemorus,4493889.616,4263057.83
Rubus chamaemorus,4114287.01,3981927.247
Rubus chamaemorus,4850917.895,5019291.15
Rubus chamaemorus,4220854.64,4156100.741
Rubus chamaemorus,5290243.03,4117338.533
Rubus chamaemorus,4597095.111,4386058.904
Rubus chamaemorus,4513911.394,4189264.161
Rubus chamaemorus,5198477.119,4067482.116
Rubus chamaemorus,4944100.521,5197682.53
Rubus chamaemorus,5008818.753,4693040.241
Rubus chamaemorus,4177450.092,3941274.081
Rubus chamaemorus,4533194.1,4401834.736
Rubus chamaemorus,4478084.669,4257635.643
Rubus chamaemorus,4487135.732,4382774.205
Rubus chamaemorus,5106771.125,4652832.024
Rubus chamaemorus,4524397.954,5104075.609
Rubus chamaemorus,4602575.548,4337007.624
Rubus chamaemorus,4961716.836,4990863.196000001
Rubus chamaemorus,4411117.205,4297441.23
Rubus chamaemorus,4599948.633,5122904.549
Rubus chamaemorus,5109516.225,4326776.343
Rubus chamaemorus,5030598.898,5380236.3
Rubus chamaemorus,4594331.334,4526565.061
Rubus chamaemorus,4981878.981,5254212.521
Rubus chamaemorus,4252025.516,4509421.772
Rubus chamaemorus,4905619.137,4890481.405
Rubus chamaemorus,5117155.304,4216469.594
Rubus chamaemorus,4954939.662,5017712.71
Rubus chamaemorus,5061856.759,4642584.357
Rubus chamaemorus,4792679.96,5101080.667
Rubus chamaemorus,4930775.539,4998871.936
Rubus chamaemorus,4132878.771,4049115.852
Rubus chamaemorus,4432403.903,4270251.369
Rubus chamaemorus,4187419.984,4421249.727
Rubus chamaemorus,4063744.154,4152755.059
Rubus chamaemorus,5187503.724000001,4670401.282
Rubus chamaemorus,4416934.628,4560676.972
Rubus chamaemorus,4330451.882,4080347.929
Rubus chamaemorus,4390289.299,4123309.623
Rubus chamaemorus,4984796.65,5264466.036
Rubus chamaemorus,4499523.819,3838287.095
Rubus chamaemorus,4435538.642,4142644.06
Rubus chamaemorus,4836644.782,5097132.354
Rubus chamaemorus,4294052.259,4394781.447
Rubus chamaemorus,4254439.659,4396180.688
Rubus chamaemorus,4349584.448,4561685.681
Rubus chamaemorus,5050458.226,4153254.508
Rubus chamaemorus,4184388.877,4326026.498
Rubus chamaemorus,4767507.428,5134509.754
Rubus chamaemorus,4158904.091,4008498.867
Rubus chamaemorus,4206562.579,4449722.762
Rubus chamaemorus,4810862.975,4941759.443
Rubus chamaemorus,5220653.597,4083375.948
Rubus chamaemorus,5099065.997,4569511.018
Rubus chamaemorus,4572530.762,4439920.707
Rubus chamaemorus,5355107.94,4599289.053
Rubus chamaemorus,4552680.677,4208910.398
Rubus chamaemorus,4596896.429,4775033.586
Rubus chamaemorus,5131140.021999999,4207965.598
Rubus chamaemorus,4182292.452,4348297.288
Rubus chamaemorus,4045605.215,4087757.774
Rubus chamaemorus,4487357.474,4308764.355
Rubus chamaemorus,5287880.574,4691615.263
Rubus chamaemorus,4846876.098,5203688.495
Rubus chamaemorus,4664681.736,4632589.562
Rubus chamaemorus,5037905.688,4689068.189
Rubus chamaemorus,4466465.263,3859507.956
Rubus chamaemorus,4936289.205,4424928.334
Rubus chamaemorus,4602908.447,4512399.384
Rubus chamaemorus,4403721.124,4497832.783
Rubus chamaemorus,4468694.584,5007989.38
Rubus chamaemorus,5083170.8319999995,5382509.154
Rubus chamaemorus,4935740.245,5052863.173
Rubus chamaemorus,4815388.751,5225274.665999999
Rubus chamaemorus,4912561.388,5008912.884
Rubus chamaemorus,4410772.851,4025903.243
Rubus chamaemorus,4604954.147,4521724.114
Rubus chamaemorus,4095846.148,4325492.531
Rubus chamaemorus,5180527.83,4013555.127
Rubus chamaemorus,5130173.593,4279322.534
Rubus chamaemorus,4155368.37,4006546.061
Rubus chamaemorus,4915949.177,4876207.77
Rubus chamaemorus,4121346.3399999994,4015166.859
Rubus chamaemorus,5081315.843,4233123.575
Rubus chamaemorus,4979779.463,4969586.007
Rubus chamaemorus,5130866.9629999995,4255475.609
Rubus chamaemorus,4896751.639,4994575.331
Rubus chamaemorus,4960149.62,4961498.852
Rubus chamaemorus,5195771.428,4081301.41
Rubus chamaemorus,4498430.026,4464312.864
Rubus chamaemorus,5102249.781,4600189.484
Rubus chamaemorus,4554296.069,5126730.721
Rubus chamaemorus,5011841.709000001,5290803.599
Rubus chamaemorus,5271264.037,4037769.676
Rubus chamaemorus,5023341.084,4685389.254
Rubus chamaemorus,4841314.073,4988787.574
Rubus chamaemorus,4218803.093,4410833.186
Rubus chamaemorus,4374654.744,4097671.122
Rubus chamaemorus,4156879.09,4384941.038
Rubus chamaemorus,4496259.357,4233065.463
Rubus chamaemorus,5381245.273,4563512.752
Rubus chamaemorus,5229759.483,4328763.9
Rubus chamaemorus,5253448.166,4758315.084
Rubus chamaemorus,5058969.836,5194001.644
Rubus chamaemorus,4123370.366,4140650.055
Rubus chamaemorus,5117829.583,4761670.981000001
Rubus chamaemorus,4985123.868,5147369.777
Rubus chamaemorus,4401000.627,4645946.259
Rubus chamaemorus,4688680.842,4494200.82
Rubus chamaemorus,4650638.086,4236475.946
Rubus chamaemorus,4794788.017,5104709.652
Rubus chamaemorus,4838225.523,4161906.711
Rubus chamaemorus,4570759.606,4600232.453
Rubus chamaemorus,4470950.151,4336449.109
Rubus chamaemorus,4841777.154,5121151.401
Rubus chamaemorus,5118679.084,4592968.085
Rubus chamaemorus,4398143.417,4191088.219
Rubus chamaemorus,5108918.774,4336939.5
Rubus chamaemorus,5067309.342,4575967.775
Rubus chamaemorus,5018236.906,5290371.821
Rubus chamaemorus,4692383.019,4679281.237
Rubus chamaemorus,4415904.589,3949329.837
Rubus chamaemorus,4558463.648,3793301.029
Rubus chamaemorus,4887751.403,5083976.878
Rubus chamaemorus,4415691.279,4294672.144
Rubus chamaemorus,4564087.236,4557696.942
Rubus chamaemorus,4650454.7,4043062.152
Rubus chamaemorus,5355436.943,4600245.681
Rubus chamaemorus,5061794.51,4443195.118
Rubus chamaemorus,4674518.638,4081857.725
Rubus chamaemorus,4640155.125,3949016.8579999995
Rubus chamaemorus,4796727.515,5123686.105
Rubus chamaemorus,5281245.522,4155077.8
Rubus chamaemorus,4769476.893,5160670.013
Rubus chamaemorus,4446725.663,4493510.153
Rubus chamaemorus,5016954.356,4900851.742
Rubus chamaemorus,4428957.18,4298860.911
Rubus chamaemorus,4976540.303000001,5015003.534
Rubus chamaemorus,4163246.561,4371120.456
Rubus chamaemorus,4176124.93,4251318.265
Rubus chamaemorus,4754626.392,5139336.514
Rubus chamaemorus,4375181.473,4095149.885
Rubus chamaemorus,4476226.776,4292320.494
Rubus chamaemorus,4332609.227,4090294.21
Rubus chamaemorus,4628756.256,5137882.253
Rubus chamaemorus,4494339.372,3832854.478
Rubus chamaemorus,4597923.478,4261251.956
Rubus chamaemorus,4775295.514,5136550.066999999
Rubus chamaemorus,4742211.058,4951923.312
Rubus chamaemorus,4512177.864,4220289.055
Rubus chamaemorus,4237918.777,4209463.568
Rubus chamaemorus,5197576.463,4055372.321
Rubus chamaemorus,4800667.612,4681970.644
Rubus chamaemorus,4573226.983,4080698.305
Rubus chamaemorus,4165245.712,4395169.816
Rubus chamaemorus,4570150.777,5042868.333
Rubus chamaemorus,5218905.676999999,4624480.783
Rubus chamaemorus,4322961.887,4493201.138
Rubus chamaemorus,4276435.844,4423018.774
Rubus chamaemorus,4716569.14,4564000.508
Rubus chamaemorus,4833371.645,5003080.618
Rubus chamaemorus,4569451.023,4134574.675
Rubus chamaemorus,5083658.006999999,4216177.18
Rubus chamaemorus,4932723.287,4204842.323
Rubus chamaemorus,4476258.745,4235163.791
Rubus chamaemorus,4882603.172,4887863.62
Rubus chamaemorus,4775910.87,4571469.257
Rubus chamaemorus,5172996.223,4387949.801
Rubus chamaemorus,5129512.713,4319797.625
Rubus chamaemorus,5188426.354,4007722.537
Rubus chamaemorus,4779413.444,5129420.792
Rubus chamaemorus,4934950.44,5249974.545
Rubus chamaemorus,5013297.976000001,4687996.923
Rubus chamaemorus,4563305.447,3974107.198
Rubus chamaemorus,5235159.064,4063776.3679999993
Rubus chamaemorus,4422387.159,4341745.742
Rubus chamaemorus,4438875.766,4467276.866
Rubus chamaemorus,5154781.009,4219656.045
Rubus chamaemorus,4858105.093,5036378.089
Rubus chamaemorus,5068070.241,5172692.214000001
Rubus chamaemorus,4829896.472,5250952.302
Rubus chamaemorus,4978185.096,5254582.101
Rubus chamaemorus,4968265.991,5230521.496
Rubus chamaemorus,4931917.738,5084135.436
Rubus chamaemorus,4540800.693,4443053.735
Rubus chamaemorus,4358039.591,4238918.6
Rubus chamaemorus,4468606.497,4315194.906
Rubus chamaemorus,4301019.529,4353672.271
Rubus chamaemorus,4286550.016,4095468.2110000006
Rubus chamaemorus,4879931.284,4195320.41
Rubus chamaemorus,5031940.506,5009011.884
Rubus chamaemorus,5183669.452,3983896.407
Rubus chamaemorus,5243116.195,4328965.966
Rubus chamaemorus,4399323.723,4344135.321
Rubus chamaemorus,5158969.382,4776949.672
Rubus chamaemorus,4130698.079,4093867.831
Rubus chamaemorus,4325863.101,4080145.441
Rubus chamaemorus,5336124.08,4631851.927
Rubus chamaemorus,4660674.028,4737054.974
Rubus chamaemorus,4504119.484,4504384.206
Rubus chamaemorus,4786197.906,4726541.076
Rubus chamaemorus,4564498.179,4173847.752
Rubus chamaemorus,5061472.735,4444295.642
Rubus chamaemorus,5111319.574,4339600.59
Rubus chamaemorus,4725362.058,4449351.525
Rubus chamaemorus,5096336.856,4286366.395
Rubus chamaemorus,5143121.993,4964152.141
Rubus chamaemorus,5124210.066,4174925.617
Rubus chamaemorus,5337608.545,4421337.544
Rubus chamaemorus,4668190.33,3894803.571
Rubus chamaemorus,5137281.567,4220230.653
Rubus chamaemorus,4808275.923,4897861.265
Rubus chamaemorus,4480272.666,4502634.543
Rubus chamaemorus,4349151.655,4373083.049
Rubus chamaemorus,4979842.656,5267391.642
Rubus chamaemorus,4423661.641,4287658.278
Rubus chamaemorus,5024718.723,5200747.907
Rubus chamaemorus,4198303.079,4405888.698
Rubus chamaemorus,5130426.045,4278353.869
Rubus chamaemorus,5099750.292,4285154.974
Rubus chamaemorus,4914099.565999999,5077947.015
Rubus chamaemorus,4776778.764,4741487.322
Rubus chamaemorus,4326158.224,4286001.637
Rubus chamaemorus,4080799.359,4314615.369
Rubus chamaemorus,4479848.962,4677110.134
Rubus chamaemorus,5046504.872,4770654.888
Rubus chamaemorus,5139890.85,4443933.054
Rubus chamaemorus,4293229.588,4125945.691
Rubus chamaemorus,4526460.294,4604670.694
Rubus chamaemorus,4989417.369,5205745.506
Rubus chamaemorus,4666864.249,4602385.74
Rubus chamaemorus,4656999.066,5050838.433
Rubus chamaemorus,5079260.057,4244984.811
Rubus chamaemorus,5214858.297,3979168.025
Rubus chamaemorus,4128946.078,4275648.486
Rubus chamaemorus,4919031.445,4952005.702
Rubus chamaemorus,4325181.139,4063461.7639999995
Rubus chamaemorus,4323305.396,4328014.417
Rubus chamaemorus,5020949.909,4682725.463
Rubus chamaemorus,4467925.149,4400147.235
Rubus chamaemorus,4628212.655,5165661.077
Rubus chamaemorus,4623309.117,4583575.683
Rubus chamaemorus,4599649.916,4671725.38
Rubus chamaemorus,4641483.549,4479748.058
Rubus chamaemorus,5120290.513,4583066.761
Rubus chamaemorus,4906229.655,5273289.173
Rubus chamaemorus,4147054.373,4021123.735
Rubus chamaemorus,5286206.477,4534545.35
Rubus chamaemorus,5145712.249,4199627.293
Rubus chamaemorus,1764644.605,5802222.272
Rubus chamaemorus,4381715.536,4561794.681
Rubus chamaemorus,4783961.166,5124454.714
Rubus chamaemorus,4657484.933,4571355.436
Rubus chamaemorus,4817784.802,4728818.33
Rubus chamaemorus,5146433.43,4228691.311
Rubus chamaemorus,4925766.838,5040036.459
Rubus chamaemorus,4896760.315,4905148.959
Rubus chamaemorus,4890614.803,4496977.419
Rubus chamaemorus,4216330.892,4401673.665
Rubus chamaemorus,4241313.668,4088620.507
Rubus chamaemorus,5159103.701,4223580.208
Rubus chamaemorus,5245993.386,4100662.282
Rubus chamaemorus,4842868.557,5184549.589
Rubus chamaemorus,4646963.935,5198804.423
Rubus chamaemorus,4167968.911,4410911.842
Rubus chamaemorus,4973905.053,5258619.2
Rubus chamaemorus,5027034.113,4370595.778
Rubus chamaemorus,5355858.078,4598442.767
Rubus chamaemorus,4377766.36,4156429.838
Rubus chamaemorus,4284895.634,4390164.769
Rubus chamaemorus,4897168.784000001,4819651.41
Rubus chamaemorus,5033990.852999999,5149552.793999999
Rubus chamaemorus,4293757.252,4307707.669
Rubus chamaemorus,4674546.398,4088431.497
Rubus chamaemorus,4492175.266,4209063.15
Rubus chamaemorus,4449775.09,4987621.682
Rubus chamaemorus,5107209.43,4292170.28
Rubus chamaemorus,4677442.721,4632694.657
Rubus chamaemorus,4444277.383,4303429.867
Rubus chamaemorus,4771831.946,5137694.681000001
Rubus chamaemorus,4730796.154,4951668.521
Rubus chamaemorus,4683883.146,5136590.23
Rubus chamaemorus,5170087.664,4387227.47
Rubus chamaemorus,5090889.345,4319035.692
Rubus chamaemorus,5277605.495,4131181.893
Rubus chamaemorus,4455958.803,4478776.325
Rubus chamaemorus,5084819.713,4318551.162
Rubus chamaemorus,4415441.656,4285409.319
Rubus chamaemorus,4666391.589,4678547.098
Rubus chamaemorus,4548885.771,4248061.161
Rubus chamaemorus,5131303.876,4642488.085
Rubus chamaemorus,5233114.749,4764618.044
Rubus chamaemorus,4813585.055,4914276.665
Rubus chamaemorus,4196040.274,4322225.613
Rubus chamaemorus,4764267.619,4555610.157
Rubus chamaemorus,5008166.551,4660958.264
Rubus chamaemorus,4572375.396,3970148.539
Rubus chamaemorus,4785316.593,5119678.986
Rubus chamaemorus,5081404.429,4319760.189
Rubus chamaemorus,5047855.536,4040602.03
Rubus chamaemorus,4596501.389,5073792.173
Rubus chamaemorus,4239172.8,4383441.728
Rubus chamaemorus,4807208.893,4723536.397
Rubus chamaemorus,4491821.813,4349121.763
Rubus chamaemorus,5311739.329,3955541.1630000006
Rubus chamaemorus,4763070.506,5135397.978
Rubus chamaemorus,4581927.278,5038469.538
Rubus chamaemorus,5001950.265,4610987.291
Rubus chamaemorus,4766941.577,5154876.897
Rubus chamaemorus,4561576.995,3635563.741
Rubus chamaemorus,4332458.221,4540010.922
Rubus chamaemorus,5060628.827,4779905.399
Rubus chamaemorus,5264865.607,4288921.783
Rubus chamaemorus,4632135.332,5065890.273
Rubus chamaemorus,4203572.418,4268556.501
Rubus chamaemorus,5079920.111,4698620.27
Rubus chamaemorus,4425108.656,4752246.714000001
Rubus chamaemorus,4921118.6850000005,4832012.315
Rubus chamaemorus,4960358.842,5005740.071
Rubus chamaemorus,5028169.853,5175457.543
Rubus chamaemorus,4731271.927,4772201.136
Rubus chamaemorus,4837812.386,5091067.475
Rubus chamaemorus,4561899.388,3858313.462
Rubus chamaemorus,4460975.628,4281770.202
Rubus chamaemorus,5223959.614,4026906.919
Rubus chamaemorus,5149915.375,4219238.878
Rubus chamaemorus,4827555.782,5063587.91
Rubus chamaemorus,4759211.04,4695421.176
Rubus chamaemorus,4967057.535,4310644.735
Rubus chamaemorus,5225316.904,4832429.466
Rubus chamaemorus,5098721.639,4254537.187
Rubus chamaemorus,5013704.171,4678833.584
Rubus chamaemorus,5076100.48,4245227.823
Rubus chamaemorus,5222211.518,4118077.6
Rubus chamaemorus,4460123.441,4256642.724
Rubus chamaemorus,5142414.273,4499953.038
Rubus chamaemorus,4926383.759,5262611.718
Rubus chamaemorus,5018558.716,4680061.643
Rubus chamaemorus,4486982.972,4588415.492
Rubus chamaemorus,4735189.434,4743669.033
Rubus chamaemorus,4791852.398,4955192.399
Rubus chamaemorus,5093362.361,4337182.086
Rubus chamaemorus,4378849.739,4145148.752
Rubus chamaemorus,5231394.526,4418983.228
Rubus chamaemorus,5239314.686,4087645.201000001
Rubus chamaemorus,5231233.802,4327064.489
Rubus chamaemorus,5226225.704,4763921.402
Rubus chamaemorus,4332953.605,4198890.541
Rubus chamaemorus,4519842.244,4471676.997
Rubus chamaemorus,4858014.152,4607891.495
Rubus chamaemorus,5020688.717000001,4641471.395
Rubus chamaemorus,4307056.395,4528608.421
Rubus chamaemorus,4783131.295,5145781.925
Rubus chamaemorus,4185101.012,4168243.101
Rubus chamaemorus,4739183.002,4861992.769999999
Rubus chamaemorus,4176496.135,3941874.627
Rubus chamaemorus,5020644.405,4672351.917
Rubus chamaemorus,5095808.844,4335730.705
Rubus chamaemorus,4743470.128,5245455.274
Rubus chamaemorus,4354252.978,4538689.602
Rubus chamaemorus,5140731.901,3997842.135
Rubus chamaemorus,5053254.637,5177171.731
Rubus chamaemorus,4197867.96,4423629.498
Rubus chamaemorus,4541444.746,4378074.637
Rubus chamaemorus,4776361.662,5151190.777
Rubus chamaemorus,4291587.652,4182154.466
Rubus chamaemorus,4917908.453,5201781.892
Rubus chamaemorus,4414177.25,4354866.418
Rubus chamaemorus,4893604.648,4505192.935
Rubus chamaemorus,4782812.757,5139543.365
Rubus chamaemorus,5012292.098,4855487.967
Rubus chamaemorus,4722786.535,4742272.847
Rubus chamaemorus,4151233.841,4033050.999
Rubus chamaemorus,4850701.528,4718010.896
Rubus chamaemorus,5086122.466000001,4238446.572
Rubus chamaemorus,4773076.985,5136994.952
Rubus chamaemorus,4331682.589,4095297.7
Rubus chamaemorus,4354613.545,4468758.853
Rubus chamaemorus,4962896.444,4432241.202
Rubus chamaemorus,4387039.066,4392012.698
Rubus chamaemorus,4316910.751,4396310.492
Rubus chamaemorus,4184792.693,4137461.9530000007
Rubus chamaemorus,4684152.194,4464428.502
Rubus chamaemorus,5134256.381,4309959.36
Rubus chamaemorus,4430571.002,4301477.437
Rubus chamaemorus,4178348.797,3966316.629
Rubus chamaemorus,4154836.725,3913385.267
Rubus chamaemorus,4940247.601,4208084.71
Rubus chamaemorus,4655419.354,5189860.072
Rubus chamaemorus,5210388.956,4100010.524
Rubus chamaemorus,5025238.218,4674542.69
Rubus chamaemorus,4172038.785,4050759.985
Rubus chamaemorus,4164485.538,4144384.36
Rubus chamaemorus,4708174.009,4591894.027
Rubus chamaemorus,4847898.748,4697243.388
Rubus chamaemorus,4771856.566,5232293.66
Rubus chamaemorus,4313006.269,4396578.188
Rubus chamaemorus,4856552.615,4758000.739
Rubus chamaemorus,4442962.996,4293955.45
Rubus chamaemorus,4606112.15,5054448.677
Rubus chamaemorus,4989092.049,5201188.841
Rubus chamaemorus,4395805.667,4014822.71
Rubus chamaemorus,5144031.465,4208650.925
Rubus chamaemorus,5113575.636999999,4368453.35
Rubus chamaemorus,4944808.334,4466740.125
Rubus chamaemorus,4416326.607,4302931.695
Rubus chamaemorus,4792951.796,4851524.667
Rubus chamaemorus,4397574.555,4140148.352
Rubus chamaemorus,4472377.319,4483485.387
Rubus chamaemorus,5182142.263,4905158.08
Rubus chamaemorus,4437826.499,4282331.953
Rubus chamaemorus,4438857.355,4344202.435
Rubus chamaemorus,4674426.68,5190390.993
Rubus chamaemorus,5183680.674,4882059.707000001
Rubus chamaemorus,4565621.18,4633828.672
Rubus chamaemorus,4815126.39,4883332.086
Rubus chamaemorus,4535981.619,4737321.716
Rubus chamaemorus,4731051.555,4697143.24
Rubus chamaemorus,4613033.852,5130656.011
Rubus chamaemorus,5271847.302000001,4392797.929
Rubus chamaemorus,4614925.661,4672228.521
Rubus chamaemorus,4455118.917,4043284.163
Rubus chamaemorus,4727145.410000001,3756267.943
Rubus chamaemorus,4490473.9,4674719.814
Rubus chamaemorus,4378043.502,4332536.607
Rubus chamaemorus,5073345.724,4252077.223
Rubus chamaemorus,5300961.231,3998912.978
Rubus chamaemorus,4846002.364000001,4697348.864
Rubus chamaemorus,5024645.06,4680570.709
Rubus chamaemorus,4937715.008,4354432.628
Rubus chamaemorus,5053855.708,4498398.961
Rubus chamaemorus,4427372.945,4316177.496
Rubus chamaemorus,4454364.351,4598963.253
Rubus chamaemorus,4594669.982,4611666.366
Rubus chamaemorus,5212958.32,4115970.082
Rubus chamaemorus,4343375.415,4079451.907
Rubus chamaemorus,4461815.95,4406938.853
Rubus chamaemorus,4180974.418,4044657.164
Rubus chamaemorus,5152813.131,4034458.056
Rubus chamaemorus,4307921.498,4479019.406
Rubus chamaemorus,5042940.897,3990733.847
Rubus chamaemorus,5014341.723999999,4684142.778
Rubus chamaemorus,4554396.899,4393471.473
Rubus chamaemorus,4977679.738000001,4356595.029
Rubus chamaemorus,5067908.016000001,4971675.433
Rubus chamaemorus,5035142.021,5026091.452
Rubus chamaemorus,4525232.782,5103628.806
Rubus chamaemorus,5081847.025,4656879.947
Rubus chamaemorus,4806361.693,5093361.196
Rubus chamaemorus,5010197.03,4684123.486
Rubus chamaemorus,4568270.52,3843526.557
Rubus chamaemorus,4361264.802,4100057.3790000007
Rubus chamaemorus,5083239.72,4790162.076
Rubus chamaemorus,4606170.37,4844085.902
Rubus chamaemorus,5236451.643,4709833.178
Rubus chamaemorus,5111065.861,4340568.463
Rubus chamaemorus,5022371.22,4900397.893999999
Rubus chamaemorus,4727870.877,4537549.594
Rubus chamaemorus,4762703.123,4595206.739
Rubus chamaemorus,5052093.492,4333046.327
Rubus chamaemorus,5050483.019,4333163.499
Rubus chamaemorus,4327201.448,4064429.303
Rubus chamaemorus,5314314.009000001,4479212.628
Rubus chamaemorus,5076660.504,4211339.825
Rubus chamaemorus,4536072.594,4496546.642
Rubus chamaemorus,5010611.936,4854033.471
Rubus chamaemorus,4664057.367,4092163.9199999995
Rubus chamaemorus,5004500.58,5171463.763000001
Rubus chamaemorus,4118767.611,4041345.392
Rubus chamaemorus,4400690.413,4304259.262
Rubus chamaemorus,4567549.602,4123528.915
Rubus chamaemorus,4512002.522,4890314.134
Rubus chamaemorus,5030424.596,4670704.476
Rubus chamaemorus,4870440.129,4793325.556
Rubus chamaemorus,4906667.701,5089558.232
Rubus chamaemorus,4778739.427,5153864.826
Rubus chamaemorus,4889799.736,4929847.53
Rubus chamaemorus,4591761.366,5031544.853
Rubus chamaemorus,5072728.442,4242324.237
Rubus chamaemorus,4159519.317,4421120.487
Rubus chamaemorus,4924342.244,4853209.158999999
Rubus chamaemorus,4608817.103,4363268.584
Rubus chamaemorus,4247263.474,4407484.166
Rubus chamaemorus,4839191.072,5112162.227
Rubus chamaemorus,5090981.432,4263375.605
Rubus chamaemorus,5106517.930000001,4334278.314
Rubus chamaemorus,5077069.562999999,4245469.601
Rubus chamaemorus,4414441.676,4680944.596
Rubus chamaemorus,5145645.554,4112729.978
Rubus chamaemorus,4682335.723,5048427.758
Rubus chamaemorus,4702819.616,4175528.972
Rubus chamaemorus,4155422.445,4179809.167
Rubus chamaemorus,4782521.376,5158957.545
Rubus chamaemorus,4178072.328,4412050.894
Rubus chamaemorus,5192572.944,4021639.664
Rubus chamaemorus,4671678.435,4228751.055
Rubus chamaemorus,4574409.773,4385762.798
Rubus chamaemorus,4674507.53,4737325.387
Rubus chamaemorus,4907006.641,5036247.014
Rubus chamaemorus,4155993.247,3998880.052
Rubus chamaemorus,5073601.887,4227075.411
Rubus chamaemorus,4187181.913,4144698.804
Rubus chamaemorus,4502779.964,3842777.792
Rubus chamaemorus,4600274.926,3830544.977
Rubus chamaemorus,5152938.424,4495359.075
Rubus chamaemorus,5124713.504,4074270.873
Rubus chamaemorus,5033566.593,3932525.443
Rubus chamaemorus,5297978.074,4715729.276
Rubus chamaemorus,4163608.213,4383377.466
Rubus chamaemorus,4133211.7529999996,4188177.486
Rubus chamaemorus,4504382.782,5034073.887
Rubus chamaemorus,4095623.227,4026112.854
Rubus chamaemorus,4444427.278,3844295.09
Rubus chamaemorus,4774209.556,5140369.145
Rubus chamaemorus,4601752.266,4232033.31
Rubus chamaemorus,5264443.677,4024697.742
Rubus chamaemorus,5089509.438,4213509.972
Rubus chamaemorus,4081073.394,4232906.406
Rubus chamaemorus,4526155.202,3879848.662
Rubus chamaemorus,4464125.177,4296553.291
Rubus chamaemorus,5137371.138,4773765.002
Rubus chamaemorus,4515749.078,3764388.137
Rubus chamaemorus,4155517.608,4397147.78
Rubus chamaemorus,4450547.363,4514247.692
Rubus chamaemorus,4975453.421,5030137.354
Rubus chamaemorus,4454515.45,4309326.059
Rubus chamaemorus,4171203.917999999,4052771.544
Rubus chamaemorus,5141082.099,4088994.126
Rubus chamaemorus,4384828.164,4043273.145
Rubus chamaemorus,5065841.2,4422049.473
Rubus chamaemorus,4414704.115,4283279.691
Rubus chamaemorus,4276416.714,4075116.157
Rubus chamaemorus,4431960.056,4589729.524
Rubus chamaemorus,5268606.443,4048618.05
Rubus chamaemorus,4173904.469,4434683.224
Rubus chamaemorus,5146700.181999999,4212262.679
Rubus chamaemorus,5115063.277,4621943.007
Rubus chamaemorus,5238093.613,4377431.689
Rubus chamaemorus,4652941.599,4550391.198
Rubus chamaemorus,4680778.645,4572774.657
Rubus chamaemorus,4980750.947,5253251.923
Rubus chamaemorus,5111169.131,5291038.345
Rubus chamaemorus,4465522.954,3657456.854
Rubus chamaemorus,4500007.88,4304120.974
Rubus chamaemorus,4592270.604,4042220.317
Rubus chamaemorus,4466542.502,4280982.077
Rubus chamaemorus,4684156.136,5049706.586
Rubus chamaemorus,4163224.74,3995481.925
Rubus chamaemorus,5286126.494,4326146.521
Rubus chamaemorus,4511795.071,4915706.97
Rubus chamaemorus,4575394.448,3789402.431
Rubus chamaemorus,4775367.536,4021068.97
Rubus chamaemorus,4286477.949,4372830.748
Rubus chamaemorus,4575273.647,4386401.87
Rubus chamaemorus,4572975.343,4304591.118
Rubus chamaemorus,4951797.206,5350689.467
Rubus chamaemorus,4417381.622,4312279.124
Rubus chamaemorus,4964388.091,5133086.426
Rubus chamaemorus,4960798.942,4584599.729
Rubus chamaemorus,4963843.276,4602354.926
Rubus chamaemorus,4465817.473,4155896.684
Rubus chamaemorus,4870008.848,5360525.58
Rubus chamaemorus,5216976.466,4013920.164000001
Rubus chamaemorus,5118215.189,4575334.565
Rubus chamaemorus,5033740.249000001,5333405.785
Rubus chamaemorus,5025829.92,4874345.886
Rubus chamaemorus,5011163.944,4557021.952
Rubus chamaemorus,4949155.890000001,4304068.005
Rubus chamaemorus,4681854.487,5046433.635
Rubus chamaemorus,4852090.716,5094414.299
Rubus chamaemorus,4283230.379,3961799.773
Rubus chamaemorus,4537666.748,4367343.649
Rubus chamaemorus,5115038.316,5305793.192
Rubus chamaemorus,4844769.792,5004851.571
Rubus chamaemorus,5313893.374,4007797.542
Rubus chamaemorus,5213955.434999999,4353745.575
Rubus chamaemorus,5110907.385,4209729.083
Rubus chamaemorus,4778352.359,4590649.862
Rubus chamaemorus,4959345.213,4565173.376
Rubus chamaemorus,4587677.24,4654494.128
Rubus chamaemorus,4820580.179,5083720.383
Rubus chamaemorus,4374045.48,4045855.23
Rubus chamaemorus,4965246.015,4401708.821
Rubus chamaemorus,5055967.472999999,4881960.02
Rubus chamaemorus,4209095.265,4178871.821
Rubus chamaemorus,5173712.592999999,4488935.262
Rubus chamaemorus,4453783.364,4590184.782
Rubus chamaemorus,5253311.07,4302703.285
Rubus chamaemorus,5009397.066,4555998.228
Rubus chamaemorus,5056496.565,4331807.409
Rubus chamaemorus,4781854.117,5120825.583
Rubus chamaemorus,4334114.618,4507969.399
Rubus chamaemorus,4376142.982,4637072.331
Rubus chamaemorus,4904728.169999999,5044478.521
Rubus chamaemorus,4796322.938,4941653.521
Rubus chamaemorus,4762168.343,5012459.607
Rubus chamaemorus,4759527.619,4924850.532
Rubus chamaemorus,4722128.028,4740862.108
Rubus chamaemorus,4304494.477,4220395.271
Rubus chamaemorus,4932284.962,4922116.473000001
Rubus chamaemorus,4464807.256,4284335.471
Rubus chamaemorus,4859466.588000001,5190176.598
Rubus chamaemorus,4311137.047,4401237.691
Rubus chamaemorus,5174175.638,4067442.611
Rubus chamaemorus,4300441.478,4355153.069
Rubus chamaemorus,5128565.587000001,4226009.767
Rubus chamaemorus,4550898.924,4374345.949
Rubus chamaemorus,5037166.437,4703296.073
Rubus chamaemorus,4698023.123,4154583.005
Rubus chamaemorus,4911051.476,5135667.494999999
Rubus chamaemorus,4472191.238,4323437.281
Rubus chamaemorus,4604027.093,4786579.402
Rubus chamaemorus,4839965.65,5018955.285
Rubus chamaemorus,5148701.268,4875009.224
Rubus chamaemorus,4842533.787,4572791.407
Rubus chamaemorus,5208778.307,4092145.321
Rubus chamaemorus,4231084.551,4364361.377
Rubus chamaemorus,4508293.887,5016929.932
Rubus chamaemorus,4644232.68,4500862.915
Rubus chamaemorus,5165816.533,4356255.857
Rubus chamaemorus,5103163.656,4283943.273
Rubus chamaemorus,4469762.875,4116199.422
Rubus chamaemorus,4701302.733,4510258.749
Rubus chamaemorus,4404224.736,4547497.446
Rubus chamaemorus,4243264.632,4124913.171
Rubus chamaemorus,4694541.09,4129036.518
Rubus chamaemorus,4426506.831,4333944.943
Rubus chamaemorus,4817068.878,4624927.122
Rubus chamaemorus,5334635.21,4542196.278
Rubus chamaemorus,4832786.713,4586633.035
Rubus chamaemorus,4703898.435,4435184.948
Rubus chamaemorus,4541223.353,3931332.429
Rubus chamaemorus,4866825.834,5076800.38
Rubus chamaemorus,4139998.196,3934047.127
Rubus chamaemorus,4324803.45,4038514.79
Rubus chamaemorus,4453843.591,4998601.172
Rubus chamaemorus,4651973.817,4562381.682
Rubus chamaemorus,4461382.253,4206369.234
Rubus chamaemorus,4414043.142,4320058.031
Rubus chamaemorus,4439038.472,4335178.617
Rubus chamaemorus,4670906.414,5191946.991
Rubus chamaemorus,4286284.472,4349758.907
Rubus chamaemorus,5004723.758,4890595.064
Rubus chamaemorus,4264957.335,4255425.578
Rubus chamaemorus,4411574.224,4348419.251
Rubus chamaemorus,4841813.526,5175154.881
Rubus chamaemorus,4269271.43,4450733.498
Rubus chamaemorus,5126384.869,4645379.357
Rubus chamaemorus,4613016.164,5140103.45
Rubus chamaemorus,4141576.978,4282642.951
Rubus chamaemorus,5118420.195,4218382.285
Rubus chamaemorus,4479482.96,5004672.179
Rubus chamaemorus,5087682.707,4323390.596
Rubus chamaemorus,4408827.776,4087427.572
Rubus chamaemorus,4974048.772,5143088.595000001
Rubus chamaemorus,4333703.292,4096264.778
Rubus chamaemorus,4923582.688,4527055.389
Rubus chamaemorus,4617630.74,4379732.667
Rubus chamaemorus,5172566.625,4816457.481000001
Rubus chamaemorus,4329358.195,4074376.773
Rubus chamaemorus,4558274.324,3792856.054
Rubus chamaemorus,4431043.25,4100187.973
Rubus chamaemorus,4975158.914999999,4610376.212
Rubus chamaemorus,4941081.571,4917567.107
Rubus chamaemorus,4514662.127,4504447.74
Rubus chamaemorus,4925289.083,5007690.259
Rubus chamaemorus,5379919.447,4562673.669
Rubus chamaemorus,4186963.635,4437708.435
Rubus chamaemorus,4949360.785999999,5249282.582
Rubus chamaemorus,4331153.137,4478610.631
Rubus chamaemorus,4534703.389,4581951.013
Rubus chamaemorus,5127339.4569999995,4218793.494
Rubus chamaemorus,4185833.031,4131943.544
Rubus chamaemorus,4454339.396,4985429.141999999
Rubus chamaemorus,5129164.928,4910626.504999999
Rubus chamaemorus,4563664.307,3898002.11
Rubus chamaemorus,4180776.052,3925838.778
Rubus chamaemorus,4794997.239,4970168.09
Rubus chamaemorus,4986834.689000001,5274059.975
Rubus chamaemorus,5082533.826,4390150.626
Rubus chamaemorus,4786402.388,4558200.21
Rubus chamaemorus,4590541.56,3728055.667
Rubus chamaemorus,4135746.518,4299860.628
Rubus chamaemorus,4351906.03,4464119.014
Rubus chamaemorus,5089610.733999999,4229003.783
Rubus chamaemorus,4708548.452,4476237.285
Rubus chamaemorus,4245832.069,4425179.861
Rubus chamaemorus,5018957.67,4899345.73
Rubus chamaemorus,4560474.893,4748320.306
Rubus chamaemorus,4694336.152,4523740.487
Rubus chamaemorus,4304914.755,4245032.236
Rubus chamaemorus,4505656.462,4428834.453
Rubus chamaemorus,4449324.679,4660577.234
Rubus chamaemorus,4614350.332,5043582.247
Rubus chamaemorus,4226817.592,4076049.712
Rubus chamaemorus,4801312.947,5144376.577
Rubus chamaemorus,4909974.518,5153194.629
Rubus chamaemorus,4983258.019,5020823.753
Rubus chamaemorus,4975179.265,4362145.974
Rubus chamaemorus,4403176.92,4321887.63
Rubus chamaemorus,4581449.433,3720753.9400000004
Rubus chamaemorus,4249214.174,4082294.413
Rubus chamaemorus,4696274.13,5050123.363
Rubus chamaemorus,4768480.893,5134764.928
Rubus chamaemorus,4996982.698,4239861.993
Rubus chamaemorus,4645799.059,4286924.725
Rubus chamaemorus,4194488.791,4419878.173
Rubus chamaemorus,5204476.131,4068317.928
Rubus chamaemorus,4464623.544,4843449.202
Rubus chamaemorus,4652690.659,3749717.772
Rubus chamaemorus,4497258.749,4463513.506
Rubus chamaemorus,4627475.392,4370590.848
Rubus chamaemorus,4221933.264,4484288.26
Rubus chamaemorus,4315654.039,4325553.641
Rubus chamaemorus,4517071.253,5012116.626
Rubus chamaemorus,5084145.069,4242078.401
Rubus chamaemorus,4592866.852,4591140.852
Rubus chamaemorus,4271232.8,4470862.312
Rubus chamaemorus,5128312.593,4220028.711
Rubus chamaemorus,4990865.321,5294710.172
Rubus chamaemorus,4126881.408,4184704.209
Rubus chamaemorus,4391716.977,4533833.189
Rubus chamaemorus,4433328.196,4228050.497
Rubus chamaemorus,4243182.689,4382789.616
Rubus chamaemorus,4930246.947,5016531.849
Rubus chamaemorus,4573573.927,4441104.737
Rubus chamaemorus,4327443.898,4080393.506
Rubus chamaemorus,5283483.066000001,4692593.494
Rubus chamaemorus,4929467.536999999,5008113.466
Rubus chamaemorus,4813391.676,5105455.452
Rubus chamaemorus,4760555.848,5155253.204999999
Rubus chamaemorus,4779011.138,5152910.139
Rubus chamaemorus,4168068.689,3965798.971
Rubus chamaemorus,4413092.626,4295414.524
Rubus chamaemorus,4965273.19,4569309.161
Rubus chamaemorus,5150883.298999999,4115658.079
Rubus chamaemorus,4433249.998,4308915.87
Rubus chamaemorus,5023934.828,4679361.6
Rubus chamaemorus,4579901.561,4331196.893
Rubus chamaemorus,5116356.678,4632569.021
Rubus chamaemorus,5212412.934,4610124.107
Rubus chamaemorus,4370842.718,4487435.967
Rubus chamaemorus,5130048.261000001,4441197.504
Rubus chamaemorus,4082082.528,3954377.674
Rubus chamaemorus,4252119.18,4194910.743
Rubus chamaemorus,4511616.914,4108107.584
Rubus chamaemorus,4551878.631,4534108.012
Rubus chamaemorus,5125104.163,4268017.622
Rubus chamaemorus,4093332.297,4370187.264
Rubus chamaemorus,5154028.6389999995,4225056.035
Rubus chamaemorus,4913341.296000001,4413953.538
Rubus chamaemorus,4722859.384,4787497.068
Rubus chamaemorus,4093149.579,4374717.393
Rubus chamaemorus,4412750.423,4283512.302
Rubus chamaemorus,4905920.41,4964810.773
Rubus chamaemorus,4255577.729,4409063.688
Rubus chamaemorus,4767915.239,5155132.212
Rubus chamaemorus,4983061.536,5255822.626
Rubus chamaemorus,4479968.236,4227336.297
Rubus chamaemorus,5138047.452,4081895.41
Rubus chamaemorus,4360289.879,4154973.634
Rubus chamaemorus,4921463.6,5025579.593
Rubus chamaemorus,4428731.683,4308335.896
Rubus chamaemorus,4651749.206,4477660.156
Rubus chamaemorus,4662354.269,5110765.067
Rubus chamaemorus,4828418.625,4714432.555
Rubus chamaemorus,4829330.062,4725284.841
Rubus chamaemorus,4567092.631,4398943.616
Rubus chamaemorus,5145780.949,4067182.13
Rubus chamaemorus,5197497.25,4713459.691
Rubus chamaemorus,4544568.951,3697679.081
Rubus chamaemorus,5183593.094,4029514.616
Rubus chamaemorus,4605264.254,4325112.981
Rubus chamaemorus,4170812.215,4427322.677
Rubus chamaemorus,4192194.126,4403822.058
Rubus chamaemorus,4745687.289,5136563.664
Rubus chamaemorus,4714747.103,4188929.147
Rubus chamaemorus,4193733.6959999995,4180105.7760000005
Rubus chamaemorus,4658506.339,5194997.008
Rubus chamaemorus,5146066.859,5026899.167999999
Rubus chamaemorus,4970214.663,4133973.405
Rubus chamaemorus,4927972.679,5122718.151
Rubus chamaemorus,4242092.987,4196631.597
Rubus chamaemorus,4467691.78,4136926.9169999994
Rubus chamaemorus,4827898.77,5249860.363
Rubus chamaemorus,4492557.116,5028873.732
Rubus chamaemorus,4524367.659,4175261.457
Rubus chamaemorus,4778996.871,5152265.354
Rubus chamaemorus,4960335.45,4214169.522
Rubus chamaemorus,5161399.554,4238592.739
Rubus chamaemorus,4775186.905,4746067.863
Rubus chamaemorus,4617354.398,3861757.898
Rubus chamaemorus,5169665.741,4301358.322
Rubus chamaemorus,4473278.462,4870025.742
Rubus chamaemorus,4614038.219,5169718.488
Rubus chamaemorus,4275243.09,4137415.449
Rubus chamaemorus,5024857.764,4874099.763
Rubus chamaemorus,5047699.918,4927180.677
Rubus chamaemorus,5031937.73,5008994.151
Rubus chamaemorus,4807875.406,4647703.918
Rubus chamaemorus,4438862.289,4384013.724
Rubus chamaemorus,4787792.877,4045100.4730000007
Rubus chamaemorus,4576543.087,4100767.625
Rubus chamaemorus,4703403.539,4210991.873
Rubus chamaemorus,4977990.251,5147843.914
Rubus chamaemorus,4171665.377,4059746.867
Rubus chamaemorus,5037528.313,4768570.114
Rubus chamaemorus,4899781.254,5056928.431
Rubus chamaemorus,5227287.023,4400048.361
Rubus chamaemorus,4717420.173,4846167.57
Rubus chamaemorus,5060278.882,4474249.078
Rubus chamaemorus,4444594.463,4009616.387
Rubus chamaemorus,4918354.909,5268757.046
Rubus chamaemorus,4148030.665,4140971.152
Rubus chamaemorus,4359491.83,4227978.771
Rubus chamaemorus,4670110.381,5200203.202
Rubus chamaemorus,4773870.861,5152589.956
Rubus chamaemorus,5166487.1,4361579.543
Rubus chamaemorus,4861290.251,4797427.278
Rubus chamaemorus,4555439.618,5118003.88
Rubus chamaemorus,5027746.531,4684443.342
Rubus chamaemorus,5379664.173,4563642.403
Rubus chamaemorus,4554565.287,4319225.171
Rubus chamaemorus,4678331.115,4414675.008
Rubus chamaemorus,4433180.252,4227879.618
Rubus chamaemorus,5126119.027,4219521.742
Rubus chamaemorus,4688716.937,4664763.977
Rubus chamaemorus,4885394.139,4907527.215
Rubus chamaemorus,4791033.545000001,4051946.258
Rubus chamaemorus,4750347.014,5143341.048
Rubus chamaemorus,4419276.366,4305272.054
Rubus chamaemorus,5014529.894,4687279.164
Rubus chamaemorus,5079164.374000001,4229493.687
Rubus chamaemorus,4491990.285,3812904.954
Rubus chamaemorus,5129474.685,4466829.221
Rubus chamaemorus,4222093.411,4484301.014
Rubus chamaemorus,4340555.837,3773486.924
Rubus chamaemorus,4337149.23,4355772.898
Rubus chamaemorus,4391061.881,4288103.909
Rubus chamaemorus,4778241.232,4790467.907
Rubus chamaemorus,5016095.275,4681497.676
Rubus chamaemorus,5115090.694999999,5306193.617
Rubus chamaemorus,4589899.773,4326578.513
Rubus chamaemorus,4598465.654,4546070.439
Rubus chamaemorus,5070656.036,4230464.971
Rubus chamaemorus,4508626.424,4432041.832
Rubus chamaemorus,5188423.181999999,4219787.735
Rubus chamaemorus,4978170.377,4986647.436
Rubus chamaemorus,5085630.532,4264103.634
Rubus chamaemorus,4148402.392,3955422.094
Rubus chamaemorus,4880390.671,4933766.669
Rubus chamaemorus,4799808.88,5127568.506
Rubus chamaemorus,5103056.594,4339601.881
Rubus chamaemorus,4916005.312,5078609.938
Rubus chamaemorus,4551494.2,4383253.055
Rubus chamaemorus,4781004.0479999995,5160611.988
Rubus chamaemorus,4419249.089,4272053.346
Rubus chamaemorus,5158651.398,4590580.386
Rubus chamaemorus,5127234.779,4393065.44
Rubus chamaemorus,5003644.468,4654665.24
Rubus chamaemorus,4895467.707000001,5272816.906
Rubus chamaemorus,5065318.807,4184466.718
Rubus chamaemorus,4518990.374,5063598.968
Rubus chamaemorus,4445126.383,4184996.229
Rubus chamaemorus,4815173.647,5084366.462
Rubus chamaemorus,4954944.315,4829524.814
Rubus chamaemorus,5084777.806000001,4385557.325
Rubus chamaemorus,4161767.875,4413439.255
Rubus chamaemorus,5080481.34,4244258.342
Rubus chamaemorus,4451803.362,4364952.408
Rubus chamaemorus,5112423.642,4256341.693
Rubus chamaemorus,5260189.471,4161429.549
Rubus chamaemorus,4789179.391000001,5157621.413
Rubus chamaemorus,4339346.707,4281121.53
Rubus chamaemorus,5211852.786999999,4782004.535000001
Rubus chamaemorus,4353323.311,4232791.235
Rubus chamaemorus,5027266.535,4827388.923
Rubus chamaemorus,4481509.405,5022261.455
Rubus chamaemorus,5003833.729,4657802.047
Rubus chamaemorus,5116213.304,4213965.902
Rubus chamaemorus,4658269.311,4646693.574
Rubus chamaemorus,4652151.098,4705734.499
Rubus chamaemorus,4553488.817,4667744.536
Rubus chamaemorus,4344468.603,4475313.151
Rubus chamaemorus,4908619.7,4495304.745
Rubus chamaemorus,5077534.251,4247647.711
Rubus chamaemorus,4878324.847,5134151.869
Rubus chamaemorus,4542098.299,3849756.695
Rubus chamaemorus,4565419.024,3768134.598
Rubus chamaemorus,4217955.934,4482386.825
Rubus chamaemorus,5010050.842,4692322.707
Rubus chamaemorus,4591993.796,4226528.513
Rubus chamaemorus,4238006.32,4510106.569
Rubus chamaemorus,5312998.727,4530821.848
Rubus chamaemorus,5101996.991,4862223.318
Rubus chamaemorus,4254660.727,4265791.5
Rubus chamaemorus,5071817.909,4391591.939
Rubus chamaemorus,5029130.527,5040422.761
Rubus chamaemorus,4427167.793,4448098.984
Rubus chamaemorus,4403239.136,4334939.37
Rubus chamaemorus,5077050.98,4221748.675
Rubus chamaemorus,5175363.186,4925206.216
Rubus chamaemorus,4606905.041,4053320.999
Rubus chamaemorus,4861012.954,4945327.384
Rubus chamaemorus,5088791.899,4212299.978
Rubus chamaemorus,4993215.799,4608775.908
Rubus chamaemorus,4283593.807,4099003.566
Rubus chamaemorus,4725263.973,4526384.262
Rubus chamaemorus,4460540.464,4782187.423
Rubus chamaemorus,5143146.939,4481579.102
Rubus chamaemorus,4859463.107000001,4766449.316000001
Rubus chamaemorus,4817999.249,5187312.809
Rubus chamaemorus,5016428.286,4676433.95
Rubus chamaemorus,4468653.078,4495852.924
Rubus chamaemorus,5101761.172,4324842.257
Rubus chamaemorus,5117455.772,4609147.851
Rubus chamaemorus,4836581.177,5195889.036
Rubus chamaemorus,5312487.98,4532758.628
Rubus chamaemorus,5104995.464,4340085.661
Rubus chamaemorus,4168601.24,4055793.544
Rubus chamaemorus,5132140.039,4604575.906
Rubus chamaemorus,5184797.954000001,4803299.46
Rubus chamaemorus,4977575.843999999,5074845.349
Rubus chamaemorus,4856068.6,5035436.567
Rubus chamaemorus,4321819.741,4079879.511
Rubus chamaemorus,4402424.259,4645057.892
Rubus chamaemorus,4841834.722,4630558.459
Rubus chamaemorus,4875524.154,4812298.698
Rubus chamaemorus,4909956.386,5052166.298
Rubus chamaemorus,4117252.519,4019585.453
Rubus chamaemorus,4376209.876,4343525.881
Rubus chamaemorus,4301968.947,4417103.266
Rubus chamaemorus,4424549.088,4069867.61
Rubus chamaemorus,4609182.168,4658163.7
Rubus chamaemorus,4220692.626,4170010.399
Rubus chamaemorus,4901789.277,5291819.758
Rubus chamaemorus,4430362.404,4281878.827
Rubus chamaemorus,4688356.017,4588336.486
Rubus chamaemorus,4500865.724,4896054.621
Rubus chamaemorus,4870933.133,5156083.216
Rubus chamaemorus,4621065.074,3757783.133
Rubus chamaemorus,4500066.052,4253558.961
Rubus chamaemorus,4685920.872,4618785.707
Rubus chamaemorus,5204061.242,4674224.529
Rubus chamaemorus,4494789.43,4359632.339
Rubus chamaemorus,4775881.866,5138001.406
Rubus chamaemorus,4419814.287,4350739.105
Rubus chamaemorus,5161360.600999999,4294290.507
Rubus chamaemorus,5264416.989,4594174.484
Rubus chamaemorus,4233962.803,4118207.1760000004
Rubus chamaemorus,5400363.979000001,4551795.903
Rubus chamaemorus,5178967.425,4288045.58
Rubus chamaemorus,4497944.822,4252495.167
Rubus chamaemorus,4865578.374,5066521.072
Rubus chamaemorus,4100351.949,4120403.876
Rubus chamaemorus,5013182.477,4680760.748
Rubus chamaemorus,5094192.68,5289737.992
Rubus chamaemorus,4997182.963,5284614.464
Rubus chamaemorus,4541022.435,3932477.913
Rubus chamaemorus,4634518.86,4199990.823
Rubus chamaemorus,4923627.285,4252031.874
Rubus chamaemorus,4583147.546,4520069.933
Rubus chamaemorus,5305219.261,4138028.791
Rubus chamaemorus,4608703.391,4259009.076
Rubus chamaemorus,4183521.2840000005,4436697.805
Rubus chamaemorus,4261052.589,4470522.881
Rubus chamaemorus,4778216.178999999,5137314.688
Rubus chamaemorus,4554418.177,3753502.153
Rubus chamaemorus,5113004.682,4341051.971
Rubus chamaemorus,5196955.886,4130607.440999999
Rubus chamaemorus,5335998.379,4515288.977
Rubus chamaemorus,5332692.044,4530498.272
Rubus chamaemorus,4531403.535,4211447.796
Rubus chamaemorus,5074829.94,4854822.482
Rubus chamaemorus,4112176.255,4124343.705
Rubus chamaemorus,4643381.357,4795383.743
Rubus chamaemorus,5066710.425,4643805.582
Rubus chamaemorus,4920880.607,4916002.697
Rubus chamaemorus,4989050.856,4329260.089
Rubus chamaemorus,4586218.966,3715175.07
Rubus chamaemorus,5044851.75,5252199.975
Rubus chamaemorus,4704858.206,4695059.306
Rubus chamaemorus,5278799.81,4330535.855
Rubus chamaemorus,4380095.241,4096624.1669999994
Rubus chamaemorus,5068757.464,4971557.593
Rubus chamaemorus,4571145.621,4345889.369
Rubus chamaemorus,4999823.340000001,4844096.105
Rubus chamaemorus,4823952.495,4868909.294
Rubus chamaemorus,4372784.702,4317677.339
Rubus chamaemorus,4390266.829,4555466.247
Rubus chamaemorus,5305473.399,4714445.299
Rubus chamaemorus,5006571.267,5191022.505
Rubus chamaemorus,4265550.121,4280796.739
Rubus chamaemorus,4770134.459999999,5154688.203999999
Rubus chamaemorus,5151099.879,4902596.823
Rubus chamaemorus,5090491.298,4937956.017999999
Rubus chamaemorus,4241320.736,4015346.324
Rubus chamaemorus,4606800.466,4657938.178
Rubus chamaemorus,4872105.256,4634183.068
Rubus chamaemorus,5159689.462,4481575.334
Rubus chamaemorus,4467335.218,3860225.624
Rubus chamaemorus,4124107.639,4169919.74
Rubus chamaemorus,4780330.997,4601178.528
Rubus chamaemorus,4968407.719,4297155.224
Rubus chamaemorus,4173306.64,3948337.573
Rubus chamaemorus,4566607.415,4122866.673
Rubus chamaemorus,4697851.662,4620059.531
Rubus chamaemorus,4181185.403,3919341.503
Rubus chamaemorus,4349708.974,4216886.59
Rubus chamaemorus,5374784.494,4573739.788
Rubus chamaemorus,4330194.012,4063386.098
Rubus chamaemorus,4322191.422,4064704.4260000004
Rubus chamaemorus,5125363.844,4251007.89
Rubus chamaemorus,5124751.985,4213457.466
Rubus chamaemorus,5099767.699000001,5263011.093
Rubus chamaemorus,5149773.683,4115241.664
Rubus chamaemorus,4154949.194,4406045.889
Rubus chamaemorus,4157797.838,3999027.252
Rubus chamaemorus,4139673.168,4224898.925
Rubus chamaemorus,5242899.222,4031185.0180000006
Rubus chamaemorus,4884355.877,4173206.056
Rubus chamaemorus,4290433.83,4086929.624
Rubus chamaemorus,4771108.15,5154943.336
Rubus chamaemorus,5145231.152,4845546.419
Rubus chamaemorus,4947686.607,4262492.903
Rubus chamaemorus,5326770.357,4016723.83
Rubus chamaemorus,5249755.861999999,4044216.863
Rubus chamaemorus,4500790.363,4567726.312
Rubus chamaemorus,4684558.72,5225998.899
Rubus chamaemorus,4470631.26,4100495.71
Rubus chamaemorus,4989012.219999999,4883741.598
Rubus chamaemorus,4219285.47,4394912.268
Rubus chamaemorus,5354239.231,4415031.569
Rubus chamaemorus,5122221.665,4733941.982
Rubus chamaemorus,4587596.374,3970564.832
Rubus chamaemorus,4765967.907,5154621.62
Rubus chamaemorus,4419723.772,4295698.922
Rubus chamaemorus,5045933.826,4846510.285999999
Rubus chamaemorus,4471716.951,4669036.551
Rubus chamaemorus,4120336.828,4363611.576
Rubus chamaemorus,4775183.134,5140624.162
Rubus chamaemorus,5121004.843,4214383.154
Rubus chamaemorus,4423622.018,4334784.989
Rubus chamaemorus,5140729.02,4691236.791
Rubus chamaemorus,4579318.914,4140066.996
Rubus chamaemorus,4839411.048,4721907.885
Rubus chamaemorus,4823663.44,5087601.557
Rubus chamaemorus,5334939.162,4629970.418
Rubus chamaemorus,4691221.257,4194538.01
Rubus chamaemorus,4773619.898,5135085.415
Rubus chamaemorus,4790193.678,4772059.01
Rubus chamaemorus,5096037.044,4592450.669
Rubus chamaemorus,5160754.051,5049050.1
Rubus chamaemorus,4416537.736,4067266.827
Rubus chamaemorus,4444694.268,4473879.287
Rubus chamaemorus,4989696.729,4464118.409
Rubus chamaemorus,4961327.522,5214393.055
Rubus chamaemorus,4344413.718,4476730.044
Rubus chamaemorus,4655573.297,4795492.604
Rubus chamaemorus,5131113.215000001,4394032.061
Rubus chamaemorus,5304460.859,4323670.598
Rubus chamaemorus,5169578.867,4298392.642
Rubus chamaemorus,5189027.839,4023692.8020000006
Rubus chamaemorus,5290596.024,4533563.568
Rubus chamaemorus,4467601.816,4280542.209
Rubus chamaemorus,5018370.103000001,4676925.042
Rubus chamaemorus,4480312.069,4331153.383
Rubus chamaemorus,4950852.9,5173759.894
Rubus chamaemorus,4105880.69,3978832.8919999995
Rubus chamaemorus,4971788.687,5236546.789
Rubus chamaemorus,4450022.544,4513465.921
Rubus chamaemorus,4529615.525,3780821.455
Rubus chamaemorus,5015124.343,4681252.026
Rubus chamaemorus,4772556.16,5164553.962
Rubus chamaemorus,4815483.25,4624044.795
Rubus chamaemorus,4743454.418,5242889.724
Rubus chamaemorus,4535027.148,4581312.701
Rubus chamaemorus,4911749.945,4845513.142
Rubus chamaemorus,5143522.577,4883475.215
Rubus chamaemorus,5200961.181000001,4854385.902
Rubus chamaemorus,5193722.917,4403406.629
Rubus chamaemorus,4797701.092,5123940.226
Rubus chamaemorus,5079060.161,4152902.712
Rubus chamaemorus,4879094.141,5390985.73
Rubus chamaemorus,4767852.494,4731042.388
Rubus chamaemorus,4747111.825,3984538.927
Rubus chamaemorus,5147576.016,4496085.116
Rubus chamaemorus,4967997.888,5268392.365
Rubus chamaemorus,4147971.852999999,4255895.529
Rubus chamaemorus,4979135.791,5415812.874
Rubus chamaemorus,5155499.812,4485687.362
Rubus chamaemorus,4566124.174,4168646.518
Rubus chamaemorus,4793382.663,5102290.329
Rubus chamaemorus,4156053.679,4413422.692
Rubus chamaemorus,4793654.786,4532383.294
Rubus chamaemorus,5141409.143,4220223.562
Rubus chamaemorus,4842294.645,4580980.801
Rubus chamaemorus,4079187.158,4310248.628
Rubus chamaemorus,4703005.138,4875297.969
Rubus chamaemorus,4928451.862,4871736.404
Rubus chamaemorus,4907511.791,5075400.832
Rubus chamaemorus,4814561.478,5345024.88
Rubus chamaemorus,4627214.304,3983536.378
Rubus chamaemorus,5122673.512999999,4217892.163
Rubus chamaemorus,4811282.664,5101827.375
Rubus chamaemorus,4904201.474,5085330.598
Rubus chamaemorus,5217203.772,4615433.613
Rubus chamaemorus,4547496.827,4343031.591
Rubus chamaemorus,5041801.661,5091377.806
Rubus chamaemorus,4953862.391999999,5151952.901
Rubus chamaemorus,4297513.7,4403165.947
Rubus chamaemorus,4114412.431,4063162.532
Rubus chamaemorus,4242766.487,4085107.638
Rubus chamaemorus,5138921.282,4253646.892
Rubus chamaemorus,4435382.174,4304333.487
Rubus chamaemorus,5009972.743,4557268.32
Rubus chamaemorus,4831725.528,4561610.299
Rubus chamaemorus,4480492.686,4227082.455
Rubus chamaemorus,4400504.608,4135112.784
Rubus chamaemorus,4689255.739,4495350.617
Rubus chamaemorus,4581071.666,5057805.233
Rubus chamaemorus,5269133.406,4075067.527
Rubus chamaemorus,4742568.186,4579442.99
Rubus chamaemorus,4962535.333,4964163.158
Rubus chamaemorus,4968392.726,5018064.076
Rubus chamaemorus,4777425.261,5165829.292
Rubus chamaemorus,4658923.297,4810449.593
Rubus chamaemorus,4242714.819,4409850.784
Rubus chamaemorus,5105756.795,4337182.03
Rubus chamaemorus,5094421.74,4602348.696
Rubus chamaemorus,4717111.862,4651618.818
Rubus chamaemorus,4330573.424,4088329.472
Rubus chamaemorus,4394706.674,4020463.842
Rubus chamaemorus,4779710.389,4600800.583
Rubus chamaemorus,5110023.193,4324840.34
Rubus chamaemorus,5123684.635,4210341.293
Rubus chamaemorus,5048479.488,5026052.553999999
Rubus chamaemorus,5091962.673999999,4619245.977
Rubus chamaemorus,4479502.798,3892750.107
Rubus chamaemorus,5194526.617,4305606.443
Rubus chamaemorus,4125787.793,4230688.951
Rubus chamaemorus,4812699.463999999,4866908.380000001
Rubus chamaemorus,4998698.961,4133691.289
Rubus chamaemorus,4545835.742,4173364.241
Rubus chamaemorus,4124102.886,4186666.16
Rubus chamaemorus,4338594.941,4129671.552
Rubus chamaemorus,4659777.259,4461625.16
Rubus chamaemorus,4936346.84,4420823.403
Rubus chamaemorus,4681066.321,4888091.713
Rubus chamaemorus,5049941.673999999,4735243.432
Rubus chamaemorus,4489235.841,4237421.92
Rubus chamaemorus,5143696.155,4495118.071
Rubus chamaemorus,4667852.179,4502431.424
Rubus chamaemorus,5070989.226,4359426.613
Rubus chamaemorus,4737397.933,4712875.277
Rubus chamaemorus,4735352.842,4891486.463
Rubus chamaemorus,4162838.14,4006750.4569999995
Rubus chamaemorus,5054871.469,4540927.052
Rubus chamaemorus,4478293.696,4194205.785
Rubus chamaemorus,4437090.025,4228247.082
Rubus chamaemorus,5241555.707,4082433.493
Rubus chamaemorus,5107801.550999999,4790834.507
Rubus chamaemorus,5010979.764,4681232.931
Rubus chamaemorus,5047566.642,5149055.315
Rubus chamaemorus,5313648.312,4581754.606
Rubus chamaemorus,4909461.367,4963936.347
Rubus chamaemorus,4659265.587,4367040.964
Rubus chamaemorus,4620282.429,4808454.81
Rubus chamaemorus,5097747.673,4336214.647
Rubus chamaemorus,4496796.72,4565119.429
Rubus chamaemorus,4612316.456,5171019.084
Rubus chamaemorus,4972071.957,4591058.257
Rubus chamaemorus,5340645.414,3962595.764
Rubus chamaemorus,4944599.808,4493962.346
Rubus chamaemorus,5143625.981,4962892.298
Rubus chamaemorus,4430553.889,4340888.636
Rubus chamaemorus,4413215.588,4154933.466
Rubus chamaemorus,4147498.791,4017125.555
Rubus chamaemorus,4675693.175,5056448.086
Rubus chamaemorus,5077749.664000001,4617920.525
Rubus chamaemorus,5258813.52,4407123.66
Rubus chamaemorus,4298252.207,4354829.94
Rubus chamaemorus,4321690.626,4031574.0880000005
Rubus chamaemorus,5019341.023,4677170.543
Rubus chamaemorus,4378092.511,4148053.74
Rubus chamaemorus,5030078.364,4881591.995
Rubus chamaemorus,4492785.995,4341115.403
Rubus chamaemorus,4470620.83,4346097.919
Rubus chamaemorus,5011717.379,4823451.542
Rubus chamaemorus,4951502.266,4818742.260999999
Rubus chamaemorus,5161733.595,4127538.135
Rubus chamaemorus,4320808.766,4008004.7030000007
Rubus chamaemorus,4560719.54,4350260.069
Rubus chamaemorus,4327565.271,4088375.052
Rubus chamaemorus,5032001.102,4494961.498
Rubus chamaemorus,5314427.614,3944696.115
Rubus chamaemorus,4317894.675,4340465.802
Rubus chamaemorus,4439213.738,4193337.43
Rubus chamaemorus,4831101.197,5252705.056
Rubus chamaemorus,4687143.977,4549988.132
Rubus chamaemorus,5107652.685,4699481.994
Rubus chamaemorus,5140330.326000001,4283910.319
Rubus chamaemorus,4781422.872,5118660.714
Rubus chamaemorus,4464204,4465440.381
Rubus chamaemorus,4417825.895,4221852.693
Rubus chamaemorus,5053811.173,4961622.724
Rubus chamaemorus,5029903.555,4672632.253
Rubus chamaemorus,4169675.646,3917845.004
Rubus chamaemorus,5247558.912,4084336.467
Rubus chamaemorus,5210667.823,4090246.2850000006
Rubus chamaemorus,4604989.914,4687404.397
Rubus chamaemorus,4539773.572,3771891.943
Rubus chamaemorus,4861980.257,4956206.284000001
Rubus chamaemorus,4562914.134,3806408.077
Rubus chamaemorus,4338374.003,4116860.695
Rubus chamaemorus,4476736.728,4765040.248
Rubus chamaemorus,5184815.056,4237758.884
Rubus chamaemorus,4866357.416,5065818.884
Rubus chamaemorus,4804466.208,5000780.754
Rubus chamaemorus,4669577.6,4512476.48
Rubus chamaemorus,5015573.544,4683424.881
Rubus chamaemorus,4149130.3089999994,4026089.538
Rubus chamaemorus,5224936.455,4683291.946
Rubus chamaemorus,4957051.846,4226736.283
Rubus chamaemorus,4675393.976,4915008.806
Rubus chamaemorus,4651117.9,4235452.213
Rubus chamaemorus,5076523.44,4480516.301
Rubus chamaemorus,4940307.471,4433156.75
Rubus chamaemorus,4493900.441,3778291.951
Rubus chamaemorus,4830348.785,5369099.014
Rubus chamaemorus,5308707.602,4698793.859
Rubus chamaemorus,4459093.46,5000582.273
Rubus chamaemorus,5114534.156,4768438.04
Rubus chamaemorus,4420312.453,4307246.801
Rubus chamaemorus,4547746.95,4939530.678999999
Rubus chamaemorus,4816685.614,4803593.659
Rubus chamaemorus,5048479.172,4611406.056
Rubus chamaemorus,4790920.991,5147818.473
Rubus chamaemorus,4887211.696,5087269.893
Rubus chamaemorus,4859504.681,5234487.549
Rubus chamaemorus,4573633.155,3953847.585
Rubus chamaemorus,4321355.221,4500408.222
Rubus chamaemorus,4305651.727,4031812.201
Rubus chamaemorus,4323606.41,4078655.14
Rubus chamaemorus,4684401.846,4463094.78
Rubus chamaemorus,4440706.551,4276420.817
Rubus chamaemorus,5014194.904,3985763.747
Rubus chamaemorus,4864937.516,5111647.295
Rubus chamaemorus,4674125.792,4736985.756
Rubus chamaemorus,4239127.923,4380454.098
Rubus chamaemorus,4959883.351,4962458.702
Rubus chamaemorus,4764493.953,5163466.066
Rubus chamaemorus,4492317.794,4340614.623
Rubus chamaemorus,4944026.979,4557487.059
Rubus chamaemorus,4572378.581,4200001.982
Rubus chamaemorus,4617277.736,4273114.942
Rubus chamaemorus,4714079.895,4829807.457
Rubus chamaemorus,4573435.422,4966991.223
Rubus chamaemorus,5148912.023,4487139.485
Rubus chamaemorus,4800881.684,5142212.261
Rubus chamaemorus,4370975.776,3999998.481
Rubus chamaemorus,4791735.267,5144953.646
Rubus chamaemorus,4482337.071,4502500.58
Rubus chamaemorus,4401722.258,4337452.986
Rubus chamaemorus,4201057.136,3989206.237
Rubus chamaemorus,4510493.825,4446745.543
Rubus chamaemorus,4524264.732,4416979.634
Rubus chamaemorus,4417267.08,4357754.772
Rubus chamaemorus,5019305.825,4546364.703
Rubus chamaemorus,4218498.371,4022478.879
Rubus chamaemorus,5062808.129,4540749.261
Rubus chamaemorus,5224497.467,4769693.274
Rubus chamaemorus,4613532.233,4424225.227
Rubus chamaemorus,4597445.715,4700806.93
Rubus chamaemorus,4833911.281,5338244.143999999
Rubus chamaemorus,4643032.122,4490723.242
Rubus chamaemorus,5053674.3319999995,4730660.154
Rubus chamaemorus,4314711.664,4195259.935
Rubus chamaemorus,5247392.87,4655401.712
Rubus chamaemorus,4798619.314000001,4940756.557
Rubus chamaemorus,4122828.988,4253095.837
Rubus chamaemorus,4719087.308,4486729.852
Rubus chamaemorus,4479786.262,4246783.018
Rubus chamaemorus,4485628.085,4866040.624
Rubus chamaemorus,4994831.476000001,4241852.386
Rubus chamaemorus,4288236.663,4063100.886
Rubus chamaemorus,4881325.211,5090138.65
Rubus chamaemorus,4542691.579,4557649.006
Rubus chamaemorus,4519181.513,5032701.415
Rubus chamaemorus,4854691.916,4831068.421
Rubus chamaemorus,4531148.12,5071796.004
Rubus chamaemorus,5087145.287,4258294.355
Rubus chamaemorus,4432065.588,4712956.725
Rubus chamaemorus,4726349.536,4608994.301
Rubus chamaemorus,4331652.155,4093302.443
Rubus chamaemorus,5054454.389,4474496.555
Rubus chamaemorus,4766625.537,4038507.09
Rubus chamaemorus,4493763.982,5023432.239
Rubus chamaemorus,4651386.159,4456265.876
Rubus chamaemorus,5271931.138,4352272.476
Rubus chamaemorus,4616430.025,3759594.601
Rubus chamaemorus,5135161.592,4831180.13
Rubus chamaemorus,5182800.352,4051047.406999999
Rubus chamaemorus,4862131.557,4956469.574
Rubus chamaemorus,5027440.636,4674069.469
Rubus chamaemorus,4978103.261,4855033.286
Rubus chamaemorus,4132615.826,4213803.527
Rubus chamaemorus,4484149.297,3837589.312
Rubus chamaemorus,4770151.439,4925752.218
Rubus chamaemorus,4169452.049,4032314.424
Rubus chamaemorus,5096340.96,4802604.632
Rubus chamaemorus,4989608.692999999,4224614.785
Rubus chamaemorus,5156196.522,4222859.539
Rubus chamaemorus,4825151.892,4868803.635
Rubus chamaemorus,5080163.466,4547254.465
Rubus chamaemorus,4542978.575,4547591.766
Rubus chamaemorus,5076782.66,5338040.524
Rubus chamaemorus,4674010.24,4980451.618000001
Rubus chamaemorus,5169329.81,4049302.377
Rubus chamaemorus,5037294.863,4287074.757
Rubus chamaemorus,4576231.025,4160286.573
Rubus chamaemorus,4488319.584,3842424.968
Rubus chamaemorus,4589006.053,4020903.6099999994
Rubus chamaemorus,4585609.21,4001233.115
Rubus chamaemorus,5076547.668,5337951.652
Rubus chamaemorus,5099599.657,4771514.276000001
Rubus chamaemorus,4531272.449,4541777.327
Rubus chamaemorus,4436626.368,4027346.44
Rubus chamaemorus,4255647.934,4108380.374
Rubus chamaemorus,5068737.253,4741676.407
Rubus chamaemorus,5012544.742,4675451.413
Rubus chamaemorus,4469232.621,5013269.920000001
Rubus chamaemorus,4136198.419,4190505.278
Rubus chamaemorus,4720726.878,4108951.299
Rubus chamaemorus,4867187.725,4753065.76
Rubus chamaemorus,4441292.571,4386361.072
Rubus chamaemorus,4465520.351,4278413.509
Rubus chamaemorus,4397590.216,4141145.487
Rubus chamaemorus,4910890.427,5135657.880999999
Rubus chamaemorus,4200835.84,3988949.483
Rubus chamaemorus,4795580.975000001,5284074.469
Rubus chamaemorus,5292376.385,4111802.801
Rubus chamaemorus,4928858.375,5002820.466
Rubus chamaemorus,4295542.083,4047873.751
Rubus chamaemorus,5019917.341,4816269.019
Rubus chamaemorus,4629032.109,4609380.321
Rubus chamaemorus,4614713.623,4303245.232
Rubus chamaemorus,4905374.517,4956096.246
Rubus chamaemorus,4983847.177,5273683.063
Rubus chamaemorus,4948197.845,5064267.129999999
Rubus chamaemorus,5088759.445,4542197.002
Rubus chamaemorus,4494596.576,4274524.528
Rubus chamaemorus,5035715.176,4343618.696
Rubus chamaemorus,4931665.337,4912488.464
Rubus chamaemorus,5180183.567,4131535.45
Rubus chamaemorus,5113811.149,4334034.46
Rubus chamaemorus,5019833.783,4690679.96
Rubus chamaemorus,4520554.358,5060454.771
Rubus chamaemorus,4484725.818,5015802.449
Rubus chamaemorus,5010124.091,4688223.17
Rubus chamaemorus,4530102.304,3715471.883
Rubus chamaemorus,4277157.346,4426443.066
Rubus chamaemorus,5005721.682999999,5175233.782000001
Rubus chamaemorus,5240334.077,4710793.013
Rubus chamaemorus,4789450.973,5156666.695
Rubus chamaemorus,4738479.403000001,4713232.396
Rubus chamaemorus,5101850.068,4655719.047
Rubus chamaemorus,4342366.89,4082361.448
Rubus chamaemorus,4108070.203,3942460.699
Rubus chamaemorus,5129790.782,4239148.173
Rubus chamaemorus,5106965.949,4078727.245
Rubus chamaemorus,4413395.575,4301736.518
Rubus chamaemorus,5140188.793,4220952.306
Rubus chamaemorus,5189877.28,4097599.219
Rubus chamaemorus,4554581.344,4392434.458
Rubus chamaemorus,4415966.641,4097946.725
Rubus chamaemorus,4255535.05,4402141.265
Rubus chamaemorus,4985278.067,4812854.219
Rubus chamaemorus,5019786.152,4414489.101
Rubus chamaemorus,4175014.583,3943390.871
Rubus chamaemorus,5149358.916,4227864.775
Rubus chamaemorus,5161722.721,4493422.211
Rubus chamaemorus,4908410.745,5308667.536999999
Rubus chamaemorus,5103868.329,4605746.411
Rubus chamaemorus,5033574.901,4766212.208
Rubus chamaemorus,5112798.319,4626527.264
Rubus chamaemorus,4489340.334,3788253.546
Rubus chamaemorus,4502023.904,4733961.872
Rubus chamaemorus,5205188.011,4308244.987
Rubus chamaemorus,4633440.6,4310656.222
Rubus chamaemorus,4286913.384,4360539.05
Rubus chamaemorus,5337839.896,4630125.585
Rubus chamaemorus,5234376.302,4618412.388
Rubus chamaemorus,4829262.897,4639994.6
Rubus chamaemorus,4778816.388,4925306.286
Rubus chamaemorus,5055952.684,4333255.027
Rubus chamaemorus,4455804.059,4266982.318
Rubus chamaemorus,4947932.664,4304789.355
Rubus chamaemorus,5142846.387,4963024.47
Rubus chamaemorus,4923750.004,5004951.654
Rubus chamaemorus,4685298.458,4956786.555
Rubus chamaemorus,4505445.887,4924868.238
Rubus chamaemorus,4584873.245,4887159.681
Rubus chamaemorus,4795630.202,5145970.986
Rubus chamaemorus,5042045.979,4845528.476
Rubus chamaemorus,4161022.032,4016458.527
Rubus chamaemorus,4730499.555000001,4801783.478
Rubus chamaemorus,5069971.266,4363295.497
Rubus chamaemorus,5170961.372,4129525.891
Rubus chamaemorus,4320994.354,4065121.58
Rubus chamaemorus,4657594.695,4281868.095
Rubus chamaemorus,5217187.454,4838907.468
Rubus chamaemorus,4624322.314,4627719.244
Rubus chamaemorus,5063386.486,4344793.533
Rubus chamaemorus,4488698.954,4012763.961
Rubus chamaemorus,4574295.4,4619739.796
Rubus chamaemorus,4184747.122,4130143.3119999995
Rubus chamaemorus,4478444.007,3797227.476
Rubus chamaemorus,4812688.677,5104246.16
Rubus chamaemorus,5117972.04,4214145.156
Rubus chamaemorus,5093562.708,4221738.168
Rubus chamaemorus,5199079.503,4311892.064
Rubus chamaemorus,4576590.945,4426501.013
Rubus chamaemorus,4286354.664,4435506.524
Rubus chamaemorus,4210133.741,4067886.777
Rubus chamaemorus,4572397.285,4458893.379
Rubus chamaemorus,5139604.131,4763294.302
Rubus chamaemorus,4235716.143,4267417.075
Rubus chamaemorus,4734735.186,4818086.571000001
Rubus chamaemorus,4535472.615,4422590.355
Rubus chamaemorus,4524591.036,3730223.513
Rubus chamaemorus,4163763.208,4082363.3530000006
Rubus chamaemorus,4423339.06,4320494.631
Rubus chamaemorus,4477281.298,4557438.817
Rubus chamaemorus,4169418.092,4148366.593
Rubus chamaemorus,4575436.765,3818838.547
Rubus chamaemorus,4376991.626,4329564.883
Rubus chamaemorus,5080196.737,4273059.235
Rubus chamaemorus,4123930.001,4142566.122
Rubus chamaemorus,4946300.609,5030792.233999999
Rubus chamaemorus,5126972.47,4283683.387
Rubus chamaemorus,4435423.829,4309681.801
Rubus chamaemorus,5078834.639,4238691.877
Rubus chamaemorus,5042807.071,4659412.871
Rubus chamaemorus,5151745.767,4218145.308
Rubus chamaemorus,4394598.715,4013473.498
Rubus chamaemorus,5314010.71,4012486.008
Rubus chamaemorus,4794897.202,5100633.408
Rubus chamaemorus,4536571.441,4281398.203
Rubus chamaemorus,5154742.281,4220242.338
Rubus chamaemorus,4424242.359,4470722.634
Rubus chamaemorus,4738301.13,4460246.455
Rubus chamaemorus,4593580.034,4517946.904
Rubus chamaemorus,4349164.046,4372924.255
Rubus chamaemorus,5098692.631,4609600.976
Rubus chamaemorus,5034709.288,4962966.073
Rubus chamaemorus,4954057.559999999,4949665.41
Rubus chamaemorus,4257445.596,4249517.142
Rubus chamaemorus,5137902.951,4973475.239
Rubus chamaemorus,4725403.459,4527564.013
Rubus chamaemorus,4897913.826,5057529.131
Rubus chamaemorus,4569522.179,4503782.72
Rubus chamaemorus,5015834.393,4682461.335
Rubus chamaemorus,5073751.538,4372489.044
Rubus chamaemorus,4361954.478,4476197.967
Rubus chamaemorus,4694494.053,4449629.416
Rubus chamaemorus,5130566.47,4825586.925
Rubus chamaemorus,4889514.244,5080009.269
Rubus chamaemorus,5052254.532,4705043.099
Rubus chamaemorus,5123987.554,4218185.696
Rubus chamaemorus,4357247.803,4185855.409
Rubus chamaemorus,4479215.907,4322604.591
Rubus chamaemorus,5122547.833,4218376.707
Rubus chamaemorus,5031630.41,4685424.436
Rubus chamaemorus,5198818.465,4521197.558
Rubus chamaemorus,4715553.402,4530535.574
Rubus chamaemorus,5096238.041,5067860.877
Rubus chamaemorus,5326110.78,4531977.793
Rubus chamaemorus,4541223.384,4101128.569
Rubus chamaemorus,4619498.156,5134853.053
Rubus chamaemorus,4326486.681,4083401.767
Rubus chamaemorus,5101345.593,4611295.992
Rubus chamaemorus,5249467.279,4558763.628
Rubus chamaemorus,4474587.714,4180869.016
Rubus chamaemorus,4671213.68,4238443.344
Rubus chamaemorus,4695394.218,4533782.229
Rubus chamaemorus,4537471.905,3740641.097
Rubus chamaemorus,4986912.861,4256867.226
Rubus chamaemorus,4554979.698,3712809.078
Rubus chamaemorus,5090579.813,4229245.233
Rubus chamaemorus,4648874.151,4810627.97
Rubus chamaemorus,4293175.094,4210279.262
Rubus chamaemorus,4574640.315,4305707.487
Rubus chamaemorus,4777450.655,4496654.566
Rubus chamaemorus,4595782.065,4641329.451
Rubus chamaemorus,4567529.054,4494218.732
Rubus chamaemorus,4591242.519,4116064.867
Rubus chamaemorus,4962444.789,4399391.559
Rubus chamaemorus,5181815.989,4263253.584
Rubus chamaemorus,5126297.213,4572202.322
Rubus chamaemorus,4277794.447,4542176.695
Rubus chamaemorus,5017471.122,4672579.158
Rubus chamaemorus,4526485.393,3677941.555
Rubus chamaemorus,5012969.632,4112520.018
Rubus chamaemorus,4354820.032,4232985.578
Rubus chamaemorus,4757479.423,4866181.144
Rubus chamaemorus,5121084.201,4715122.22
Rubus chamaemorus,5165822.319,4938971.106
Rubus chamaemorus,4663877.462,4203570.522
Rubus chamaemorus,4177816.866,4386734.624
Rubus chamaemorus,4533069.532,3855610.712
Rubus chamaemorus,4606528.447,4687807.413
Rubus chamaemorus,4680569.73,4519002.022
Rubus chamaemorus,4530140.936,4241002.084
Rubus chamaemorus,5012640.982,5296989.651
Rubus chamaemorus,5192348.807,4905334.301
Rubus chamaemorus,5134470.751,4997287.151
Rubus chamaemorus,4433567.766,4260973.103
Rubus chamaemorus,5013468.656,4729199.759
Rubus chamaemorus,5152480.878,4493183.324
Rubus chamaemorus,4513161.436,4319193.121
Rubus chamaemorus,4676470.733,5198858.045
Rubus chamaemorus,4242882.783,4382893.276
Rubus chamaemorus,5207776.01,4438346.744
Rubus chamaemorus,5094097.453999999,4622871.933
Rubus chamaemorus,4186853.485,4341730.159
Rubus chamaemorus,5100541.419,4254414.393
Rubus chamaemorus,5130953.463,4207848.191
Rubus chamaemorus,4095208.937,4082404.225
Rubus chamaemorus,4677317.933,4708664.284
Rubus chamaemorus,4321828.834,4080478.187000001
Rubus chamaemorus,4197268.928,4403909.937
Rubus chamaemorus,4887461.017,5002608.699
Rubus chamaemorus,4864856.741,4901969.403
Rubus chamaemorus,4746988.66,4922580.364
Rubus chamaemorus,5274340.599000001,4288157.872
Rubus chamaemorus,4163289.511,4034898.0739999996
Rubus chamaemorus,5169364.873,4003702.979
Rubus chamaemorus,4518756.597,3663739.845
Rubus chamaemorus,5026990.876,4671896.524
Rubus chamaemorus,5016760.888,4671369.869
Rubus chamaemorus,5014710.418,5230074.656000001
Rubus chamaemorus,4430071.631,4503484.46
Rubus chamaemorus,4478657.132,4322446.324
Rubus chamaemorus,4301655.182,4359882.832
Rubus chamaemorus,4763350.558,5199482.419
Rubus chamaemorus,4549363.387,3953635.269
Rubus chamaemorus,4503927.442,4504608.467
Rubus chamaemorus,5091788.304,4784993.741
Rubus chamaemorus,4790810.454,4661442.412
Rubus chamaemorus,5137711.618,4226526.703
Rubus chamaemorus,4763859.213000001,4575524.861
Rubus chamaemorus,5181801.071,4338560.679
Rubus chamaemorus,4859577.46,4936697.275000001
Rubus chamaemorus,5054835.067,4334572.985
Rubus chamaemorus,4301902.236,4308515.776
Rubus chamaemorus,4813889.772,4613218.39
Rubus chamaemorus,4894340.783,5271070.29
Rubus chamaemorus,4418939.017,4585160.34
Rubus chamaemorus,4997529.644,4233816.077
Rubus chamaemorus,4993119.045,4864204.161
Rubus chamaemorus,5117183.168,4579198.28
Rubus chamaemorus,5261191.739,4690200.543
Rubus chamaemorus,5023080.293,4686352.874
Rubus chamaemorus,4975425.655,5167100.772000001
Rubus chamaemorus,5206256.692,4716259.72
Rubus chamaemorus,4917881.457,5042121.763
Rubus chamaemorus,4333232.168,3752116.552
Rubus chamaemorus,5292599.073,4681495.373
Rubus chamaemorus,5110163.469,4406376.916
Rubus chamaemorus,5123811.207,4781698.158
Rubus chamaemorus,4682218.222,4724715.659
Rubus chamaemorus,4663319.906,5194535.072
Rubus chamaemorus,4515028.325,4916676.885
Rubus chamaemorus,4185279.519,3998829.824
Rubus chamaemorus,4367853.39,4110428.832
Rubus chamaemorus,5072402.916,5326519.239
Rubus chamaemorus,4309566.638,4321659.681
Rubus chamaemorus,4211689.118,4067516.813
Rubus chamaemorus,4800339.189,5144122.504
Rubus chamaemorus,4495500.467,4628847.715
Rubus chamaemorus,4947559.981,5033069.408
Rubus chamaemorus,4499453.887,4253653.38
Rubus chamaemorus,4278964.33,4227398.841
Rubus chamaemorus,4298821.169,4308753.1
Rubus chamaemorus,4525673.296,4207050.663
Rubus chamaemorus,4477783.57,4255735.749
Rubus chamaemorus,4991136.517,5293754.115
Rubus chamaemorus,5289820.991,4692092.542
Rubus chamaemorus,5101137.719,4188558.804
Rubus chamaemorus,4899175.417,5076259.903
Rubus chamaemorus,5087113.187,5378052.6049999995
Rubus chamaemorus,5024693.387,3974064.448
Rubus chamaemorus,4799473.194,4986317.995
Rubus chamaemorus,4603584.268,3801922.454
Rubus chamaemorus,5112035.25,4340810.246
Rubus chamaemorus,4175511.955,4435260.872
Rubus chamaemorus,5014819.152,4670878.773
Rubus chamaemorus,5086454.783000001,4021352.417
Rubus chamaemorus,4545243.236,4063236.128
Rubus chamaemorus,4378844.318,4093608.193
Rubus chamaemorus,4270884.965,4114884.0440000007
Rubus chamaemorus,4139292.598,4228627.681
Rubus chamaemorus,4972364.845,4860771.829
Rubus chamaemorus,4344260.964,4477096.541
Rubus chamaemorus,5124073.811,4221197.423
Rubus chamaemorus,4848193.271,5050066.813
Rubus chamaemorus,4273792.145,4379377.612
Rubus chamaemorus,5043528.713,4338115.669
Rubus chamaemorus,5028438.687,4842088.754
Rubus chamaemorus,4228785.571,4085335.292
Rubus chamaemorus,5176326.539,4062196.681
Rubus chamaemorus,5073989.164,4237483.238
Rubus chamaemorus,4714284.953,4431546.25
Rubus chamaemorus,5201594.905,4080872.12
Rubus chamaemorus,4560069.338,4518929.523
Rubus chamaemorus,5092944.956,4236021.811
Rubus chamaemorus,4611981.333,4703077.71
Rubus chamaemorus,4552982.165,4092119.121
Rubus chamaemorus,4128523.172,4134135.384
Rubus chamaemorus,4988025.734,4917201.756
Rubus chamaemorus,5096016.762,4338875.989
Rubus chamaemorus,4387014.414,4583837.405
Rubus chamaemorus,5151544.227000001,4686685.809
Rubus chamaemorus,5190581.156,4462443.435
Rubus chamaemorus,5016489.974,5166546.903
Rubus chamaemorus,5012112.561,5289847.212
Rubus chamaemorus,5265648.404,4143245.223
Rubus chamaemorus,4473260.64,4280415.828
Rubus chamaemorus,4228443.509,4241458.318
Rubus chamaemorus,4460494.408,4509464.198
Rubus chamaemorus,4797978.769,5104516.311
Rubus chamaemorus,4959975.679,4958371.026
Rubus chamaemorus,4939510.199,4249531.105
Rubus chamaemorus,5123539.061,4321850.802
Rubus chamaemorus,4872472.931,4802162.428
Rubus chamaemorus,4401880.13,4090809.228
Rubus chamaemorus,5129528.975,4218305.737
Rubus chamaemorus,4196814.218,4423401.837
Rubus chamaemorus,4980694.039,4555141.506
Rubus chamaemorus,4780386.944,5129675.559
Rubus chamaemorus,5171229.026,4299503.513
Rubus chamaemorus,4656886.232,4281426.445
Rubus chamaemorus,4912993.813,5044190.636
Rubus chamaemorus,4581935.02,3870858.8369999994
Rubus chamaemorus,4415325.507,4340208.248
Rubus chamaemorus,4275552.35,4183604.107
Rubus chamaemorus,4742302.244,4877951.542
Rubus chamaemorus,4678767.523,4498633.579
Rubus chamaemorus,4329570.679,4088344.635
Rubus chamaemorus,4262723.315,4044408.176
Rubus chamaemorus,4493306.776,4272720.996
Rubus chamaemorus,5093751.449,4716510.167
Rubus chamaemorus,4358335.597,4161776.829
Rubus chamaemorus,5020902.324,4899838.26
Rubus chamaemorus,4306759.74,4171494.2259999993
Rubus chamaemorus,4501340.941,4315141.591
Rubus chamaemorus,4732826.828,4771350.937
Rubus chamaemorus,5067632.947,4374237.347
Rubus chamaemorus,4251768.354,4078153.282
Rubus chamaemorus,5069849.544,5170061.156
Rubus chamaemorus,4671422.951,4237603.19
Rubus chamaemorus,5055833.304,4728244.210000001
Rubus chamaemorus,5055302.318,4154461.983
Rubus chamaemorus,5059837.29,5168568.208
Rubus chamaemorus,5242621.039,4771588.59
Rubus chamaemorus,4366461.604,4097413.746
Rubus chamaemorus,5033276.678,4773867.393
Rubus chamaemorus,4364746.045,4127206.6
Rubus chamaemorus,4578328.173,4385369.174
Rubus chamaemorus,4824806.596,5018141.706
Rubus chamaemorus,5052347.558,4332079.159
Rubus chamaemorus,4672355.748,5196167.453
Rubus chamaemorus,4821650.716,4740663.18
Rubus chamaemorus,4412971.998,4091132.158
Rubus chamaemorus,5268386.08,4275339.62
Rubus chamaemorus,4282771.909,4084830.941
Rubus chamaemorus,4233534.441,4208705.333
Rubus chamaemorus,4637658.338,5040279.293
Rubus chamaemorus,5079138.518,4205770.408
Rubus chamaemorus,4183266.32,4142207.8330000006
Rubus chamaemorus,5088739.856,4456648.28
Rubus chamaemorus,4643230.169,4555539.352
Rubus chamaemorus,5236710.701,4708867.211
Rubus chamaemorus,5143403.02,4480611.983
Rubus chamaemorus,4558775.492,4139373.344
Rubus chamaemorus,4622943.334,4213789.77
Rubus chamaemorus,4611399.918,4217481.848
Rubus chamaemorus,4170871.658,4415392.72
Rubus chamaemorus,4319123.315,4230099.085
Rubus chamaemorus,4811606.766,5108069.338
Rubus chamaemorus,4315964.112,4260798.333
Rubus chamaemorus,5007291.657000001,4964244.615
Rubus chamaemorus,4865863.616,5270150.637
Rubus chamaemorus,5079125.684,4233608.744
Rubus chamaemorus,4156628.361,3996259.513
Rubus chamaemorus,5059552.604,4339956.831
Rubus chamaemorus,4900013.624,5360483.567
Rubus chamaemorus,4371267.741,4348588.271
Rubus chamaemorus,4464497.119,3841225.3790000007
Rubus chamaemorus,4952674.265,4304441
Rubus chamaemorus,4817663.895,5090486.256999999
Rubus chamaemorus,4176909.922,4318003.565
Rubus chamaemorus,4580005.736,4225709.014
Rubus chamaemorus,4697318.085,4709100.047
Rubus chamaemorus,4710739.298,4561097.162
Rubus chamaemorus,4323815.99,4079250.737
Rubus chamaemorus,4575594.691,4480060.226
Rubus chamaemorus,5246152.566,3974672.614
Rubus chamaemorus,5103185.46,4762119.421
Rubus chamaemorus,4238587.026,4411337.013
Rubus chamaemorus,4214467.34,4480296.583
Rubus chamaemorus,5212396.285,3990056.758
Rubus chamaemorus,4861697.464,4955583.077
Rubus chamaemorus,4965362.233,5133335.033
Rubus chamaemorus,4505272.896,4164067.111
Rubus chamaemorus,4899707.556,5034369.978
Rubus chamaemorus,5154650.715,4438046.772
Rubus chamaemorus,5157733.138,4500676.821
Rubus chamaemorus,5094744.41,4852447.075000001
Rubus chamaemorus,4967511.242000001,5259041.102
Rubus chamaemorus,4988925.375,4840486.694
Rubus chamaemorus,5285642.018,4064540.521
Rubus chamaemorus,4423275.408,4304206.287
Rubus chamaemorus,5086527.574,4221017.035
Rubus chamaemorus,4251747.507,4242082.106
Rubus chamaemorus,4807612.434,5097333.845
Rubus chamaemorus,5036471.894000001,5010770.027
Rubus chamaemorus,4503449.397,4194591.963
Rubus chamaemorus,4262608.714,4104291.617
Rubus chamaemorus,4977090.161,5001786.235
Rubus chamaemorus,5022400.704,4901020.333
Rubus chamaemorus,4671193.181,4102120.162
Rubus chamaemorus,4560395.523,4882191.039
Rubus chamaemorus,4853840.77,5095432.073
Rubus chamaemorus,4843170.064,4885372.95
Rubus chamaemorus,4182303.582,4429596.948
Rubus chamaemorus,4177880.111,4152608.223
Rubus chamaemorus,4760827.763,5154298.851
Rubus chamaemorus,4512529.665,5069671.499
Rubus chamaemorus,4721568.58,4000917.091
Rubus chamaemorus,4463313.601,4840863.968
Rubus chamaemorus,4657248.702,4506953.576
Rubus chamaemorus,4290950.164,4205301.109
Rubus chamaemorus,4499655.798,4315195.786
Rubus chamaemorus,4556856.162,3867522.526
Rubus chamaemorus,4455667.768,3875478.325
Rubus chamaemorus,4503295.786,3792477.209
Rubus chamaemorus,4962454.858,4553605.757
Rubus chamaemorus,4970609.011,4886034.35
Rubus chamaemorus,4514040.232,4414612.432
Rubus chamaemorus,4282923.015,4352941.942
Rubus chamaemorus,4878876.421,4844299.125999999
Rubus chamaemorus,4484482.914,5011194.248
Rubus chamaemorus,4485804.32,4156786.335999999
Rubus chamaemorus,5089575.975999999,4390881.069
Rubus chamaemorus,4508971.744,5026186.469
Rubus chamaemorus,4779935.369,5229282.206
Rubus chamaemorus,4517058.576,4150577.03
Rubus chamaemorus,5132436.148,4219027.751
Rubus chamaemorus,4956083.206,4226492.45
Rubus chamaemorus,4536512.074,4046644.131
Rubus chamaemorus,5039585.822,4038886.295
Rubus chamaemorus,4739499.534,4542565.288
Rubus chamaemorus,5246136.900999999,4251798.427
Rubus chamaemorus,4759063.614,5138449.876
Rubus chamaemorus,4309813.047,4442647.287
Rubus chamaemorus,5087006.481,4779675.544
Rubus chamaemorus,4569580.113,3843310.633
Rubus chamaemorus,4535353.775,3942109.559
Rubus chamaemorus,4322158.265,4062509.163
Rubus chamaemorus,5330381.339,4633501.4
Rubus chamaemorus,5135060.24,4276411.667
Rubus chamaemorus,5021471.486,4680798.141
Rubus chamaemorus,5170463.533,4934295.316
Rubus chamaemorus,4719615.225,4737063.597
Rubus chamaemorus,4907655.957,4394489.111
Rubus chamaemorus,4303097.116,4151155.613
Rubus chamaemorus,4503261.315,3793835.375
Rubus chamaemorus,5231809.635,4602145.805
Rubus chamaemorus,4399702.478,4305272.4
Rubus chamaemorus,5262924.893,4150601.758
Rubus chamaemorus,5140875.692,4134525.369
Rubus chamaemorus,4539063.938,3710501.522
Rubus chamaemorus,4307130.935,4415507.643
Rubus chamaemorus,5291916.293,4652287.998
Rubus chamaemorus,4878317.31,4843783.099000001
Rubus chamaemorus,4864050.317,4892305.501
Rubus chamaemorus,5180797.567,4072046.139
Rubus chamaemorus,4396352.121,4241035.311
Rubus chamaemorus,5112841.754,4333792.772
Rubus chamaemorus,4739816.765,4684360.191
Rubus chamaemorus,4514137.776,3839539.293
Rubus chamaemorus,5300280.518,4414238.779
Rubus chamaemorus,4172248.9929999993,4054542.914000001
Rubus chamaemorus,4357867.309,4239065.521
Rubus chamaemorus,4888741.493,4919235.835
Rubus chamaemorus,4980677.762,5101305.707
Rubus chamaemorus,4758090.166,5138194.401
Rubus chamaemorus,5118456.54,4214265.621
Rubus chamaemorus,4708662.598,4889191.234
Rubus chamaemorus,4604899.757,4773642.498
Rubus chamaemorus,4342636.333,4090140.829
Rubus chamaemorus,5221891.306,4137009.225
Rubus chamaemorus,5268388.344,4128943.22
Rubus chamaemorus,5100820.072,4582315.338
Rubus chamaemorus,4542716.738,4212797.124
Rubus chamaemorus,5118097.683,4213660.702
Rubus chamaemorus,4939202.179,4946895.727
Rubus chamaemorus,4986770.677,5038155.061000001
Rubus chamaemorus,4909678.607,4515372.961
Rubus chamaemorus,4374765.822,4461103.819
Rubus chamaemorus,4237813.612,4088610.049
Rubus chamaemorus,5062524.181000001,4586097.448
Rubus chamaemorus,4622504.622,4098493.479
Rubus chamaemorus,4526119.306,4426311.653
Rubus chamaemorus,4860647.945,5353126.291
Rubus chamaemorus,4832399.581,4855642.187
Rubus chamaemorus,4674673.179,3962958.685
Rubus chamaemorus,4524270.862,4511162.116
Rubus chamaemorus,4888285.888,5084927.82
Rubus chamaemorus,5027700.946999999,3965450.844
Rubus chamaemorus,4446726.945,4329427.757
Rubus chamaemorus,4457175.934,4999177.417
Rubus chamaemorus,5072832.821,5184918.850000001
Rubus chamaemorus,4460187.397,4262307.201
Rubus chamaemorus,5018819.493999999,4679097.952
Rubus chamaemorus,4793111.995,5103245.855
Rubus chamaemorus,4836791.707,5089730.968
Rubus chamaemorus,4974716.976999999,5274204.244000001
Rubus chamaemorus,4416656.112,4298008.065
Rubus chamaemorus,4340923.948,3771282.863000001
Rubus chamaemorus,4579454.286,4256360.368
Rubus chamaemorus,5093320.558999999,4594860.591
Rubus chamaemorus,4399026.556,4400823.944
Rubus chamaemorus,4146123.098,4142110.293
Rubus chamaemorus,4206058.754,4078115.668
Rubus chamaemorus,5155738.605,4862741.258000001
Rubus chamaemorus,4248938.043,4129426.883
Rubus chamaemorus,4540164.672,4242625.978
Rubus chamaemorus,4367666.504,4152103.174
Rubus chamaemorus,4604755.739,4523626.786
Rubus chamaemorus,5122354.591,4575339.07
Rubus chamaemorus,5207816.491,4137694.959
Rubus chamaemorus,5126949.947,4706384.888
Rubus chamaemorus,4546079.654,4277146.2
Rubus chamaemorus,4972081.059999999,4204758.176
Rubus chamaemorus,5150281.602,3999773.278
Rubus chamaemorus,4775704.957,5157173.297
Rubus chamaemorus,4389096.224,4205592.757
Rubus chamaemorus,4473617.365,3850430.376
Rubus chamaemorus,4118491.452,4251895.79
Rubus chamaemorus,4374909.41,4028080.181
Rubus chamaemorus,4832732.184,5004064.259
Rubus chamaemorus,4825898.133000001,5017855.225
Rubus chamaemorus,5138328.112,4747235.94
Rubus chamaemorus,5130631.821,4217875.189
Rubus chamaemorus,4621418.183,4572789.904
Rubus chamaemorus,4559023.882,4137977.623
Rubus chamaemorus,4652140.455,4094800.209
Rubus chamaemorus,4674717.183,4812851.442
Rubus chamaemorus,4176380.19,4410306.04
Rubus chamaemorus,5204013.774,4446319.081
Rubus chamaemorus,5198381.546,4754332.805
Rubus chamaemorus,5394237.681,4549638.347
Rubus chamaemorus,4593918.814,4311592.713
Rubus chamaemorus,4215433.854,4435285.161
Rubus chamaemorus,4366702.879,4108414.29
Rubus chamaemorus,4773440.61,5150425.806
Rubus chamaemorus,4536334.603,4161499.279
Rubus chamaemorus,4442579.658,4304834.864
Rubus chamaemorus,4325483.996,4083416.85
Rubus chamaemorus,5054881.152,4728756.831
Rubus chamaemorus,4618108.066,5135591.985
Rubus chamaemorus,4779955.978,5127510.842000001
Rubus chamaemorus,5074414.474,4243775.971
Rubus chamaemorus,5087319.824,4213995.842
Rubus chamaemorus,4087264.76,4087940.426
Rubus chamaemorus,4688463.958,4484809.041
Rubus chamaemorus,5148641.821,4120804.212
Rubus chamaemorus,4650551.544,4530980.914
Rubus chamaemorus,4423900.162,4445408.931
Rubus chamaemorus,4708531.057,4815380.093
Rubus chamaemorus,5010866.089,5290556.645
Rubus chamaemorus,5105522.68,4726670.567
Rubus chamaemorus,5222345.561,4624522.618
Rubus chamaemorus,4540270.717,3837170.007
Rubus chamaemorus,5028881.449,5040471.243
Rubus chamaemorus,4132336.749,4238574.492
Rubus chamaemorus,4809081.029,5322079.111
Rubus chamaemorus,4484529.663,4238432.541
Rubus chamaemorus,4567792.35,4029213.3280000007
Rubus chamaemorus,5048935.76,4567225.379
Rubus chamaemorus,4467385.876,4749136.35
Rubus chamaemorus,4767192.257,4730798.555
Rubus chamaemorus,4310080.467,4316078.131
Rubus chamaemorus,4801462.266,4986827.027
Rubus chamaemorus,4524739.185,4081446.736
Rubus chamaemorus,5011369.519,5160942.417
Rubus chamaemorus,4148647.811,3921252.99
Rubus chamaemorus,5078537.63,4665318.055
Rubus chamaemorus,4910614.612,4426131.862
Rubus chamaemorus,4906021.62,4889425.675
Rubus chamaemorus,4569186.417,4259934.594
Rubus chamaemorus,4785017.81,4717067.325
Rubus chamaemorus,4786091.734,4941651.104
Rubus chamaemorus,4546210.109,4492519.054
Rubus chamaemorus,4146397.127,4368757.923
Rubus chamaemorus,4663721.86,4586297.58
Rubus chamaemorus,5299426.683,3964084.772000001
Rubus chamaemorus,5273442.7020000005,4673181.47
Rubus chamaemorus,4818404.972,5003159.28
Rubus chamaemorus,4426523.515,4808369.059999999
Rubus chamaemorus,4156036.75,4379366.631
Rubus chamaemorus,5130654.152,4652627.552
Rubus chamaemorus,5152607.816,4119031.345
Rubus chamaemorus,5343960.866,4503353.581
Rubus chamaemorus,4252892.825,4360341.921
Rubus chamaemorus,4487734.19,4147822.9120000005
Rubus chamaemorus,4433619.158,4233989.754
Rubus chamaemorus,4695279.638,4450742.596
Rubus chamaemorus,5147832.332,4495117.985
Rubus chamaemorus,4298274.221,4430498.844
Rubus chamaemorus,5161285.268999999,5058427.414
Rubus chamaemorus,4495697.62,4517412.398
Rubus chamaemorus,5082246.036,4237480.283
Rubus chamaemorus,5129384.488,4226393.397
Rubus chamaemorus,4206095.252,4396438.314
Rubus chamaemorus,4848888.19,5049879.432
Rubus chamaemorus,4163701.249,3993462.0929999994
Rubus chamaemorus,5131414.513000001,4636537.725
Rubus chamaemorus,4702087.916,4267048.216
Rubus chamaemorus,4835671.259,5096879.678999999
Rubus chamaemorus,5128129.308,4838355.133
Rubus chamaemorus,4932654.098,5007902.525
Rubus chamaemorus,4203796.343,4063013.645
Rubus chamaemorus,4988116.208,5074447.205
Rubus chamaemorus,4507208.674,4259372.16
Rubus chamaemorus,5132754.500000001,4199466.894
Rubus chamaemorus,4283072.432,4337225.973
Rubus chamaemorus,4380966.36,4152196.864
Rubus chamaemorus,4776428.223,5139924.328
Rubus chamaemorus,4874095.821,4813774.023999999
Rubus chamaemorus,4212835.257,3999261.012
Rubus chamaemorus,4892594.878,5387948.312000001
Rubus chamaemorus,4170500.872,4151612.447
Rubus chamaemorus,4155620.473,4391153.099
Rubus chamaemorus,4181757.5989999995,4144533.128
Rubus chamaemorus,5008703.542,5304135.232
Rubus chamaemorus,5117966.91,4591759.57
Rubus chamaemorus,5085721.749,4715523.66
Rubus chamaemorus,4101039.761,4108639.683
Rubus chamaemorus,4773684.295,5123817.303
Rubus chamaemorus,5076408.954000001,4212308.308
Rubus chamaemorus,4587907.791,3966010.707
Rubus chamaemorus,4920807.055,5001783.323
Rubus chamaemorus,5037336.642,3967115.686
Rubus chamaemorus,4435970.415,4286191.444
Rubus chamaemorus,5200757.958,4140222.268
Rubus chamaemorus,4780166.875,4686005.893
Rubus chamaemorus,4584605.775,4263336.544
Rubus chamaemorus,4573312.788,4610523.897
Rubus chamaemorus,5329529.088,4530753.891
Rubus chamaemorus,4953591.798,4818698.218
Rubus chamaemorus,4463703.847,4530674.54
Rubus chamaemorus,5036523.744,4877050.653
Rubus chamaemorus,4796769.931,4638440.975
Rubus chamaemorus,5168347.565,4507442.155
Rubus chamaemorus,5229987.115,4085499.555
Rubus chamaemorus,5192776.009,4652651.676
Rubus chamaemorus,5168244.342000001,4885403.444
Rubus chamaemorus,4787390.535,5160231.087
Rubus chamaemorus,5031441.601,4682287.801
Rubus chamaemorus,4665360.069,5191109.888
Rubus chamaemorus,4414255.639,4289714.764
Rubus chamaemorus,5189544.108,4025082.054
Rubus chamaemorus,5083422.71,4604740.683
Rubus chamaemorus,5102295.067,4342505.333
Rubus chamaemorus,4434626.294,4385533.404
Rubus chamaemorus,5159891.488,4484718.545
Rubus chamaemorus,5012383.4120000005,5288890.7
Rubus chamaemorus,4238871.439,4127070.846000001
Rubus chamaemorus,4348590.325,4009292.885
Rubus chamaemorus,4413722.167,4234433.865
Rubus chamaemorus,4854158.583,5001093.391
Rubus chamaemorus,5051941.791000001,4422385.904
Rubus chamaemorus,4630501.615,4559881.531
Rubus chamaemorus,4462841.385,4186247.564
Rubus chamaemorus,4840011.245,5237599.154
Rubus chamaemorus,4868295.55,4751797.125
Rubus chamaemorus,4673038.093,5197293.405
Rubus chamaemorus,4649896.67,4734800.426
Rubus chamaemorus,5312108.713,4145837.986
Rubus chamaemorus,4618997.988,4762651.849
Rubus chamaemorus,4791794.714,5211753.125
Rubus chamaemorus,5123045.077999999,4263109.846
Rubus chamaemorus,5279283.546,4712161.149
Rubus chamaemorus,4794608.156,5138522.679
Rubus chamaemorus,4865628.169,5107051.077
Rubus chamaemorus,4551338.869,4372740.831
Rubus chamaemorus,4777640.194,5113566.85
Rubus chamaemorus,5136097.215,4216842.068
Rubus chamaemorus,5005464.816,4543899.437
Rubus chamaemorus,4857411.721,4501086.12
Rubus chamaemorus,4522732.769,3735313.056
Rubus chamaemorus,5070305.622,4215942.063
Rubus chamaemorus,5128877.355,4062097.648
Rubus chamaemorus,4943396.106,5196476.462
Rubus chamaemorus,4988989.657,4883513.689
Rubus chamaemorus,4501451.968,3848173.317
Rubus chamaemorus,4957756.443000001,4126706.542
Rubus chamaemorus,4292213.233,4277517.811
Rubus chamaemorus,4831910.689,5253806.366
Rubus chamaemorus,4860029.987,5200448.788
Rubus chamaemorus,4768683.141,4908789.812
Rubus chamaemorus,4439895.489,4781921.232
Rubus chamaemorus,4778182.186,5111656.654
Rubus chamaemorus,4720744.465,5092803.403
Rubus chamaemorus,5196063.664,4146486.385
Rubus chamaemorus,5104644.163,4602849.915
Rubus chamaemorus,5095197.691,4599452.475
Rubus chamaemorus,5079465.788,4319275.75
Rubus chamaemorus,5112379.551,4331615.142
Rubus chamaemorus,4452125.426,4222742.434
Rubus chamaemorus,4168470.25,3976428.622
Rubus chamaemorus,5014763.864,4854057.165
Rubus chamaemorus,4287731.761,4338923.091
Rubus chamaemorus,4760374.954,4893898.301
Rubus chamaemorus,4484454.011,4372319.391
Rubus chamaemorus,4743337.594,4952981.96
Rubus chamaemorus,5057360.698,4508554.021
Rubus chamaemorus,4375170.064,4118565.336
Rubus chamaemorus,5129961.76,4323619.357
Rubus chamaemorus,5053254.947,4328404.31
Rubus chamaemorus,4952061.52,5276628.742000001
Rubus chamaemorus,4451803.084,4981936.842
Rubus chamaemorus,4185742.851,3922778.926
Rubus chamaemorus,4570529.608,4238634.984
Rubus chamaemorus,4978157.172,5150965.391
Rubus chamaemorus,4478198.563,4312504.71
Rubus chamaemorus,4232368.873,4403395.069
Rubus chamaemorus,4387296.617,4124355.792
Rubus chamaemorus,5140875.44,4505754.534
Rubus chamaemorus,5237741.442,4052913.442
Rubus chamaemorus,4628499.377,4464560.834
Rubus chamaemorus,4184466.564,4019007.076
Rubus chamaemorus,5297741.723,4451252.893
Rubus chamaemorus,4764245.105,4595006.652
Rubus chamaemorus,4292922.172,4349806.966
Rubus chamaemorus,5289562.724,4693059.214
Rubus chamaemorus,5338396.58,4491161.067
Rubus chamaemorus,4995097.782,4183741.016
Rubus chamaemorus,5242112.778,4765812.604000001
Rubus chamaemorus,4819079.115,5131140.607000001
Rubus chamaemorus,5024448.176,4237471.661
Rubus chamaemorus,4123930.858,4341564.086
Rubus chamaemorus,4867633.232,4836347.624
Rubus chamaemorus,5130721.595,4320714.422
Rubus chamaemorus,4527219.193,4166830.446
Rubus chamaemorus,4486554.636,4897488.735
Rubus chamaemorus,5261803.244,4585748.848
Rubus chamaemorus,5128241.29,4321605.024
Rubus chamaemorus,5062205.475,4538284.934
Rubus chamaemorus,4573877.193,4476062.264
Rubus chamaemorus,4480436.538,3804976.055
Rubus chamaemorus,5015402.517,4809981.032
Rubus chamaemorus,4629240.859,4359839.078
Rubus chamaemorus,4576078.515,4937437.609
Rubus chamaemorus,4267131.598,4382735.566
Rubus chamaemorus,4777493.963,5154564.588
Rubus chamaemorus,4384537.513,4140361.066
Rubus chamaemorus,5167002.717,4014609.286
Rubus chamaemorus,4256555.006,4403123.08
Rubus chamaemorus,4454703.725,4479103.593
Rubus chamaemorus,4324200.695,4358302.451
Rubus chamaemorus,4297030.136,4048401.036
Rubus chamaemorus,4991850.436,4443624.135
Rubus chamaemorus,4772408.777,4616084.64
Rubus chamaemorus,4494660.489,4299750.683
Rubus chamaemorus,5143995.359,4281726.511
Rubus chamaemorus,4359551.28,4178662.909
Rubus chamaemorus,4892075.135,4854965.845
Rubus chamaemorus,4943312.979000001,4547713.292
Rubus chamaemorus,4709869.92,4860134.872
Rubus chamaemorus,5009226.101,4683877.71
Rubus chamaemorus,4982900.402,5271160.354
Rubus chamaemorus,4505120.587,4173869.991999999
Rubus chamaemorus,4819501.061,4578832.11
Rubus chamaemorus,5027133.042,4663694.859
Rubus chamaemorus,5196776.416,4066887.195
Rubus chamaemorus,5077096.059,5224694.369
Rubus chamaemorus,5032420.975,4624866.996
Rubus chamaemorus,4175543.692,3945381.846
Rubus chamaemorus,5117613.951000001,4061474.4079999994
Rubus chamaemorus,5308174.916,4683373.489
Rubus chamaemorus,5215295.044,4269730.554
Rubus chamaemorus,5017649.491,4494436.006
Rubus chamaemorus,5133392.952,4483270.691
Rubus chamaemorus,4641313.286,4231705.328
Rubus chamaemorus,5044527.070000001,4338817.819
Rubus chamaemorus,5156506.86,4501402.436
Rubus chamaemorus,4756990.757,4514917.348
Rubus chamaemorus,4329646.669,4093332.915
Rubus chamaemorus,4173888.934,3969868.823
Rubus chamaemorus,4567133.543,4154025.436
Rubus chamaemorus,4898887.211,5057779.685
Rubus chamaemorus,4786595.306,5144636.085
Rubus chamaemorus,4877556.361,5056240.582
Rubus chamaemorus,4845047.826,4856930.981
Rubus chamaemorus,4683237.52,4443971.43
Rubus chamaemorus,4619230.026,5135003.956
Rubus chamaemorus,4772870.461,5126681.948999999
Rubus chamaemorus,5105438.695,4298947.804
Rubus chamaemorus,4473217.44,4758895.132
Rubus chamaemorus,4574365.062,4080597.731
Rubus chamaemorus,5080733.483,4243290.069
Rubus chamaemorus,5073657.753,4246680.475
Rubus chamaemorus,4523478.007,4500480.692
Rubus chamaemorus,4554298.394,4062910.677
Rubus chamaemorus,5224831.35,4806836.175
Rubus chamaemorus,4693853.497,4525892.097
Rubus chamaemorus,4513863.363,4190781.349
Rubus chamaemorus,4474809.421,4290850.04
Rubus chamaemorus,4423913.428,4324917.59
Rubus chamaemorus,4744415.965,4952496.59
Rubus chamaemorus,4131905.811,3997212.463
Rubus chamaemorus,4153096.556,4023046.0299999993
Rubus chamaemorus,4984887.229,5274142.261
Rubus chamaemorus,4221665.029,4406970.103
Rubus chamaemorus,4541487.211,3849410.896
Rubus chamaemorus,4995873.551,4242558.295
Rubus chamaemorus,4551129.285,4618367.484
Rubus chamaemorus,4313900.229,4529802.688
Rubus chamaemorus,4452899.861,4163581.033
Rubus chamaemorus,4322220.811,4079873.501
Rubus chamaemorus,4417051.026,4489597.144
Rubus chamaemorus,4520065.342,3710839.1
Rubus chamaemorus,4519193.56,4245516.728
Rubus chamaemorus,4544252.462,4408791.883
Rubus chamaemorus,4224756.266,4236675.985
Rubus chamaemorus,5126635.859,4218440.659
Rubus chamaemorus,4846332.598,4931267.256
Rubus chamaemorus,4998211.124,5112952.295
Rubus chamaemorus,4839750.811,5237820.773999999
Rubus chamaemorus,4208483.179,4312446.68
Rubus chamaemorus,4426324.437,4287911.883
Rubus chamaemorus,4950287.462000001,4568020.56
Rubus chamaemorus,4367663.13,4043859.962
Rubus chamaemorus,4697804.445,4155548.312
Rubus chamaemorus,4326597.329,4310944.158
Rubus chamaemorus,5251207.503,4081172.39
Rubus chamaemorus,4640887.483,4230303.431
Rubus chamaemorus,5173454.825,4733709.064
Rubus chamaemorus,5077613.42,4239418.483
Rubus chamaemorus,4749460.245,4892700.489
Rubus chamaemorus,4757931.722999999,5135075.485
Rubus chamaemorus,4641690.168,4345901.077
Rubus chamaemorus,4348701.51,4158387.057
Rubus chamaemorus,4790106.568,5150683.197
Rubus chamaemorus,4951981.934,4523142.638
Rubus chamaemorus,4560059.573,4604176.787
Rubus chamaemorus,4982889.14,4570115.87
Rubus chamaemorus,5089107.069,4230940.747
Rubus chamaemorus,5002519.152,4248278.756
Rubus chamaemorus,4205775.18,4396412.858
Rubus chamaemorus,5069868.302,4153966.0599999996
Rubus chamaemorus,5178791.222,4479627.051
Rubus chamaemorus,5050921.403,4482203.985
Rubus chamaemorus,5271116.369,4118112.491
Rubus chamaemorus,4513817.985,4403636.117
Rubus chamaemorus,4392279.531,4555579.085
Rubus chamaemorus,4531315.336,4390924.093
Rubus chamaemorus,4620198.407,4553754.18
Rubus chamaemorus,4998432.219,5222497.849
Rubus chamaemorus,5178616.657,4676933.548
Rubus chamaemorus,4708412.451,4590804.534
Rubus chamaemorus,4955851.612,4554761.895
Rubus chamaemorus,4717950.984,4844855.519
Rubus chamaemorus,5080688.693,4318550.294
Rubus chamaemorus,5119030.382,4218018.279
Rubus chamaemorus,4906863.7299999995,4965651.219
Rubus chamaemorus,5281869.749,3994367.405
Rubus chamaemorus,5147182.869,4197928.676
Rubus chamaemorus,5083909.601,4215208.655
Rubus chamaemorus,4559578.968,4160112.787
Rubus chamaemorus,5030193.501,5365641.853
Rubus chamaemorus,4591446.171,4592405.275
Rubus chamaemorus,4508868.687,4248471.623
Rubus chamaemorus,4393055.907,4107801.409
Rubus chamaemorus,5220592.695,4784169.666
Rubus chamaemorus,4551822.935,3818050.4660000005
Rubus chamaemorus,5306349.338,4116076.934
Rubus chamaemorus,5033999.881,4299649.267
Rubus chamaemorus,4174077.765,4077754.3719999995
Rubus chamaemorus,5268376.262,4649028.71
Rubus chamaemorus,4331336.864,4477745.205
Rubus chamaemorus,5075036.202,4229495.347
Rubus chamaemorus,4564445.631,4289059.493
Rubus chamaemorus,5186051.682,3972992.699
Rubus chamaemorus,4962286.391,5017533.797
Rubus chamaemorus,5123574.339,4195774.315
Rubus chamaemorus,4355829.882,4441448.155
Rubus chamaemorus,5176466.471,4889506.447
Rubus chamaemorus,4471946.088,4096119.717
Rubus chamaemorus,4327398.395,4077400.261999999
Rubus chamaemorus,4170115.457999999,4408763.261
Rubus chamaemorus,4422642.094,3976716.8020000006
Rubus chamaemorus,5124144.341,4223157.081
Rubus chamaemorus,4841425.385000001,5113759.912
Rubus chamaemorus,5105547.917,4638104.051
Rubus chamaemorus,4179989.77,4431318.933
Rubus chamaemorus,5081658.053,4318792.437
Rubus chamaemorus,5042528.856000001,4399153.409
Rubus chamaemorus,5070969.659,5273926.37
Rubus chamaemorus,4569760.031,3844119.062
Rubus chamaemorus,4998358.995,5205353.356
Rubus chamaemorus,4443560.477,4302749.729
Rubus chamaemorus,5155765.253,4216562.708
Rubus chamaemorus,4687328.508,4693385.452
Rubus chamaemorus,5084449.675,4260715.584
Rubus chamaemorus,4967839.255,5072363.782
Rubus chamaemorus,4947323.058000001,5254738.165000001
Rubus chamaemorus,4468728.201,4326400.417
Rubus chamaemorus,4980879.540999999,4511930.243
Rubus chamaemorus,4201699.387,3988675.837
Rubus chamaemorus,5174979.95,4940559.918
Rubus chamaemorus,4958890.056,5278371.845
Rubus chamaemorus,4945598.67,4844498.204
Rubus chamaemorus,5302468.747,4005022.259
Rubus chamaemorus,4582002.867,4225664.534
Rubus chamaemorus,4389955.979,4517095.429
Rubus chamaemorus,4483816.785,4276742.639
Rubus chamaemorus,4998346.115,4868407.127
Rubus chamaemorus,4285262.751,4140204.3
Rubus chamaemorus,5196910.479000001,4049809.601
Rubus chamaemorus,4498067.64,4605353.642
Rubus chamaemorus,5136306.88,4967936.735
Rubus chamaemorus,4197511.406,4150000.515
Rubus chamaemorus,4559556.413,4835345.128999999
Rubus chamaemorus,4965238.339,4531655.737
Rubus chamaemorus,5258655.632,4291004.257
Rubus chamaemorus,4790378.048,5149728.261000001
Rubus chamaemorus,4685471.277,4902702.397
Rubus chamaemorus,5044488.512,4660866.797
Rubus chamaemorus,4563488.525,4149179.203
Rubus chamaemorus,5030039.103,5094730.217
Rubus chamaemorus,5086788.087,4696226.529
Rubus chamaemorus,4902131.875,5094551.626
Rubus chamaemorus,4757660.058,5136029.949
Rubus chamaemorus,4459766.18,4341079.273
Rubus chamaemorus,4676037.91,4813198.588
Rubus chamaemorus,4409124.664,4338821.602
Rubus chamaemorus,4111283.911,4354427.637
Rubus chamaemorus,4862944.437,4977137.037
Rubus chamaemorus,4504247.524,5035388.674
Rubus chamaemorus,5157134.345,4393290.521
Rubus chamaemorus,4564648.896,4057888.802
Rubus chamaemorus,5128414.497999999,4203417.133
Rubus chamaemorus,4291316.8,4078933.077
Rubus chamaemorus,4176808.278,4330703.435
Rubus chamaemorus,4981922.603,5289363.129
Rubus chamaemorus,4535849.486,4282212.282
Rubus chamaemorus,4963290.762,5047580.906
Rubus chamaemorus,5162599.149,4482299.343
Rubus chamaemorus,5063093.211,4538140.127
Rubus chamaemorus,4991547.138,4203951.071
Rubus chamaemorus,4336873.278,4339936.145
Rubus chamaemorus,4546890.182,4998456.656
Rubus chamaemorus,5048478.499,5251098.286
Rubus chamaemorus,4332080.795,3751975.427
Rubus chamaemorus,4518812.124,4294617.442
Rubus chamaemorus,4997866.766,4885483.608
Rubus chamaemorus,5032549.472,4523948.861
Rubus chamaemorus,4851189.88,5093718.972000001
Rubus chamaemorus,4758633.485,5136285.451
Rubus chamaemorus,5136178.384,4964104.765999999
Rubus chamaemorus,4526180.014,4350730.961
Rubus chamaemorus,4431360.156,4323132.727
Rubus chamaemorus,4870727.821,4858795.544
Rubus chamaemorus,4879446.77,5071252.825
Rubus chamaemorus,4326410.925,4078413.237
Rubus chamaemorus,5065040.291,4499147.53
Rubus chamaemorus,4267312.492,4300800.353
Rubus chamaemorus,4153118.388,4024542.838
Rubus chamaemorus,4936927.235,4921268.915
Rubus chamaemorus,4625628.508,5146327.864
Rubus chamaemorus,5144097.861,4501403.609
Rubus chamaemorus,4620308.864,4358810.636
Rubus chamaemorus,5146998.0600000005,4380750.016
Rubus chamaemorus,4592175.871,4356593.792
Rubus chamaemorus,4949808.575,4953719.003
Rubus chamaemorus,4569419.48,4420378.761
Rubus chamaemorus,4417331.174,4641702.817
Rubus chamaemorus,5063470.299,4648140.153
Rubus chamaemorus,4477926.599,4256887.683
Rubus chamaemorus,4398170.916,4419308.825
Rubus chamaemorus,4623163.091,5083095.198
Rubus chamaemorus,5095890.677,4232630.593
Rubus chamaemorus,4673166.474,4087757.646
Rubus chamaemorus,4221648.053,4286456.393
Rubus chamaemorus,4884829.92,4769930.259
Rubus chamaemorus,5017254.564,4684879.707
Rubus chamaemorus,4837750.243,5090810.172
Rubus chamaemorus,4542550.351,5076658.071
Rubus chamaemorus,4827826.922,5087657.292
Rubus chamaemorus,5051438.472,4638931.309
Rubus chamaemorus,4542051.531,5061627.666
Rubus chamaemorus,4597746.499,3856114.706
Rubus chamaemorus,4975885.076,4596144.607
Rubus chamaemorus,5095425.217,4230452.137
Rubus chamaemorus,4893181.693,5040906.466000001
Rubus chamaemorus,4496997.858,4641917.752
Rubus chamaemorus,4866408.252,4911011.932
Rubus chamaemorus,5147314.221,4265014.928
Rubus chamaemorus,4991593.724,4444589.674
Rubus chamaemorus,4429633.119,4354754.151
Rubus chamaemorus,4330544.891,3760143.053
Rubus chamaemorus,4621580.231,4658337.856
Rubus chamaemorus,4634572.113,4824701.6899999995
Rubus chamaemorus,4953338.125,4545112.402
Rubus chamaemorus,4324384.306,4077046.609
Rubus chamaemorus,4464823.283,4380560.324
Rubus chamaemorus,4461593.587,4263747.273
Rubus chamaemorus,4776406.878,5158382.851
Rubus chamaemorus,4456764.799,4273031.856
Rubus chamaemorus,5002974.514,4622574.414
Rubus chamaemorus,4939490.116999999,4210984.105
Rubus chamaemorus,5280360.244,4120356.876
Rubus chamaemorus,5213729.805,4251542.215
Rubus chamaemorus,5101168.541,4765731.376
Rubus chamaemorus,4521089.62,4544047.902
Rubus chamaemorus,4998409.343000001,4218578.649
Rubus chamaemorus,5336583.993,3990375.079999999
Rubus chamaemorus,4788364.376999999,5160485.693
Rubus chamaemorus,4606659.343,3756698.182
Rubus chamaemorus,4140109.503,3945479.772
Rubus chamaemorus,4837994.646,5092350.609
Rubus chamaemorus,4370643.854,4404089.215
Rubus chamaemorus,4765424.124,5156530.354
Rubus chamaemorus,4629447.069,4454875.902
Rubus chamaemorus,5234722.902,4263184.898
Rubus chamaemorus,5104975.467,4296769.827
Rubus chamaemorus,4992700.037,4881371.483
Rubus chamaemorus,4720322.419,4620553.792
Rubus chamaemorus,4315870.394,4339500.241
Rubus chamaemorus,4372130.761,4116618.642
Rubus chamaemorus,4460984.76,4099814.189
Rubus chamaemorus,4434346.684,4311250.462
Rubus chamaemorus,4858694.027,5183564.777000001
Rubus chamaemorus,4784132.579,5109108.731
Rubus chamaemorus,4904885.454,5172104.66
Rubus chamaemorus,5088656.178,4386527.176
Rubus chamaemorus,4214143.895,4389750.43
Rubus chamaemorus,5057746.377999999,4208684.323
Rubus chamaemorus,4216295.453,4227888.876
Rubus chamaemorus,5015761.791,4686561.262
Rubus chamaemorus,4577563.708,4254542.584
Rubus chamaemorus,4587239.2,4317136.839
Rubus chamaemorus,4654886.341,5196607.976
Rubus chamaemorus,5190502.544,4530386.295
Rubus chamaemorus,4430647.045,4756299.2
Rubus chamaemorus,5285373.294,4144473.607
Rubus chamaemorus,4663327.288,5205363.102
Rubus chamaemorus,4594063.666,4083362.151
Rubus chamaemorus,4452579.472,4289880.676
Rubus chamaemorus,4594277.601,4516691.986
Rubus chamaemorus,4978367.497,4854071.986
Rubus chamaemorus,5098822.906000001,4280798.91
Rubus chamaemorus,4453056.508,4047958.2170000006
Rubus chamaemorus,4501737.818,3792918.528
Rubus chamaemorus,5054828.192,4729048.539
Rubus chamaemorus,5022081.03,4473915.988
Rubus chamaemorus,4512322.009,4447258.328
Rubus chamaemorus,4175475.105,4045724.684
Rubus chamaemorus,5107462.317000001,4291202.077
Rubus chamaemorus,4373180.019,4119594.782
Rubus chamaemorus,4466123.429,4819996.791
Rubus chamaemorus,4541638.926,5099455.423
Rubus chamaemorus,5073388.432,4223928.732
Rubus chamaemorus,4778918.341,5138524.356
Rubus chamaemorus,5096524.435,4336940.438
Rubus chamaemorus,5023021.861,5321543.426
Rubus chamaemorus,4752110.075,4549548.883
Rubus chamaemorus,4297102.741,4272355.869
Rubus chamaemorus,4434941.372,4334271.393
Rubus chamaemorus,4396728.025,4326590.723
Rubus chamaemorus,4565308.156,4743317.989000001
Rubus chamaemorus,4751195.374,4863471.718
Rubus chamaemorus,5078728.275,4341774.134
Rubus chamaemorus,4503330.005,4420062.461
Rubus chamaemorus,5016692.579,5017239.311000001
Rubus chamaemorus,4829950.78,5368995.831
Rubus chamaemorus,4152302.853,3967145.463
Rubus chamaemorus,4763492.498,4939177.356
Rubus chamaemorus,5084939.411,4942934.788
Rubus chamaemorus,5029123.422,4525146.106
Rubus chamaemorus,4231329.15,4475614.042
Rubus chamaemorus,4514931.836,4065055.549
Rubus chamaemorus,5061080.025,5167854.921
Rubus chamaemorus,4827066.819,4716083.374
Rubus chamaemorus,4777911.231,5112611.707
Rubus chamaemorus,4638507.732,3795336.487
Rubus chamaemorus,4992138.312,4238645.984
Rubus chamaemorus,4416468.181,4286836.848
Rubus chamaemorus,5102984.09,4324116.145
Rubus chamaemorus,5000989.756,5302936.185
Rubus chamaemorus,4181905.232,4039654.701
Rubus chamaemorus,4162514.185,4404658.344
Rubus chamaemorus,5022703.218,4680079.84
Rubus chamaemorus,4542954.401,5108395.642
Rubus chamaemorus,5079489.99,5083170.673
Rubus chamaemorus,4691056.941,4843591.175
Rubus chamaemorus,4466757.27,4156344.178
Rubus chamaemorus,4782556.491,5122035.257
Rubus chamaemorus,4825018.877,5101296.849000001
Rubus chamaemorus,4794656.461999999,5145716.734000001
Rubus chamaemorus,4354673.124,4125529.3810000005
Rubus chamaemorus,5078001.175,5230578.541
Rubus chamaemorus,4563046.764,4539105.864
Rubus chamaemorus,4272133.912,4078395.2949999995
Rubus chamaemorus,4929686.493,5024796.378
Rubus chamaemorus,4757290.227,4771043.560999999
Rubus chamaemorus,4988726.076,5278279.167
Rubus chamaemorus,4989232.051,5048026.366
Rubus chamaemorus,4326086.087,4070234.756
Rubus chamaemorus,5079079.401,4344813.227
Rubus chamaemorus,4548182.985,4588419.581
Rubus chamaemorus,4425738.161,4754484.866000001
Rubus chamaemorus,5139401.904,4226452.206
Rubus chamaemorus,5140041.404,4916429.423000001
Rubus chamaemorus,5123929.519,4220009.28
Rubus chamaemorus,4493915.48,4226518.6
Rubus chamaemorus,4633292.922,5163646.008
Rubus chamaemorus,5016616.895,4679570.42
Rubus chamaemorus,4240555.884,4170180.013
Rubus chamaemorus,5060972.948,4680467.221
Rubus chamaemorus,4894617.089,4834109.406
Rubus chamaemorus,5161373.316,4483025.375
Rubus chamaemorus,4145170.746,4011913.475
Rubus chamaemorus,4223379.467,4160279.408
Rubus chamaemorus,4926474.489,4871954.28
Rubus chamaemorus,4735590.911,4593656.375
Rubus chamaemorus,5061024.748,4373381.807
Rubus chamaemorus,4521024.848,4235332.544
Rubus chamaemorus,5125682.015,4185373.874
Rubus chamaemorus,4284583.663,4187174.803
Rubus chamaemorus,5207939.982,4322013.254
Rubus chamaemorus,4519988.467,4619820.734
Rubus chamaemorus,4464505.583,3889592.814
Rubus chamaemorus,4451598.121,4271676.985
Rubus chamaemorus,4976974.51,5280304.148
Rubus chamaemorus,4792593.217,4781328.564
Rubus chamaemorus,4560773.067,4433829.127
Rubus chamaemorus,5297973.343,4700277.617
Rubus chamaemorus,4240737.747,4123671.844
Rubus chamaemorus,4526799.848,4605660.784
Rubus chamaemorus,4263849.138,4120239.18
Rubus chamaemorus,4349581.162,4109774.828
Rubus chamaemorus,4482043.727,4266088.95
Rubus chamaemorus,4781567.704,5140243.547
Rubus chamaemorus,4207490.285,4054553.608
Rubus chamaemorus,4327504.573,4084384.256
Rubus chamaemorus,4403438.256,4654934.992
Rubus chamaemorus,5249361.147,4079037.514
Rubus chamaemorus,4481194.826,4156665.206
Rubus chamaemorus,5048556.033,4744816.259
Rubus chamaemorus,4515411.921,4179693.017
Rubus chamaemorus,4731496.975,4557314.244
Rubus chamaemorus,4180598.534,4018871.68
Rubus chamaemorus,5032974.267,5385418.067
Rubus chamaemorus,5148886.373,4592268.414
Rubus chamaemorus,5260602.281999999,4376614.227
Rubus chamaemorus,5095852.306,4236746.081
Rubus chamaemorus,4802198.117,5093302.09
Rubus chamaemorus,4362932.903,4099225.942
Rubus chamaemorus,4548148.467,5055454.024999999
Rubus chamaemorus,5152517.867999999,4568955.565
Rubus chamaemorus,4324193.694,4064474.682
Rubus chamaemorus,4872689.891,5042093.913
Rubus chamaemorus,4895050.002,5348679.82
Rubus chamaemorus,4232620.986,4124868.606
Rubus chamaemorus,4401380.431,4347088.852
Rubus chamaemorus,5078800.209,4252742.848
Rubus chamaemorus,4190182.985,3957476.566
Rubus chamaemorus,4380258.899,4345451.452
Rubus chamaemorus,4969570.422,4806571.939
Rubus chamaemorus,4410854.353,4293509.313
Rubus chamaemorus,4669545.597,4572544.579
Rubus chamaemorus,4252438.249,4265839.776
Rubus chamaemorus,4929123.3,4257130.049
Rubus chamaemorus,5257244.383,4417052.739
Rubus chamaemorus,4904962.322,4871426.331
Rubus chamaemorus,4459687.029,4415464.271
Rubus chamaemorus,4456205.413,4045234.579
Rubus chamaemorus,5231108.308,4466034.616
Rubus chamaemorus,4167430.927,3900894.21
Rubus chamaemorus,5106715.632,5362263.365
Rubus chamaemorus,5014195.839,4692342.378
Rubus chamaemorus,4747583.699,4594039.079
Rubus chamaemorus,4266890.309,4110697.224
Rubus chamaemorus,4662571.285,4781832.901
Rubus chamaemorus,4361146.198,4316996.038
Rubus chamaemorus,4961301.655,5400690.180999999
Rubus chamaemorus,5128900.008000001,5062682.052
Rubus chamaemorus,5037857.988,4752708.169
Rubus chamaemorus,4589205.236,3724714.202
Rubus chamaemorus,4387137.763,4391780.448
Rubus chamaemorus,5141207.098,4481095.564
Rubus chamaemorus,4469222.667,5012960.161
Rubus chamaemorus,4498417.011,4244485.955
Rubus chamaemorus,5331091.314,4021952.911
Rubus chamaemorus,5060374.004,5166650.934
Rubus chamaemorus,5241928.555,4076789.451
Rubus chamaemorus,4651810.942,3782304.777
Rubus chamaemorus,4544566.183,5080715.835
Rubus chamaemorus,4566027.288,3934787.9219999993
Rubus chamaemorus,5277148.397,4708545.437
Rubus chamaemorus,4535585.667,4591451.239
Rubus chamaemorus,4694482.398,5049378.37
Rubus chamaemorus,5091510.574,4233602.071
Rubus chamaemorus,4924748.568,5202064.026
Rubus chamaemorus,5087710.574,4224405.446
Rubus chamaemorus,1753769.351,5816650.922
Rubus chamaemorus,4488235.322,4477856.178
Rubus chamaemorus,4299316.801,4308326.785
Rubus chamaemorus,4720418.887,4486706.789
Rubus chamaemorus,4567493.78,4145106.851
Rubus chamaemorus,5192678.561,4651082.051
Rubus chamaemorus,4292131.699,4260711.568
Rubus chamaemorus,4468039.241,4255631.791
Rubus chamaemorus,4883688.545,4888721.549
Rubus chamaemorus,5053053.717,4201724.243
Rubus chamaemorus,4972755.748,5268884.193
Rubus chamaemorus,4188242.026,4166707.204
Rubus chamaemorus,4929515.322,4817157.222
Rubus chamaemorus,4143130.604,4027161.75
Rubus chamaemorus,4386216.006,4119385.298
Rubus chamaemorus,4779395.596,5147881.844
Rubus chamaemorus,5191918.585,4122694.239
Rubus chamaemorus,4788567.614,5108215.73
Rubus chamaemorus,5060683.774,4425909.862
Rubus chamaemorus,4216533.261,4396696.13
Rubus chamaemorus,4615653.125,4458497.42
Rubus chamaemorus,4951154.714,4233493.08
Rubus chamaemorus,4791575.636000001,5141834.191
Rubus chamaemorus,4626838.387,4674574.169
Rubus chamaemorus,4810607.005,4679433.621
Rubus chamaemorus,5005106.503,4626203.264
Rubus chamaemorus,4571474.22,4525248.012
Rubus chamaemorus,4865801.202,5269909.501
Rubus chamaemorus,4252891.59,4466852.944
Rubus chamaemorus,4517103.159,4169207.281
Rubus chamaemorus,4529513.723,4116568.071
Rubus chamaemorus,5090476.451999999,4265312.133
Rubus chamaemorus,5189139.632,4358186.304
Rubus chamaemorus,4852683.7129999995,4156127.025
Rubus chamaemorus,4444158.984,4072577.736
Rubus chamaemorus,4295334.858,4461801.989
Rubus chamaemorus,4525981.61,4597202.894
Rubus chamaemorus,4200886.624,4441246.341
Rubus chamaemorus,5065115.674,4331886.969
Rubus chamaemorus,4522393.62,4901887.968
Rubus chamaemorus,5123707.473,4434798.892
Rubus chamaemorus,4331560.899,4087316.5720000006
Rubus chamaemorus,4501285.734,3703710.768
Rubus chamaemorus,4644081.932,5104472.34
Rubus chamaemorus,4176900.1090000006,4256903.193
Rubus chamaemorus,4599363.367,4567334.667
Rubus chamaemorus,4701916.963,4830766.076
Rubus chamaemorus,5097600.926,4281525.507
Rubus chamaemorus,4327610.812,4091368.05
Rubus chamaemorus,5272647.045999999,4072535.051
Rubus chamaemorus,4882233.617,4953142.237
Rubus chamaemorus,4647141.107,4809833.262
Rubus chamaemorus,4662812.919,4537977.149
Rubus chamaemorus,4665497.535,4920334.564
Rubus chamaemorus,4477605.169,4141882.9019999993
Rubus chamaemorus,5158347.652000001,4304437.66
Rubus chamaemorus,4933302.601,4998692.212
Rubus chamaemorus,4460322.638,4425327.839
Rubus chamaemorus,4395426.291,4225970.587
Rubus chamaemorus,5071295.472,5215483.051
Rubus chamaemorus,4673194.566,4616783.28
Rubus chamaemorus,4401396.529,4348084.792
Rubus chamaemorus,4616055.351,4533934.651
Rubus chamaemorus,4553813.423,5002830.904
Rubus chamaemorus,4207514.802,4055562.031
Rubus chamaemorus,4509827.252,4114527.405
Rubus chamaemorus,4761461.849000001,4819544.734
Rubus chamaemorus,4992334.991,5201127.65
Rubus chamaemorus,5047541.935999999,4334022.241
Rubus chamaemorus,4972044.168,4585387.608
Rubus chamaemorus,5069215.313,4144523.466
Rubus chamaemorus,4858025.863,5375286.939
Rubus chamaemorus,5018297.924,4681025.21
Rubus chamaemorus,5105218.177,4581356.121
Rubus chamaemorus,5136165.727,4019682.767
Rubus chamaemorus,5021543.534,4676697.843
Rubus chamaemorus,4167065.424,4080067.449
Rubus chamaemorus,5162802.152,4939261.77
Rubus chamaemorus,5261439.944,4121529.296
Rubus chamaemorus,4299096.365,4404760.755
Rubus chamaemorus,4802792.67,5098588.436
Rubus chamaemorus,5042098.484,4335695.453
Rubus chamaemorus,5270514.281,4425482.321
Rubus chamaemorus,4572664.817,5052466.551
Rubus chamaemorus,4326657.005,4311018.623
Rubus chamaemorus,4919057.081,4240625.168
Rubus chamaemorus,4788004.003,4653064.474
Rubus chamaemorus,5311413.523,4540743.651
Rubus chamaemorus,4454141.664,3939731.062000001
Rubus chamaemorus,4557728.408,3852877.985
Rubus chamaemorus,4988761.684,5093968.546
Rubus chamaemorus,5081354.264,5296316.76
Rubus chamaemorus,5022246.515,5287285.615
Rubus chamaemorus,4774080.007,4485306.494
Rubus chamaemorus,5195098.55,4066255.359
Rubus chamaemorus,4733518.948000001,4667864.495
Rubus chamaemorus,4594816.455,4300910.418
Rubus chamaemorus,4177604.295,4349600.238
Rubus chamaemorus,5011697.939,4812129.202
Rubus chamaemorus,4591242.995,4671243.674
Rubus chamaemorus,4873739.935,4804285.573
Rubus chamaemorus,4906617.477,4963434.23
Rubus chamaemorus,5101351.269,4294835.2
Rubus chamaemorus,4662410.529,4661706.832
Rubus chamaemorus,5296020.572,4135724.578
Rubus chamaemorus,5261815.15,4035552.473
Rubus chamaemorus,4625084.888,5166507.735
Rubus chamaemorus,5135143.22,4221277.114
Rubus chamaemorus,4731240.511,4122252.17
Rubus chamaemorus,4593905.989,4317322.01
Rubus chamaemorus,5128803.445,5078064.69
Rubus chamaemorus,5133027.164,4209358.404
Rubus chamaemorus,4428419.191,4329391.813
Rubus chamaemorus,4287545.219,4094954.842
Rubus chamaemorus,4569827.012,4640655.578
Rubus chamaemorus,4960196.974,4597826.43
Rubus chamaemorus,4160457.101,4011973.113
Rubus chamaemorus,4346397.476,4263855.551
Rubus chamaemorus,4466921.156,5006811.63
Rubus chamaemorus,5190355.931,4399138.138
Rubus chamaemorus,4575561.186,4565621.002
Rubus chamaemorus,4226794.453,4085495.578
Rubus chamaemorus,4545017.406,4192554.721
Rubus chamaemorus,4568907.371,4301268.085
Rubus chamaemorus,4390390.606,4446929.951
Rubus chamaemorus,4439815.614,4452760.097
Rubus chamaemorus,4473189.377,4034790.938
Rubus chamaemorus,5244040.765999999,4424109.361
Rubus chamaemorus,4590119.823,4410491.817
Rubus chamaemorus,4404625.131,4484432.256
Rubus chamaemorus,4766533.976,5134254.506
Rubus chamaemorus,5281088.930999999,4689943.833
Rubus chamaemorus,4247538.109,4355979.861
Rubus chamaemorus,4331745.089,4029241.342
Rubus chamaemorus,5307160.284,4682911.083
Rubus chamaemorus,5120496.214,5055445.88
Rubus chamaemorus,5017326.984,4680779.727
Rubus chamaemorus,4775070.546,5144697.883999999
Rubus chamaemorus,4866386.325,4923198.054
Rubus chamaemorus,4811127.676,5016103.092
Rubus chamaemorus,4406236.824,4334139.123
Rubus chamaemorus,4813387.267,4698527.348
Rubus chamaemorus,4162692.186,3992976.689
Rubus chamaemorus,4410320.88,4341341.07
Rubus chamaemorus,4441187.728,4293891.32
Rubus chamaemorus,4980298.503,4452037.957
Rubus chamaemorus,4460617.352,4510884.052
Rubus chamaemorus,4501691.552,3754278.841
Rubus chamaemorus,5323744.709,4118166.215
Rubus chamaemorus,4499659.806,4606958.271
Rubus chamaemorus,4647960.393,4808654.575
Rubus chamaemorus,5129225.676000001,4306196.515
Rubus chamaemorus,4217335.694,4401660.571
Rubus chamaemorus,4568943.811,4852958.559
Rubus chamaemorus,4646426.461,5168113.151
Rubus chamaemorus,4124670.545,3991391.234
Rubus chamaemorus,5245979.621,4424588.119
Rubus chamaemorus,5039726.517,4899458.444
Rubus chamaemorus,4630964.375,3768243.81
Rubus chamaemorus,5096986.199000001,4339117.977
Rubus chamaemorus,4374993.569,4079461.629
Rubus chamaemorus,5154649.944999999,4204937.893
Rubus chamaemorus,4921074.432,5000824.59
Rubus chamaemorus,4427534.545,4466027.496
Rubus chamaemorus,4705273.704,5205918.81
Rubus chamaemorus,4851357.669,4916648.329
Rubus chamaemorus,4380658.719,4307583.376
Rubus chamaemorus,5112856.223000001,4286357.962
Rubus chamaemorus,5013012.303,4868013.749
Rubus chamaemorus,4410817.45,4152545.116
Rubus chamaemorus,4947734.021,5255018.904
Rubus chamaemorus,4721601.727,4891326.12
Rubus chamaemorus,5230957.274,4764945.196
Rubus chamaemorus,4924106.562,5091213.518
Rubus chamaemorus,4649350.089,4362458.694
Rubus chamaemorus,4185156.108,4169372.001
Rubus chamaemorus,5129315.048,4321299.293
Rubus chamaemorus,4699813.916,4903082.396
Rubus chamaemorus,4520209.369,5039634.276
Rubus chamaemorus,4593819.508,4026834.879
Rubus chamaemorus,4924264.442,4440927.819
Rubus chamaemorus,4511593.143,4319978.301
Rubus chamaemorus,4369430.131,4088233.011
Rubus chamaemorus,5004306.861,4644536.143
Rubus chamaemorus,4619182.919,4809173.948
Rubus chamaemorus,5082223.1,4213757.288
Rubus chamaemorus,4993257.427,5022339.704
Rubus chamaemorus,4724677.478,4517810.779
Rubus chamaemorus,4775827.452,4036833.111
Rubus chamaemorus,4559892.667,4518630.531
Rubus chamaemorus,4465800.376,4835079.718
Rubus chamaemorus,5119142.288,4907513.048
Rubus chamaemorus,4672080.85,4533583.103
Rubus chamaemorus,4860747.442,4946996.237
Rubus chamaemorus,5195826.656,4501490.224
Rubus chamaemorus,4506379.987,4354728.234
Rubus chamaemorus,5213129.871000001,4363533.305
Rubus chamaemorus,4468536.637,4412317.197
Rubus chamaemorus,4761937.958,5001142.76
Rubus chamaemorus,4382283.426,4346414.043
Rubus chamaemorus,5090800.467,4390156.323
Rubus chamaemorus,4507958.166,5018464.634
Rubus chamaemorus,4600897.51,5141437.199
Rubus chamaemorus,4734481.885,4817259.356
Rubus chamaemorus,5118153.544000001,4579440.986
Rubus chamaemorus,4903601.408,5188859.641
Rubus chamaemorus,4366528.357,4506332.774
Rubus chamaemorus,4199557.464,4422801.725
Rubus chamaemorus,5022615.774,5355884.118999999
Rubus chamaemorus,1759436.177,5818995.255
Rubus chamaemorus,5197948.69,4009765.972
Rubus chamaemorus,4282544.696,4489710.931
Rubus chamaemorus,5008095.023,4665058.688
Rubus chamaemorus,4506933.617,4649365.022
Rubus chamaemorus,4676677.887,4634006.04
Rubus chamaemorus,4861168.211,4638970.933
Rubus chamaemorus,4217055.253,4314826.155
Rubus chamaemorus,5027698.927,4522726.476
Rubus chamaemorus,4986269.900999999,4996385.325
Rubus chamaemorus,4511300.064,5053930.863999999
Rubus chamaemorus,5111917.295000001,4329437.404
Rubus chamaemorus,5095155.371,4306226.065
Rubus chamaemorus,4687570.196,5045031.16
Rubus chamaemorus,4832173.107,4959691.9
Rubus chamaemorus,4632591.768,4568857.846
Rubus chamaemorus,4755312.8610000005,5225445.879
Rubus chamaemorus,4502623.5,5013887.297
Rubus chamaemorus,4269874.99,4038579.624
Rubus chamaemorus,4513845.88,3826337.879
Rubus chamaemorus,4967683.371,4576557.888
Rubus chamaemorus,5192257.133,4588531.665
Rubus chamaemorus,5075848.211,4246195.972
Rubus chamaemorus,4937615.646,4941350.632
Rubus chamaemorus,4859733.368,4767074.851
Rubus chamaemorus,5019721.823,4900817.821
Rubus chamaemorus,4457967.725,4319768.935
Rubus chamaemorus,4420724.007,4525893.263
Rubus chamaemorus,5072419.391,4223687.05
Rubus chamaemorus,5188841.79,4899838.336
Rubus chamaemorus,4928111.226,4476917.124
Rubus chamaemorus,5091359.687,4384110.135
Rubus chamaemorus,5096469.367,4290988.14
Rubus chamaemorus,4700760.321,4382785.855
Rubus chamaemorus,4525603.146,4175660.226
Rubus chamaemorus,5178929.520999999,4926117.053
Rubus chamaemorus,4886592.502,4908540.125
Rubus chamaemorus,4084721.709,3955315.225
Rubus chamaemorus,4152019.95,4181512.217
Rubus chamaemorus,4979137.325,4812942.969
Rubus chamaemorus,5021993.021,4678870.667
Rubus chamaemorus,4653152.697,4475996.205
Rubus chamaemorus,4970571.628,4234257.957
Rubus chamaemorus,4533713.825,3795771.2969999993
Rubus chamaemorus,5055763.733,4330873.027
Rubus chamaemorus,4490145.84,4238080.42
Rubus chamaemorus,4446568.463,4700621.555
Rubus chamaemorus,4175395.945,4420113.285
Rubus chamaemorus,5067435.881,5333693.392
Rubus chamaemorus,4588905.203,5086966.702
Rubus chamaemorus,5114188.313,4249561.224
Rubus chamaemorus,5032258.448,4493995.903
Rubus chamaemorus,5123535.065,4216559.032
Rubus chamaemorus,5175243.386000001,4939597.162
Rubus chamaemorus,4298397.248,4215499.693
Rubus chamaemorus,4771686.406,4701851.77
Rubus chamaemorus,4558892.2,3791768.94
Rubus chamaemorus,5141623.442,4982627.399
Rubus chamaemorus,5108009.901,4285150.819
Rubus chamaemorus,4841731.041,4815969.706
Rubus chamaemorus,5056086.279,4979463.885
Rubus chamaemorus,4357626.32,4174255.362
Rubus chamaemorus,5274441.524,4303663.445
Rubus chamaemorus,4957050.625,5218429.892
Rubus chamaemorus,5222070.492,4462512.753
Rubus chamaemorus,4396539.08,4389496.891
Rubus chamaemorus,4905405.316,4891436.822
Rubus chamaemorus,5063545.752,4755245.58
Rubus chamaemorus,5010530.632,4679060.082
Rubus chamaemorus,4320617.815,4386249.077
Rubus chamaemorus,4554153.898,4403290.499
Rubus chamaemorus,4586120.468,4155757.823
Rubus chamaemorus,4657008.149,4282764.891
Rubus chamaemorus,4569312.092,4353653.138
Rubus chamaemorus,5106979.944,4336455.99
Rubus chamaemorus,4370294.766,4083846.229
Rubus chamaemorus,4681229.99,5053256.649
Rubus chamaemorus,4763607.602,4715422.239
Rubus chamaemorus,5014602.628,4683179.246
Rubus chamaemorus,4471660.744,4486736.281
Rubus chamaemorus,4416663.089,4289573.677
Rubus chamaemorus,4506608.234,5081756.941
Rubus chamaemorus,4663689.098,4201517.083
Rubus chamaemorus,5173617.067,4732995.369
Rubus chamaemorus,5057511.731,4480768.157
Rubus chamaemorus,5099432.685,4337666.438
Rubus chamaemorus,4653676.523,4550641.739
Rubus chamaemorus,4602694.511,5148731.642
Rubus chamaemorus,4250059.377,4372335.6
Rubus chamaemorus,4703086.716,4725136.825
Rubus chamaemorus,5229557.043,4879140.057
Rubus chamaemorus,4140168.281,4118367.203
Rubus chamaemorus,4955001.243,4828519.582
Rubus chamaemorus,4774933.657,5167228.14
Rubus chamaemorus,4537133.2,4801247.176
Rubus chamaemorus,5079905.655,4548220.232
Rubus chamaemorus,4132851.929,4342499.983
Rubus chamaemorus,4733050.065000001,4772198.088
Rubus chamaemorus,4963241.811,4965371.184000001
Rubus chamaemorus,4391401.309,4130274.415
Rubus chamaemorus,4804630.801,5103172.73
Rubus chamaemorus,4497884.09,4357364.817
Rubus chamaemorus,4275059.936,4493064.918
Rubus chamaemorus,4777872.798,4925370.392
Rubus chamaemorus,4385908.537,4577671.078
Rubus chamaemorus,4144753.621,3964742.955
Rubus chamaemorus,5149549.8,4527236.077
Rubus chamaemorus,5215729.816,4885393.279
Rubus chamaemorus,4823393.631,5144967.562
Rubus chamaemorus,4280458.32,4388839.808
Rubus chamaemorus,4473130.293,4076878.17
Rubus chamaemorus,4517451.238,4366183.075
Rubus chamaemorus,5010269.788,4680023.567
Rubus chamaemorus,5162343.217,4483266.701
Rubus chamaemorus,4373507.699,4096495.522
Rubus chamaemorus,4487111.669,4148870.812
Rubus chamaemorus,4913434.45,4855433.206
Rubus chamaemorus,4871603.933,4868490.181
Rubus chamaemorus,4106201.576,4225143.906
Rubus chamaemorus,5072913.542,5185196.734
Rubus chamaemorus,4615717.595,4523644.944
Rubus chamaemorus,4173818.7059999993,4049338.128
Rubus chamaemorus,4827050.934,5062799.959
Rubus chamaemorus,4461515.312,4051835.387
Rubus chamaemorus,4981216.498,5101073.266
Rubus chamaemorus,4931221.402000001,4964379.654
Rubus chamaemorus,5107025.274,4332342.462
Rubus chamaemorus,5278202.189,4514013.613
Rubus chamaemorus,4469965.383,4997218.534
Rubus chamaemorus,4508332.002,5029109.15
Rubus chamaemorus,4469360.548,4482437.001
Rubus chamaemorus,4256775.549,4351321.383
Rubus chamaemorus,5100284.591,4326536.287
Rubus chamaemorus,4802829.195,5142720.325999999
Rubus chamaemorus,4976702.568,4875245.932
Rubus chamaemorus,4425917.559,4008439.395
Rubus chamaemorus,4791865.79,4608771.742
Rubus chamaemorus,4686705.609,4903521.893
Rubus chamaemorus,4777063.685,5152400.346
Rubus chamaemorus,4293009.326,4137476.65
Rubus chamaemorus,4981026.086,5032583.937
Rubus chamaemorus,4413641.349,4329279.752
Rubus chamaemorus,5152529.485,4197190.736
Rubus chamaemorus,5347061.229,4575775.631
Rubus chamaemorus,5080055.819,4237965.311
Rubus chamaemorus,4548739.126,4131678.268
Rubus chamaemorus,4222749.9,4075601.763
Rubus chamaemorus,4715425.488,4876416.685
Rubus chamaemorus,4307062.784,4294871.135
Rubus chamaemorus,4691908.573,4768875.942
Rubus chamaemorus,4551518.09,4532600.129
Rubus chamaemorus,4211525.023,4080034.69
Rubus chamaemorus,4918593.651999999,5002242.766
Rubus chamaemorus,5009907.618,5218126.618999999
Rubus chamaemorus,4638433.005,3793594.682
Rubus chamaemorus,5127628.46,4602745.648
Rubus chamaemorus,4778613.523,5113821.62
Rubus chamaemorus,4763104.37,4638764.54
Rubus chamaemorus,4483601.259,4281426.466
Rubus chamaemorus,4787170.586,4736983.95
Rubus chamaemorus,4486323.865,3868126.34
Rubus chamaemorus,4472408.43,4314365.204
Rubus chamaemorus,4403242.711,3965227.146
Rubus chamaemorus,4834056.639,5079435.238
Rubus chamaemorus,5081024.916,4238206.882
Rubus chamaemorus,4588143.667,4275954.377
Rubus chamaemorus,4197583.961,3913428.582
Rubus chamaemorus,4418367.075,4308027.686
Rubus chamaemorus,4550207.696,4523342.283
Rubus chamaemorus,5070997.275999999,5215151.023
Rubus chamaemorus,4792155.073,5000310.558
Rubus chamaemorus,5097009.306,4623602.084
Rubus chamaemorus,4309553.666,4216496.335
Rubus chamaemorus,4689434.966,5045593.572
Rubus chamaemorus,4607210.04,4276586.459
Rubus chamaemorus,4857233.921,4757003.413
Rubus chamaemorus,5083215.128,4237721.823
Rubus chamaemorus,4940875.344,4241204.193
Rubus chamaemorus,4687565.588,4829647.501
Rubus chamaemorus,5165619.504,4305662.984
Rubus chamaemorus,4590448.956,4226258.805
Rubus chamaemorus,5026280.546,4670687.398
Rubus chamaemorus,4800079.855,5126613.125
Rubus chamaemorus,4107256.454,4127750.522
Rubus chamaemorus,4414932.04,4340939.225
Rubus chamaemorus,5179388.527,4359624.453
Rubus chamaemorus,5125881.152,4975611.407
Rubus chamaemorus,5305029.876,4715129.531
Rubus chamaemorus,4177698.6630000006,4426398.171
Rubus chamaemorus,4839837.599,4954366.468
Rubus chamaemorus,4180948.536,4100960.52
Rubus chamaemorus,4626280.335,3752691.22
Rubus chamaemorus,4464661.634,4283530.594
Rubus chamaemorus,4539667.145,3841155.808
Rubus chamaemorus,4106966.8849999993,4366685.45
Rubus chamaemorus,4574427.328,4533814.635
Rubus chamaemorus,4415495.033,4282518.722
Rubus chamaemorus,4442060.192,4458520.489
Rubus chamaemorus,4571280.318,4343674.882
Rubus chamaemorus,4674987.452,4813246.542
Rubus chamaemorus,4943673.974,5232446.969
Rubus chamaemorus,5153271.053,4451108.097
Rubus chamaemorus,4395496.062,4554932.345
Rubus chamaemorus,4823281.541,4599919.14
Rubus chamaemorus,4908051.972,4900962.266
Rubus chamaemorus,5112585.317,4367987.198
Rubus chamaemorus,5157471.158,4269599.056
Rubus chamaemorus,4543088.358,4482365.048
Rubus chamaemorus,5222479.373,4412517.499
Rubus chamaemorus,4470873.588,4106353.417999999
Rubus chamaemorus,5115954.908,4216733.862
Rubus chamaemorus,5087496.662,4221258.456
Rubus chamaemorus,5082300.76,4550881.986
Rubus chamaemorus,4326547.351,4087392.5619999995
Rubus chamaemorus,5226304.827,4847337.969
Rubus chamaemorus,5094621.672,5254365.681
Rubus chamaemorus,4494545.529,4358110.795
Rubus chamaemorus,4678617.553,4603115.009
Rubus chamaemorus,4819066.853,5085379.612
Rubus chamaemorus,5105678.376,4598987.66
Rubus chamaemorus,4517365.045,4460869.833
Rubus chamaemorus,5187651.227999999,4098899.345
Rubus chamaemorus,4764722.365999999,5155320.62
Rubus chamaemorus,5177426.989,4928309.602
Rubus chamaemorus,4292887.578,3985640.577
Rubus chamaemorus,4456067.275,4364731.259
Rubus chamaemorus,4332594.062,4089296.558
Rubus chamaemorus,5073540.048,4743306.839
Rubus chamaemorus,5078290.901999999,4244743.162
Rubus chamaemorus,4838781.951,4156287.131
Rubus chamaemorus,5089875.11,4322906.921
Rubus chamaemorus,5010993.014,4882929.421
Rubus chamaemorus,4818419.597,5091369.531
Rubus chamaemorus,5193062.133,4031548.0189999994
Rubus chamaemorus,5120752.61,4600699.355
Rubus chamaemorus,5100602.7979999995,4435298.11
Rubus chamaemorus,4709234.028,4705015.061
Rubus chamaemorus,4382514.882,4080045.579
Rubus chamaemorus,5027174.004,4378406.645
Rubus chamaemorus,5285982.94,4035155.836
Rubus chamaemorus,4647928.075,4091387.804
Rubus chamaemorus,4815159.242000001,5062329.386
Rubus chamaemorus,5285940.142,4691137.827
Rubus chamaemorus,4240904.099,4022893.547
Rubus chamaemorus,4507248.099,3797565.235
Rubus chamaemorus,4883802.242,4963531.299
Rubus chamaemorus,4477943.1,5010036.49
Rubus chamaemorus,5022845.221,4379157.792
Rubus chamaemorus,4635368.251,3994009.228
Rubus chamaemorus,4620104.697,4657930.327
Rubus chamaemorus,5007099.392999999,4733781.009999999
Rubus chamaemorus,4745749.59,4848217.364
Rubus chamaemorus,5148077.365999999,4966202.568
Rubus chamaemorus,4483166.567,4510953.913
Rubus chamaemorus,4142555.826,4376043.62
Rubus chamaemorus,4567867.926,4323443.324
Rubus chamaemorus,4183355.701,4143735.148
Rubus chamaemorus,5202800.048,4110485.196
Rubus chamaemorus,4522524.245,3751811.987
Rubus chamaemorus,4956418.444,4482537.789
Rubus chamaemorus,5327761.349,4536384.301
Rubus chamaemorus,4458008.36,4499879.45
Rubus chamaemorus,4184105.945,4070061.833
Rubus chamaemorus,4593367.433,4301805.561
Rubus chamaemorus,4635921.618,4514612.552
Rubus chamaemorus,4606524.902,5146756.869000001
Rubus chamaemorus,5150633.264,4220448.616
Rubus chamaemorus,4503499.438,4204152.749
Rubus chamaemorus,5206223.45,4633321.421
Rubus chamaemorus,4939237.592000001,4211950.483
Rubus chamaemorus,4676418.362,5186746.868
Rubus chamaemorus,4565857.514,4288438.063
Rubus chamaemorus,4483095.888,5028317.083
Rubus chamaemorus,4938750.233,4956030.146
Rubus chamaemorus,4722036.359,5188536.869
Rubus chamaemorus,5075262.512,4204804.476
Rubus chamaemorus,5061583.88,4737184.930999999
Rubus chamaemorus,5332955.578,4631063.244
Rubus chamaemorus,4901604.133,5036911.967
Rubus chamaemorus,5126926.402,4206588.409
Rubus chamaemorus,4795957.803999999,5211716.815
Rubus chamaemorus,4241239,4123752.58
Rubus chamaemorus,4494322.471,4052203.87
Rubus chamaemorus,4610096.366,3861621.008
Rubus chamaemorus,4603180.649,5148836.902
Rubus chamaemorus,5138410.827,4725776.557
Rubus chamaemorus,4610443.166,4248223.961
Rubus chamaemorus,5005908.316,5257455.441
Rubus chamaemorus,4723612.729,4637699.624
Rubus chamaemorus,4909590.413,5047905.653
Rubus chamaemorus,4238690.17,4198874.944
Rubus chamaemorus,4114823.854,4329176.675
Rubus chamaemorus,4798681.546999999,5105725.816
Rubus chamaemorus,4919427.961,5088729.534
Rubus chamaemorus,4632595.376,4821482.306
Rubus chamaemorus,4356828.527,4324910.885
Rubus chamaemorus,4973657.014,5144687.4
Rubus chamaemorus,5088814.947,4330891.027
Rubus chamaemorus,4996503.023,4852201.177
Rubus chamaemorus,4528680.467,3726270.603
Rubus chamaemorus,4745847.982,4473902.67
Rubus chamaemorus,4398938.486,4131148.37
Rubus chamaemorus,5265520.896,4297406.785
Rubus chamaemorus,5017776.264,4682952.534
Rubus chamaemorus,4966336.402,5133583.452
Rubus chamaemorus,5286684.407,4292226.186
Rubus chamaemorus,4502521.348,4194253.437
Rubus chamaemorus,4849996.581,5190590.657
Rubus chamaemorus,4486115.803,4266819.659
Rubus chamaemorus,5289762.68,4711649.718
Rubus chamaemorus,4790276.58,4062063.352
Rubus chamaemorus,5008777.061,4681704.899
Rubus chamaemorus,5112796.479,4337906.411
Rubus chamaemorus,4881603.774,5089705.363
Rubus chamaemorus,4530109.411,4169365.288
Rubus chamaemorus,4426563.515,4311920.386
Rubus chamaemorus,5102306.459,4247635.037
Rubus chamaemorus,4361802.607,4041178.142
Rubus chamaemorus,5183528.939,4001768.985
Rubus chamaemorus,4908714.013,4911432.781
Rubus chamaemorus,4784410.973,4866899.65
Rubus chamaemorus,4494458.006,4177769.803
Rubus chamaemorus,5072647.552,4710178.025
Rubus chamaemorus,4256395.152,4262870.084
Rubus chamaemorus,4168441.5770000005,3974431.416
Rubus chamaemorus,5083732.144,4207946.077
Rubus chamaemorus,4590797.347,4100235.151
Rubus chamaemorus,4483267.678,4277884.889
Rubus chamaemorus,4613528.517,5169643.63
Rubus chamaemorus,5095002.598999999,5372373.106
Rubus chamaemorus,4499573.308,4607031.693
Rubus chamaemorus,4616261.786,5150245.884
Rubus chamaemorus,5377673.955,4567280.373
Rubus chamaemorus,4516575.598,4285602.54
Rubus chamaemorus,5009803.856999999,4857149.088
Rubus chamaemorus,5295152.811,4100981.598
Rubus chamaemorus,4460710.678,4339260.966
Rubus chamaemorus,4628743.602,5138040.134
Rubus chamaemorus,4432182.065,4589985.47
Rubus chamaemorus,4157933.578,4384908.771
Rubus chamaemorus,5028963.643,5038061.067
Rubus chamaemorus,4131371.186,4392984.028
Rubus chamaemorus,5164400.573,4956435.545
Rubus chamaemorus,4560982.5,4519937.518
Rubus chamaemorus,4581809.466,4462850.181
Rubus chamaemorus,4669995.128,4362928.001
Rubus chamaemorus,4298764.076,4173607.36
Rubus chamaemorus,5307870.261,4705798.79
Rubus chamaemorus,4949955.739,5254561.393
Rubus chamaemorus,4481532.117,3664159.706
Rubus chamaemorus,5223144.233,4658887.906
Rubus chamaemorus,4706959.062,4590755.867
Rubus chamaemorus,4424032.951,4319934.479
Rubus chamaemorus,4159680.951,3922113.739
Rubus chamaemorus,4216404.876,4031066.941
Rubus chamaemorus,4974467.035,5112045.4350000005
Rubus chamaemorus,4955807.011999999,5349062.866
Rubus chamaemorus,5020877.472,4686825.537
Rubus chamaemorus,4147871.782,3937242.029
Rubus chamaemorus,4869472.121000001,5052841.731
Rubus chamaemorus,4609036.871,5163479.818
Rubus chamaemorus,5098554.34,4329197.988
Rubus chamaemorus,5192767.851,4706135.594
Rubus chamaemorus,4646613.852,4509971.249
Rubus chamaemorus,5064958.113,5139067.122
Rubus chamaemorus,4460392.06,4116056.09
Rubus chamaemorus,4699094.019,4136558.156
Rubus chamaemorus,4933375.967,4837602.508999999
Rubus chamaemorus,4307795.653,4305169.106
Rubus chamaemorus,5211124.32,4614957.471
Rubus chamaemorus,5094819.33,4292175.066
Rubus chamaemorus,4740396.749,4683332.992
Rubus chamaemorus,4237181.281,4483668.041
Rubus chamaemorus,4677214.283,4404881.284
Rubus chamaemorus,4647824.978,4862977.304
Rubus chamaemorus,4695392.639,4740651.565
Rubus chamaemorus,4181390.106,4038662.943
Rubus chamaemorus,5262781.427999999,4399848.9
Rubus chamaemorus,4791896.789,5000356.074
Rubus chamaemorus,4951955.796,4584919.04
Rubus chamaemorus,4988670.864,4922969.138
Rubus chamaemorus,4414978.879,4598242.259
Rubus chamaemorus,4237482.871,4026045.344
Rubus chamaemorus,4489140.844,5014734.551999999
Rubus chamaemorus,4197499.326,4014073.51
Rubus chamaemorus,5287176.069,4534784.014
Rubus chamaemorus,4413992.445,4355172.146
Rubus chamaemorus,4180622.785,4147809.6090000006
Rubus chamaemorus,5110586.491,4580639.258
Rubus chamaemorus,4202080.287,3988944.848
Rubus chamaemorus,4781706.055,5161821.427999999
Rubus chamaemorus,4319702.127,4327484.916
Rubus chamaemorus,4884550.018,5184439.661
Rubus chamaemorus,5135019.038,4228952.807
Rubus chamaemorus,4985160.573,5269228.379000001
Rubus chamaemorus,4470697.071,4220320.852
Rubus chamaemorus,4825723.117,5018727.416
Rubus chamaemorus,5136850.863,4213934.408
Rubus chamaemorus,5068951.742,5135966
Rubus chamaemorus,5190973.68,4097586.272000001
Rubus chamaemorus,4928168.647,5004816.157
Rubus chamaemorus,5309593.804,4130361.653
Rubus chamaemorus,4905433.304,4889453.355
Rubus chamaemorus,4563123.797,4465435.814
Rubus chamaemorus,4326527.934,4222728.156
Rubus chamaemorus,4743400.74,4951700.534
Rubus chamaemorus,4546791.832,4131011.415
Rubus chamaemorus,5103356.033,4334520.715
Rubus chamaemorus,5143659.04,4479644.845
Rubus chamaemorus,4983093.713,4630923.299
Rubus chamaemorus,4116990.0599999996,3921143.437
Rubus chamaemorus,4217277.498,4023374.2579999994
Rubus chamaemorus,4706369.027,4445753.702
Rubus chamaemorus,4487970.389,4775145.817999999
Rubus chamaemorus,5027493.172,4289533.563
Rubus chamaemorus,5124756.18,4246936.978
Rubus chamaemorus,4425187.232,4424447.726
Rubus chamaemorus,4928561.466,5213084.839000001
Rubus chamaemorus,5277134.647,4301230.078
Rubus chamaemorus,5009434.476999999,4735463.462
Rubus chamaemorus,4689838.718,4709933.202
Rubus chamaemorus,5328001.506,4042011.948
Rubus chamaemorus,4550677.168,3703265.574
Rubus chamaemorus,4522643.808,4209587.77
Rubus chamaemorus,4217345.26,4427017.053
Rubus chamaemorus,4902130.669,4473394.107
Rubus chamaemorus,5232887.338,4599562.78
Rubus chamaemorus,5021732.262,4679834.466
Rubus chamaemorus,4271683.824,4078688.245
Rubus chamaemorus,4426406.031,4280536.485
Rubus chamaemorus,4540173.559,5071880.455
Rubus chamaemorus,4487271.422,4383904.736
Rubus chamaemorus,4438385.009,4244707.625
Rubus chamaemorus,4982207.601000001,4519982.448
Rubus chamaemorus,4475695.768,4851169.873
Rubus chamaemorus,5078660.545,4231430.382
Rubus chamaemorus,4133621.261,4393686.002
Rubus chamaemorus,4171648.318,4147386.451
Rubus chamaemorus,4160800.687,4130415.424
Rubus chamaemorus,5161473.414,4396431.943
Rubus chamaemorus,4531419.366,4116231.734
Rubus chamaemorus,4773599.123,5153544.557000001
Rubus chamaemorus,5143339.174,4651675.181
Rubus chamaemorus,4606669.232,5079767.645
Rubus chamaemorus,4801819.31,5098334.610000001
Rubus chamaemorus,4830415.7299999995,5085573.861
Rubus chamaemorus,4359263.73,4052563.262
Rubus chamaemorus,4614847.6,4423844.95
Rubus chamaemorus,5050167.239999999,4581958.061
Rubus chamaemorus,5137018.68,4212807.351
Rubus chamaemorus,4728200.26,4536367.867
Rubus chamaemorus,4780865.495,5139034.003
Rubus chamaemorus,5367947.588,4570891.345
Rubus chamaemorus,5110857.618,4337422.973
Rubus chamaemorus,4963259.601,5017782.116
Rubus chamaemorus,5091311.16,4985965.733
Rubus chamaemorus,5206966.221,4463574.973
Rubus chamaemorus,5285594.373,4318275.671
Rubus chamaemorus,4772120.906,4850086.64
Rubus chamaemorus,4573253.66,4078897.582
Rubus chamaemorus,5377915.109,4600171.77
Rubus chamaemorus,4779984.829,5153165.0309999995
Rubus chamaemorus,4797906.552,4736877.046
Rubus chamaemorus,5055696.949,4331406.607
Rubus chamaemorus,4961057.158,5215349.724
Rubus chamaemorus,5025993.193,4687089.116
Rubus chamaemorus,4471793.212,4484996.231
Rubus chamaemorus,4455129.38,4385265.066
Rubus chamaemorus,4776523.177,4655542.223
Rubus chamaemorus,5114591.698,4573397.839
Rubus chamaemorus,4780369.258999999,5148136.73
Rubus chamaemorus,5261866.322,4115889.998
Rubus chamaemorus,5114877.414,5305785.136
Rubus chamaemorus,5169484.319,4397391.235
Rubus chamaemorus,4524253.062,4350906.235
Rubus chamaemorus,4421658.979,4296925.149
Rubus chamaemorus,4483765.139,3837460.013
Rubus chamaemorus,4551812.368,4542884.033
Rubus chamaemorus,4195968.993,4424838.392
Rubus chamaemorus,5020068.349,4857458.139
Rubus chamaemorus,4419138.816,4349356.441
Rubus chamaemorus,5110958.506,4305479.716
Rubus chamaemorus,5133907.815,4217330.074
Rubus chamaemorus,5042392.485000001,4438320.048
Rubus chamaemorus,5149322.433,4292401.715
Rubus chamaemorus,4564826.995,4624222.505
Rubus chamaemorus,4584350.054,5082364.969
Rubus chamaemorus,5158526.059,4205898.399
Rubus chamaemorus,5140365.372,4200364.543
Rubus chamaemorus,4186104.169,4135612.914
Rubus chamaemorus,4758693.249,4700611.675
Rubus chamaemorus,4332707.504,4078406.726
Rubus chamaemorus,5074067.115,4229253.695
Rubus chamaemorus,4753693.327,4153769.068
Rubus chamaemorus,5091021.951000001,4259260.9
Rubus chamaemorus,4402647.68,4338881.561
Rubus chamaemorus,4803968.675,4713906.256
Rubus chamaemorus,4469274.359,4411185.884
Rubus chamaemorus,5046548.832,5002958.742
Rubus chamaemorus,5116947.029,4217479.798
Rubus chamaemorus,4770156.399,5136229.853
Rubus chamaemorus,4495715.035,4057195.77
Rubus chamaemorus,4490831.786,4218006.991
Rubus chamaemorus,4306669.147,4032795.4210000006
Rubus chamaemorus,4535330.213,4495480.942
Rubus chamaemorus,4669783.635,4648130.57
Rubus chamaemorus,4840862.614000001,4720950.751
Rubus chamaemorus,4592452.04,3980361.421
Rubus chamaemorus,4570711.471,4364887.815
Rubus chamaemorus,4224959.752,4251257.11
Rubus chamaemorus,4578803.238,4330240.695
Rubus chamaemorus,4992913.425,5235766.744
Rubus chamaemorus,4333027.485,4198976.08
Rubus chamaemorus,5005881.359,5350260.28
Rubus chamaemorus,5299831.14,4127464.811
Rubus chamaemorus,5118474.056,4646444.326
Rubus chamaemorus,4121133.432,4257412.08
Rubus chamaemorus,4432210.121,4318734.803
Rubus chamaemorus,4774368.488,5143488.291
Rubus chamaemorus,4686686.397,4738690.871
Rubus chamaemorus,5182879.586,4257206.92
Rubus chamaemorus,5059571.592,5284504.577
Rubus chamaemorus,4567095.036,4260213.075
Rubus chamaemorus,4774434.133,5132220.97
Rubus chamaemorus,4576889.802,4264939.843
Rubus chamaemorus,4622886.026,4629132.138
Rubus chamaemorus,4485284.028,4136243.388
Rubus chamaemorus,5111827.027,4337664.721
Rubus chamaemorus,5112080.767,4336696.725
Rubus chamaemorus,4658381.088,5192303.150999999
Rubus chamaemorus,5125192.548,4057404.134
Rubus chamaemorus,5166392.465,4930197.396
Rubus chamaemorus,4893457.821,4884235.341
Rubus chamaemorus,5348578.356,4010670.571
Rubus chamaemorus,4474161.359,4376411.612
Rubus chamaemorus,5286652.099,4692343.107
Rubus chamaemorus,5132382.52,4631336.986
Rubus chamaemorus,4500210.388,5020597.667
Rubus chamaemorus,5191514.36,4085305.457
Rubus chamaemorus,5019351.367,4406249.731
Rubus chamaemorus,4781200.669,5126810.531
Rubus chamaemorus,5011240.654,4680269.356
Rubus chamaemorus,4531139.34,4656728.761
Rubus chamaemorus,4550097.753,5045312.287
Rubus chamaemorus,4164597.569,3985963.32
Rubus chamaemorus,5177429.218,4382861.846
Rubus chamaemorus,5020603.459,4978316.506
Rubus chamaemorus,4545605.23,4278608.78
Rubus chamaemorus,5228835.424,4131059.066
Rubus chamaemorus,5015312.631,4684388.519
Rubus chamaemorus,4988791.277,4847182.964
Rubus chamaemorus,5252468.58,4319276.106
Rubus chamaemorus,4502011.054,4493616.267
Rubus chamaemorus,5013755.294,4923029.402000001
Rubus chamaemorus,4153671.222,4060866.817
Rubus chamaemorus,4889100.617,4919411.215
Rubus chamaemorus,5019268.863,4681270.775
Rubus chamaemorus,4829422.79,4574468.871
Rubus chamaemorus,4156060.856,4020014.275
Rubus chamaemorus,4522304.501,3717435.588
Rubus chamaemorus,4631493.004,4483770.262
Rubus chamaemorus,4920380.289,4820623.485
Rubus chamaemorus,4452285.413,4994947.4
Rubus chamaemorus,4169542.575,4151668.152
Rubus chamaemorus,4964804.717,5325133.885
Rubus chamaemorus,5057127.725,4724746.036
Rubus chamaemorus,5078019.997,4221990.295
Rubus chamaemorus,4418379.38,4305686.072
Rubus chamaemorus,5022934.812,4694552.767
Rubus chamaemorus,5020123.087,4674279.442
Rubus chamaemorus,5157351.625,4405624.319
Rubus chamaemorus,4262270.764,4194631.066
Rubus chamaemorus,4429330.907,4359975.101
Rubus chamaemorus,5080307.861,4236996.979
Rubus chamaemorus,5134075.682,4076168.663
Rubus chamaemorus,4168895.677,4147384.956
Rubus chamaemorus,5334271.853,4625089.099
Rubus chamaemorus,4546186.398,4816285.117
Rubus chamaemorus,5120997.841,4250160.548
Rubus chamaemorus,4930724.131,5102407.103000001
Rubus chamaemorus,4574310.339,4294965.997
Rubus chamaemorus,4292222.382,4022077.829
Rubus chamaemorus,4780929.462,5127765.555
Rubus chamaemorus,4196676.882,4425128.274
Rubus chamaemorus,5082437.321,4216904.216
Rubus chamaemorus,4694421.754,3972073.994
Rubus chamaemorus,5043304.374,5063966.835
Rubus chamaemorus,5096104.101,4603800.818
Rubus chamaemorus,5072980.647,4241356.035
Rubus chamaemorus,5230308.102,4606519.264
Rubus chamaemorus,4583168.577,4519817.89
Rubus chamaemorus,4335303.717,4026108.367
Rubus chamaemorus,4861955.497999999,4891992.290000001
Rubus chamaemorus,4614304.551,4512400.258
Rubus chamaemorus,4180860.226,4001730.836
Rubus chamaemorus,5057686.506,5032844.436
Rubus chamaemorus,4529085.346,3726903.509
Rubus chamaemorus,4822283.171,4899359.169
Rubus chamaemorus,5160299.978,4278553.621
Rubus chamaemorus,4627968.041,4095365.92
Rubus chamaemorus,4768860.331,4089792.581
Rubus chamaemorus,4567029.054,4399892.769
Rubus chamaemorus,4891902.562,5033153.99
Rubus chamaemorus,5152556.921,4713716.874
Rubus chamaemorus,4502296.254,5027890.552
Rubus chamaemorus,4800684.027,5094959.689
Rubus chamaemorus,5294940.811,4391259.52
Rubus chamaemorus,5036011.334,4657698.5
Rubus chamaemorus,4569950.657,4504203.599
Rubus chamaemorus,4789540.941999999,5108470.122
Rubus chamaemorus,4527875.562,4939922.267
Rubus chamaemorus,4177579.893,4432035.286
Rubus chamaemorus,4874809.33,4986266.732
Rubus chamaemorus,5326575.401,4158019.214
Rubus chamaemorus,5188085.22,4293870.238
Rubus chamaemorus,4961491.291999999,5217511.884
Rubus chamaemorus,4747058.941,4818545.193
Rubus chamaemorus,5021180.744,4697197.828
Rubus chamaemorus,4413900.595,4320558.595
Rubus chamaemorus,5094975.512,4323149.12
Rubus chamaemorus,4072883.633,4278447.353
Rubus chamaemorus,5179130.091,4926546.621
Rubus chamaemorus,4370210.649,4544266.669
Rubus chamaemorus,5096317.548,4238924.463
Rubus chamaemorus,4405115.53,4391975.582
Rubus chamaemorus,5018891.53,4674997.685
Rubus chamaemorus,4460264.483,4599272.765
Rubus chamaemorus,4553200.57,5107302.082
Rubus chamaemorus,5127021.369999999,4588871.131
Rubus chamaemorus,4992344.674,5200748.449
Rubus chamaemorus,5214822.225,4628240.169
Rubus chamaemorus,4300434.659,4217463.963
Rubus chamaemorus,5077054.816,4937663.254
Rubus chamaemorus,4414238.914,4355110.679
Rubus chamaemorus,4276772.999,4541196.62
Rubus chamaemorus,4628895.03,4719039.944
Rubus chamaemorus,5119935.222,4175695.369
Rubus chamaemorus,4773524.582,5120697.531
Rubus chamaemorus,5002818.596,5302352.882
Rubus chamaemorus,5082536.885,4232396.814
Rubus chamaemorus,4661355.038,4661617.98
Rubus chamaemorus,4558905.656,4138269.98
Rubus chamaemorus,4780460.41,5162521.186
Rubus chamaemorus,4163919.391,4085522.701
Rubus chamaemorus,4288255.929,4074569.778999999
Rubus chamaemorus,4719233.939,5152508.507
Rubus chamaemorus,4454537.9,4679875.806
Rubus chamaemorus,4678006.684,5195567.736
Rubus chamaemorus,4599231.735,4566008.773
Rubus chamaemorus,5061047.024,5123762.09
Rubus chamaemorus,5044631.876,4532584.047
Rubus chamaemorus,4812147.766,5106157.774
Rubus chamaemorus,5026964.154,4687334.507
Rubus chamaemorus,4621489.638,4338819.066
Rubus chamaemorus,4730137.545000001,4652227.935
Rubus chamaemorus,4531946.429,4306554.826
Rubus chamaemorus,5310804.552,4531314.039
Rubus chamaemorus,5077592.137,4215696.722
Rubus chamaemorus,4065382.86,4153965.115
Rubus chamaemorus,5062409.148000001,4512913.813
Rubus chamaemorus,4805171.802,5101261.264
Rubus chamaemorus,4553563.157,3898520.9279999994
Rubus chamaemorus,4328643.912,4093348.086
Rubus chamaemorus,4937316.575,4982578.588
Rubus chamaemorus,4629692.003,4559418.656
Rubus chamaemorus,5105368.343,5373581.619
Rubus chamaemorus,5145342.85,4481095.411
Rubus chamaemorus,5010219.432,4626467.059
Rubus chamaemorus,5066653.638,4632461.205
Rubus chamaemorus,5015488.247,4541280.532
Rubus chamaemorus,4784054.905000001,4777235.174
Rubus chamaemorus,4266976.59,4449966.098
Rubus chamaemorus,4540759.42,4292900.684
Rubus chamaemorus,4466069.059,4451754.527
Rubus chamaemorus,5061399.184999999,4150825.893
Rubus chamaemorus,4872329.765,5103612.794
Rubus chamaemorus,4684073.522,4444313.265
Rubus chamaemorus,4830730.184,5034165.497
Rubus chamaemorus,4154522.102,4017537.835
Rubus chamaemorus,5011009.442,4138978.93
Rubus chamaemorus,4535902.918,4170644.883
Rubus chamaemorus,4665576.828,5052305.19
Rubus chamaemorus,4153747.769,4180743.17
Rubus chamaemorus,4944361.681999999,4833970.667
Rubus chamaemorus,4828574.6850000005,4724782.826
Rubus chamaemorus,5085884.825,4211575.916
Rubus chamaemorus,4854334.207,5090814.389
Rubus chamaemorus,5116051.808,4954647.472
Rubus chamaemorus,4528103.865,4136001.5509999995
Rubus chamaemorus,5148344.822000001,4493183.904
Rubus chamaemorus,4597911.73,4481948.383
Rubus chamaemorus,5295044.969,4426363.1
Rubus chamaemorus,5026721.952,5078079.593000001
Rubus chamaemorus,4644536.491,4296354.587
Rubus chamaemorus,4703005.93,5250737.351
Rubus chamaemorus,5187846.508000001,4079250.617
Rubus chamaemorus,4463765.391,4286765.754
Rubus chamaemorus,5187803.193,4578251.259
Rubus chamaemorus,4591334.513,3745368.752
Rubus chamaemorus,4954222.360999999,5143064.614
Rubus chamaemorus,5123277.476,4242967.744
Rubus chamaemorus,4198136.062,4150411.487
Rubus chamaemorus,5024928.574,4858688.598
Rubus chamaemorus,4146566.01,3913142.922
Rubus chamaemorus,5187180.926,4430637.666
Rubus chamaemorus,4885765.774,5087769.803000001
Rubus chamaemorus,4730025.178,4472646.502
Rubus chamaemorus,5047934.392,4741405.619
Rubus chamaemorus,5163766.903,4245369.57
Rubus chamaemorus,5253186.435,3987718.045
Rubus chamaemorus,5300856.367000001,4339403.113
Rubus chamaemorus,4178168.05,4418752.315
Rubus chamaemorus,4335641.879,4474722.842
Rubus chamaemorus,5103980.02,4343956.915
Rubus chamaemorus,4937728.759,4903344.95
Rubus chamaemorus,4276613.368,4016433.9479999994
Rubus chamaemorus,5168991.21,4308562.662
Rubus chamaemorus,4522312.903,4080404.2400000007
Rubus chamaemorus,4577487.385,4977749.935
Rubus chamaemorus,5030305.917,4663466.537
Rubus chamaemorus,5323794.81,4040725.644
Rubus chamaemorus,5119380.993,4449960.842
Rubus chamaemorus,5146587.853999999,5002366.266
Rubus chamaemorus,4632317.412,4763139.879
Rubus chamaemorus,4602502.003,4642817.714
Rubus chamaemorus,4495279.493,3832731.206
Rubus chamaemorus,5282624.782,4580228.09
Rubus chamaemorus,5086713.362,4323148.493
Rubus chamaemorus,4989442.124,4336875.863
Rubus chamaemorus,4207523.41,4417721.418
Rubus chamaemorus,4480993.259,4145088.5599999996
Rubus chamaemorus,5035325.421,4683268.567
Rubus chamaemorus,4779241.872,4835577.923
Rubus chamaemorus,4365786.929,4244715.284
Rubus chamaemorus,5017754.61,4583055.701
Rubus chamaemorus,4513736.603,4505797.185
Rubus chamaemorus,4728316.462,4682855.61
Rubus chamaemorus,5134757.811,4810168.067
Rubus chamaemorus,4479532.717,4466535.099
Rubus chamaemorus,5022064.873,4674770.259
Rubus chamaemorus,4694327.171,4604722.959
Rubus chamaemorus,5078408.606,4232398.775
Rubus chamaemorus,4314670.514,4519739.753
Rubus chamaemorus,4425115.908,4334011.74
Rubus chamaemorus,4599988.363,3721665.768
Rubus chamaemorus,5165287.008,4381909.508
Rubus chamaemorus,5055248.992,4975452.373
Rubus chamaemorus,5145249.365,4225302.707
Rubus chamaemorus,4638410.248,4089563.939
Rubus chamaemorus,5323031.591,4138250.91
Rubus chamaemorus,4129724.559,4199358.067
Rubus chamaemorus,4588494.557,3859783.59
Rubus chamaemorus,4182406.4859999996,4039647.594
Rubus chamaemorus,4777924.229,5156728.714
Rubus chamaemorus,5087941.39,4385317.494
Rubus chamaemorus,4408613.506,4332056.292
Rubus chamaemorus,4214491.465,4261824.009
Rubus chamaemorus,4793745.719,4926453.353
Rubus chamaemorus,4529979.613,4232223.204
Rubus chamaemorus,5126001.624,4922176.58
Rubus chamaemorus,4926767.185,5028994.212
Rubus chamaemorus,5096875.505,4585448.537
Rubus chamaemorus,4235425.042,4146468.367
Rubus chamaemorus,4481142.075,4233147.204
Rubus chamaemorus,4139871.474,3946381.449
Rubus chamaemorus,5089628.808,4581571.029
Rubus chamaemorus,4957849.173,4243420.101
Rubus chamaemorus,5152651.73,4225403.701
Rubus chamaemorus,4850677.034,4950373.631
Rubus chamaemorus,5072056.476,4153479.786
Rubus chamaemorus,4341410.252,4543944.996
Rubus chamaemorus,4528757.566,3725306.192
Rubus chamaemorus,4496542.654,3817754.4350000005
Rubus chamaemorus,5140849.976000001,4924858.592
Rubus chamaemorus,5217207.605,4635653.312
Rubus chamaemorus,5319209.377,4369361.076
Rubus chamaemorus,4637097.345,4629865.976
Rubus chamaemorus,5285423.574,4693070.963
Rubus chamaemorus,5278493.375,4007395.48
Rubus chamaemorus,4457345.338,4024344.197
Rubus chamaemorus,4458335.678,4500232.994
Rubus chamaemorus,4798403.676,5125149.604
Rubus chamaemorus,5053784.353000001,4787336
Rubus chamaemorus,4524302.804,5103948.485
Rubus chamaemorus,4531998.774,3734970.541
Rubus chamaemorus,4664934.754,4193010.321
Rubus chamaemorus,4162660.569,4064644.395
Rubus chamaemorus,4798533.123,5205582.188
Rubus chamaemorus,4795385.132,4821768.965
Rubus chamaemorus,4649408.023,4370223.817
Rubus chamaemorus,4494698.275,4518138.409
Rubus chamaemorus,4501792.999,4494643.403
Rubus chamaemorus,4461207.131,4783921.652
Rubus chamaemorus,4303923.45,4448782.962
Rubus chamaemorus,5178898.376,4005701.532
Rubus chamaemorus,5182724.302,3967908.698
Rubus chamaemorus,4811098.773,4743292.008
Rubus chamaemorus,4661530.095,4683791.229
Rubus chamaemorus,4831890.216,4585014.106
Rubus chamaemorus,4447176.021,4361310.743
Rubus chamaemorus,5314124.441,4645014.769
Rubus chamaemorus,4527076.179,3745281.52
Rubus chamaemorus,4706159.204,4694611.955
Rubus chamaemorus,4769218.386,4891172.927
Rubus chamaemorus,4986391.786,4884044.447
Rubus chamaemorus,4298477.507,4309339.525
Rubus chamaemorus,4797177.385,5207263.852
Rubus chamaemorus,4986415.66,5240268.803
Rubus chamaemorus,5048077.539,4741392.372
Rubus chamaemorus,5024267.34,4674297.333
Rubus chamaemorus,4540267.591,4377188.41
Rubus chamaemorus,4508545.374,4384354.898
Rubus chamaemorus,4808739.14,5114505.5479999995
Rubus chamaemorus,4317863.715,4338473.574
Rubus chamaemorus,4795789.852,5149090.282
Rubus chamaemorus,4218128.76,4072680.807
Rubus chamaemorus,5159994.997,4398127.054
Rubus chamaemorus,4899838.074,5134700.852
Rubus chamaemorus,4535325.884,4325650.557
Rubus chamaemorus,4929973.085,4138182.4859999996
Rubus chamaemorus,4470914.947,4314399.212
Rubus chamaemorus,4538047.762,3740837.7639999995
Rubus chamaemorus,4215900.412,4061208.5309999995
Rubus chamaemorus,4659154.925,4087856.789
Rubus chamaemorus,4510992.156,5020338.046
Rubus chamaemorus,4406684.987,4152453.414
Rubus chamaemorus,4844294.787,4665057.18
Rubus chamaemorus,4343893.465,4011075.799
Rubus chamaemorus,5228232.835,4881017.344
Rubus chamaemorus,4518627.203,3905011.912
Rubus chamaemorus,4826116.842,5216612.371
Rubus chamaemorus,4205101.743,4410905.003
Rubus chamaemorus,5151602.352,4220688.855
Rubus chamaemorus,4869853.584,5054124.73
Rubus chamaemorus,4415328.581,4175258.219
Rubus chamaemorus,4633435.976,4209930.69
Rubus chamaemorus,4165584.301,3967821.527
Rubus chamaemorus,5100655.924,4336940.459
Rubus chamaemorus,4829918.491,5284968.718
Rubus chamaemorus,4787764.269000001,4672139.65
Rubus chamaemorus,4510582.303,4394685.301
Rubus chamaemorus,4331196.603,4063370.849
Rubus chamaemorus,5283685.702,4315997.064
Rubus chamaemorus,4675947.01,5193740.570000001
Rubus chamaemorus,5000742.094,4882385.599
Rubus chamaemorus,4406016.485,4229754.446
Rubus chamaemorus,4780991.603000001,5116495.833
Rubus chamaemorus,5116726.739,4727418.118
Rubus chamaemorus,4480971.302,5024328.791
Rubus chamaemorus,5196827.305,3992399.065
Rubus chamaemorus,4581982.026,3809052.557
Rubus chamaemorus,4977592.095,4890897.651000001
Rubus chamaemorus,4375670.259,4309658.44
Rubus chamaemorus,4813574.218,5062127.746
Rubus chamaemorus,4516186.201,4450955.836
Rubus chamaemorus,4509870.465,4239545.441
Rubus chamaemorus,4163818.644,4143013.949
Rubus chamaemorus,4788418.469,4651415.979
Rubus chamaemorus,4106908.453,4023795.8450000007
Rubus chamaemorus,4988124.242,4202602.531
Rubus chamaemorus,5170929.815,4309043.578
Rubus chamaemorus,4216121.718,4061465.2549999994
Rubus chamaemorus,4713040.955,4710115.819
Rubus chamaemorus,4863639.068,4648626.632
Rubus chamaemorus,4259254.497,4216602.665
Rubus chamaemorus,4587222.047,4696437.183
Rubus chamaemorus,4824646.016,4759097.53
Rubus chamaemorus,4940121.345,4296078.433
Rubus chamaemorus,4512446.003,4093529.83
Rubus chamaemorus,4251741.63,4417132.194
Rubus chamaemorus,5083370.302,4804492.543
Rubus chamaemorus,4376658.467,4308645.677
Rubus chamaemorus,5176479.019999999,4938876.127999999
Rubus chamaemorus,4775520.297,5232444.473
Rubus chamaemorus,4189694.202,4134497.385
Rubus chamaemorus,4127202.356,4343524.915
Rubus chamaemorus,4778127.193,5167038.804
Rubus chamaemorus,4469852.261,5002520.399
Rubus chamaemorus,4632489.671,4613925.97
Rubus chamaemorus,4966535.897000001,5258792.57
Rubus chamaemorus,5046914.974,4380195.568
Rubus chamaemorus,5322778.171,3992718.023
Rubus chamaemorus,4672626.084,5248315.467
Rubus chamaemorus,4986071.456,4217038.524
Rubus chamaemorus,5124863.715,4264067.5
Rubus chamaemorus,5157490.507,4012638.058
Rubus chamaemorus,4502145.896,4323620.077
Rubus chamaemorus,4392580.582,4529777.255
Rubus chamaemorus,4475451.313,4277602.197
Rubus chamaemorus,4949651.114,4547264.884
Rubus chamaemorus,4834192.418,4930025.415999999
Rubus chamaemorus,5148622.974,4228202.879
Rubus chamaemorus,4948276.302,5216188.404
Rubus chamaemorus,4572915.606,4655947.311
Rubus chamaemorus,5029066.448,5270557.316
Rubus chamaemorus,5109053.816,4324598.683
Rubus chamaemorus,4740997.126,4478521.799
Rubus chamaemorus,4272572.276,4398913.199
Rubus chamaemorus,5217173.325000001,4409677.231
Rubus chamaemorus,5017848.612,4678852.356
Rubus chamaemorus,5228467.409,4542324.914
Rubus chamaemorus,5254962.131,4022497.444
Rubus chamaemorus,4715441.145,4531110.414
Rubus chamaemorus,4338229.753,4064261.907
Rubus chamaemorus,4426541.843,4334147.161
Rubus chamaemorus,4596678.622,3921487.440999999
Rubus chamaemorus,5056304.55,4150587.705
Rubus chamaemorus,5121299.081,4018897.6159999995
Rubus chamaemorus,4744736.723,4699101.671
Rubus chamaemorus,5082444.961,4335485.91
Rubus chamaemorus,4644847.379,4796411.658999999
Rubus chamaemorus,4587550.722,4570620.501
Rubus chamaemorus,4597422.555,4702300.466
Rubus chamaemorus,4961561.337,4814640.322
Rubus chamaemorus,4694543.354,4812879.28
Rubus chamaemorus,5286292.563,4034642.91
Rubus chamaemorus,5088786.929,4634931.502
Rubus chamaemorus,5290774.097,4296327.824
Rubus chamaemorus,5147972.85,4010689.231
Rubus chamaemorus,4828363.157,4543345.367
Rubus chamaemorus,5070441.792,4380638.419
Rubus chamaemorus,4631484.18,4559625.201
Rubus chamaemorus,5187152.548,4930216.355
Rubus chamaemorus,4163616.086,3987472.963
Rubus chamaemorus,5013684.567,4250352.252
Rubus chamaemorus,4990740.883999999,4216260.116
Rubus chamaemorus,4672984.729,4447750.987
Rubus chamaemorus,4635214.619,4629588.186
Rubus chamaemorus,4992714.663,4849874.002
Rubus chamaemorus,4783529.917,5122289.836000001
Rubus chamaemorus,5273309.779,4580218.111
Rubus chamaemorus,4282313.523,4336387.825
Rubus chamaemorus,4934391.269,4836894.921
Rubus chamaemorus,4527836.263,5041962.508
Rubus chamaemorus,5088603.27,4232877.668
Rubus chamaemorus,4646888.291,4510041.493
Rubus chamaemorus,4430586.432,4337195.029
Rubus chamaemorus,5245285.271000001,4765566.661
Rubus chamaemorus,4252776.802,4419109.455
Rubus chamaemorus,4746581.088,4678739.28
Rubus chamaemorus,4145882.6,3938265.747
Rubus chamaemorus,4149665.787,4028578.904
Rubus chamaemorus,4894288.722999999,4177936.867
Rubus chamaemorus,4662489.082,4222330.431
Rubus chamaemorus,4680750.974,4518411.581
Rubus chamaemorus,4321638.149,4387229.422
Rubus chamaemorus,4676231.65,4188236.836
Rubus chamaemorus,5252520.694,4284848.601
Rubus chamaemorus,4456410.513,4044369.356
Rubus chamaemorus,5087588.27,4677890.366
Rubus chamaemorus,4160668.641,3921102.331
Rubus chamaemorus,4148493.561,3945722.943
Rubus chamaemorus,4522989.045,4206684.67
Rubus chamaemorus,4533668.597,3802369.266
Rubus chamaemorus,5008045.787,5158459.851
Rubus chamaemorus,5032388.96,4827655.619
Rubus chamaemorus,4245787.901,4408281.121
Rubus chamaemorus,4810133.237,4743481.158999999
Rubus chamaemorus,4809187.145,4734176.652
Rubus chamaemorus,5165955.342,4387232.411
Rubus chamaemorus,4637055.162,4105904.339
Rubus chamaemorus,4486179.079,4468640.373
Rubus chamaemorus,4475600.446,3658965.131
Rubus chamaemorus,4831797.167,4586170.44
Rubus chamaemorus,4454562.805,4759903.602
Rubus chamaemorus,4732843.115,4848505.111
Rubus chamaemorus,5064025.062,4377430.192
Rubus chamaemorus,4576376.144,4004889.535
Rubus chamaemorus,4155137.162,4382581.097
Rubus chamaemorus,4908846.014000001,5052500.144
Rubus chamaemorus,5035100.66,4749784.398
Rubus chamaemorus,5015949.277,4819379.581
Rubus chamaemorus,4373147.196,4113506.786
Rubus chamaemorus,4315687.373,4392300.595
Rubus chamaemorus,5152453.418,4418938.803
Rubus chamaemorus,4168638.117,4054894.556
Rubus chamaemorus,4809552.994,4743196.255
Rubus chamaemorus,5123535.222,4209596.606
Rubus chamaemorus,4749994.96,5143999.419
Rubus chamaemorus,4273287.21,4134299.93
Rubus chamaemorus,4546832.312,3922266.046
Rubus chamaemorus,5145800.637,4483271.417
Rubus chamaemorus,4177127.709,4350684.833
Rubus chamaemorus,4598115.84,4547433.163
Rubus chamaemorus,4837252.444,5089838.236
Rubus chamaemorus,4275571.549,4397874.199
Rubus chamaemorus,4977778.827,4569850.539
Rubus chamaemorus,4471903.848,4106435.908
Rubus chamaemorus,5354998.294,4600612.519
Rubus chamaemorus,4759031.567,5279610.708
Rubus chamaemorus,4243260.31,4084601.998
Rubus chamaemorus,4737248.752,4524422.967
Rubus chamaemorus,5009820.533,4677850.741
Rubus chamaemorus,4516788.652,5066520.957
Rubus chamaemorus,4528074.654,5092796.742
Rubus chamaemorus,4980235.915,4949145.216000001
Rubus chamaemorus,4630394.134,4349100.904
Rubus chamaemorus,4496775.649,4264499.65
Rubus chamaemorus,4815318.707,4698112.718
Rubus chamaemorus,4577543.484,5061522.381
Rubus chamaemorus,4766982.307,4908539.400999999
Rubus chamaemorus,4373226.472,4122587
Rubus chamaemorus,4582527.166,4521707.308
Rubus chamaemorus,4781439.409,4527258.022
Rubus chamaemorus,4992888.839,4212041.419
Rubus chamaemorus,5041614.448,4713684.916
Rubus chamaemorus,4686123.436,4549935.323
Rubus chamaemorus,4928414.743,4202014.331
Rubus chamaemorus,4642965.481,3799322.065
Rubus chamaemorus,4566466.735,4153472.32
Rubus chamaemorus,4306750.901,4191946.377
Rubus chamaemorus,4665841.265,5202587.006
Rubus chamaemorus,4339928.432,4336139.367
Rubus chamaemorus,4791224.25,4882596.602
Rubus chamaemorus,5127706.449,4826618.748
Rubus chamaemorus,4340330.19,4336133.125
Rubus chamaemorus,4880432.266000001,4942212.346
Rubus chamaemorus,4991999.623,4385386.067
Rubus chamaemorus,4225886.425,4079771.448
Rubus chamaemorus,4279453.539,4388854.28
Rubus chamaemorus,4530331.946,3935323.382
Rubus chamaemorus,5076538.202,4791453.506
Rubus chamaemorus,5258315.781,3965979.6239999994
Rubus chamaemorus,4902011.177,5036542.114
Rubus chamaemorus,4516144.092,4170078.546
Rubus chamaemorus,4470061.593,4326136.105
Rubus chamaemorus,4797586.49,5054796.36
Rubus chamaemorus,4965453.24,5028615.211
Rubus chamaemorus,5060334.781,4190771.565
Rubus chamaemorus,5077897.958,4329194.282
Rubus chamaemorus,4893934.468,5304466.786
Rubus chamaemorus,5034035.234,4522262.59
Rubus chamaemorus,4992636.604,4213008.742
Rubus chamaemorus,5217264.194999999,4611326.349
Rubus chamaemorus,4241760.594,4402021.054
Rubus chamaemorus,4412306.028,4308879.359
Rubus chamaemorus,4418443.052,4064092.186
Rubus chamaemorus,5009536.741,4247133.868
Rubus chamaemorus,4322849.692,4081660.316
Rubus chamaemorus,4808667.813,4649926.186
Rubus chamaemorus,4595670.767,4332026.7
Rubus chamaemorus,5003127.903,5050530.033
Rubus chamaemorus,4536075.274,5092110.793
Rubus chamaemorus,5101318.919,5011332.325
Rubus chamaemorus,5113393.772,4327742.958
Rubus chamaemorus,4515349.452,4285160.704
Rubus chamaemorus,4401035.39,4305755.482
Rubus chamaemorus,4151483.049,3942043.279
Rubus chamaemorus,5158464.502,4220648.963
Rubus chamaemorus,4676033.435,4707126.499
Rubus chamaemorus,4894273.714999999,5353947.27
Rubus chamaemorus,4811968.151,4913638.898
Rubus chamaemorus,4582342.136,4140998.791
Rubus chamaemorus,4949251.223999999,5216437.605
Rubus chamaemorus,5037433.238,4249926.698
Rubus chamaemorus,4965302.581,4250447.377
Rubus chamaemorus,5085192.159000001,4234089.979
Rubus chamaemorus,4811877.293,5107113.509
Rubus chamaemorus,4428551.201,4332248.773
Rubus chamaemorus,4407529.641,4336458.148
Rubus chamaemorus,4184311.626,3915157.316
Rubus chamaemorus,4911059.305,5044411.218
Rubus chamaemorus,5014359.851,5090815.155
Rubus chamaemorus,5076392.262,4240144.923
Rubus chamaemorus,4519064.131,4094526.108
Rubus chamaemorus,4504845.042,4364880.434
Rubus chamaemorus,4169199.195,4152497.003
Rubus chamaemorus,5153462.372,4395471.206
Rubus chamaemorus,4861249.108,3895753.853
Rubus chamaemorus,4656639.867,4720731.013
Rubus chamaemorus,4981570.34,4605824.457
Rubus chamaemorus,4683573.021,5049391.609
Rubus chamaemorus,4094790.282,4332580.226
Rubus chamaemorus,4661624.411,4586726.271
Rubus chamaemorus,5261671.658,4008101.562000001
Rubus chamaemorus,4508379.899,4623257.884
Rubus chamaemorus,4443105.685,4303897.857
Rubus chamaemorus,5183261.963,4075102.257
Rubus chamaemorus,5013963.455000001,4635652.253
Rubus chamaemorus,5339694.904,4440428.172
Rubus chamaemorus,5033037.68,4228282.924
Rubus chamaemorus,5203601.405,4571350.498
Rubus chamaemorus,4717045.519,3981883.452
Rubus chamaemorus,4758119.607,5231673.203
Rubus chamaemorus,5015472.03,4855265.266
Rubus chamaemorus,5347158.455999999,4560761.493
Rubus chamaemorus,4832086.463999999,4820463.603999999
Rubus chamaemorus,5185493.448,4881299.095000001
Rubus chamaemorus,4427413.771,3923431.164
Rubus chamaemorus,5304752.941,3942384.488
Rubus chamaemorus,4133197.824,4049140.774
Rubus chamaemorus,4326123.183,4059455.415
Rubus chamaemorus,5143199.327,4775220.729
Rubus chamaemorus,4611512.302,4628598.482
Rubus chamaemorus,4544555.506,4172681.453
Rubus chamaemorus,5265858.34,4051371.1639999994
Rubus chamaemorus,4556232.232,4402948.134
Rubus chamaemorus,4608860.036,4248650.601
Rubus chamaemorus,5036580.943,4238446.994
Rubus chamaemorus,5041246.415000001,4303526.917
Rubus chamaemorus,4836307.09,4974411.247
Rubus chamaemorus,4910765.444,5045013.603
Rubus chamaemorus,4501721.531,4322821.247
Rubus chamaemorus,5040626.689000001,4488989.408
Rubus chamaemorus,4931998.677000001,5025198.85
Rubus chamaemorus,5079798.912,5037023.964
Rubus chamaemorus,5081564.242,4389908.083
Rubus chamaemorus,4811985.666,5103036.836999999
Rubus chamaemorus,4771944.326,5133620.667000001
Rubus chamaemorus,5055489.603,4544662.862
Rubus chamaemorus,5164534.936,4605804.753
Rubus chamaemorus,5011823.9350000005,5288979.704
Rubus chamaemorus,4598327.173,3780692.093
Rubus chamaemorus,4322558.347,4547673.314
Rubus chamaemorus,4584172.562,3969236.459
Rubus chamaemorus,5190850.278,4583963.997
Rubus chamaemorus,4633006.309,4825872.366
Rubus chamaemorus,4513182.694,4209358.631
Rubus chamaemorus,5076817.351,4246437.753
Rubus chamaemorus,5052614.848,4549606.525
Rubus chamaemorus,5100003.084,4284186.805
Rubus chamaemorus,4884709.297,5085957.429
Rubus chamaemorus,4788123.747,4595529.17
Rubus chamaemorus,5034139.357,4719862.245
Rubus chamaemorus,4375898.75,4634107.845
Rubus chamaemorus,4440869.682,4335866.677
Rubus chamaemorus,4534567.728,5053739.075
Rubus chamaemorus,4589206.842,4070611.684
Rubus chamaemorus,5236231.423,4619850.022
Rubus chamaemorus,5400562.407,4552683.527
Rubus chamaemorus,4869755.255000001,5124764.227
Rubus chamaemorus,4142725.761999999,3994776.017
Rubus chamaemorus,4142274.865,3905298.373
Rubus chamaemorus,4517433.133,5028097
Rubus chamaemorus,4969937.631,5213511.39
Rubus chamaemorus,4527937.109,4940165.353
Rubus chamaemorus,4469153.559,4495325.731
Rubus chamaemorus,4476557.729,3784273.7
Rubus chamaemorus,5329232.478,4019752.586
Rubus chamaemorus,4968812.89,5072612.077
Rubus chamaemorus,5092304.2,4226581.012
Rubus chamaemorus,4746117.968,4699133.976
Rubus chamaemorus,4525969.818,4511474.988
Rubus chamaemorus,4587304.141,4541148.45
Rubus chamaemorus,4558501.811,4891728.828
Rubus chamaemorus,4528436.337,4135271.226
Rubus chamaemorus,4434256.915,4387533.709
Rubus chamaemorus,4857134.293,4842105.376
Rubus chamaemorus,4475729.557,4231336.023
Rubus chamaemorus,4526753.402,3668679.456
Rubus chamaemorus,4834793.844,4755198.129
Rubus chamaemorus,4167429.619,4149630.456
Rubus chamaemorus,4706322.644,4125965.159
Rubus chamaemorus,4791502.257,4852530.396
Rubus chamaemorus,5218701.612,4595172.909
Rubus chamaemorus,4386902.757,4584227.699
Rubus chamaemorus,5152355.855,4217780.794
Rubus chamaemorus,5114706.48,4281551.448
Rubus chamaemorus,4424211.976,4306232.545
Rubus chamaemorus,4995987.669,4210728.213
Rubus chamaemorus,4390273.726,4122312.261999999
Rubus chamaemorus,4401348.264,4345097.068
Rubus chamaemorus,4701015.139,4680142.253
Rubus chamaemorus,4964036.941999999,4589570.119
Rubus chamaemorus,4995796.595,4924677.469999999
Rubus chamaemorus,5045031.365000001,5090922.978
Rubus chamaemorus,5011834.589,4674242.157
Rubus chamaemorus,4584775.856,4976177.17
Rubus chamaemorus,4965340.065,4403176.008
Rubus chamaemorus,4141189.284,4415032.559
Rubus chamaemorus,4865761.647,4913168.797
Rubus chamaemorus,4435564.136,4341259.328
Rubus chamaemorus,4786144.94,5160931.12
Rubus chamaemorus,4435152.156,4319752.415
Rubus chamaemorus,4895618.167,5350317.223
Rubus chamaemorus,4150566.296,3915236.118
Rubus chamaemorus,4609812.027,4354123.887
Rubus chamaemorus,4482581.958,5011162.152
Rubus chamaemorus,5078815.408000001,5326379.865
Rubus chamaemorus,4429639.97,4280040.005
Rubus chamaemorus,4843181.362,4590275.249
Rubus chamaemorus,4235192.935,4348907.733
Rubus chamaemorus,4472258.667,4402410.543
Rubus chamaemorus,4799106.292000001,5126359.072
Rubus chamaemorus,4177052.594,4012018.158
Rubus chamaemorus,5270779.201,4305858.072
Rubus chamaemorus,4716397.105,4576733.083
Rubus chamaemorus,4163264.5570000005,4419503.608
Rubus chamaemorus,5263400.719,4462409.736
Rubus chamaemorus,5167084.287,4394732.339
Rubus chamaemorus,5007773.262,5389089.454
Rubus chamaemorus,4823230.147,5085435.97
Rubus chamaemorus,4172971.994,3920297.184000001
Rubus chamaemorus,5086385.924,4705393.481
Rubus chamaemorus,4542178.031,4558153.599
Rubus chamaemorus,5161171.199,4479881.928
Rubus chamaemorus,5098345.855,4326052.514
Rubus chamaemorus,4671916.774,5191352.577
Rubus chamaemorus,4648987.963,4370561.812
Rubus chamaemorus,4165568.064,4057622.245
Rubus chamaemorus,4854163.227000001,5094036.4
Rubus chamaemorus,4755599.843,5139592.149
Rubus chamaemorus,5257561.737,4011636.466
Rubus chamaemorus,4837404.282,4615266.984
Rubus chamaemorus,4797430.097,5124895.589
Rubus chamaemorus,4236891.608,4432271.479
Rubus chamaemorus,5135343.373,4219749.536
Rubus chamaemorus,4566079.84,4856705.347
Rubus chamaemorus,4672393.057,5224774.964
Rubus chamaemorus,4238016.067,4138518.043
Rubus chamaemorus,4684275.58,4465047.19
Rubus chamaemorus,4621257.631,3977471.968000001
Rubus chamaemorus,5085042.735,4274268.545
Rubus chamaemorus,4998010.18,4952637.073
Rubus chamaemorus,4414346.301,3994188.4750000006
Rubus chamaemorus,4195826.441,3928960.098
Rubus chamaemorus,5188166.534,4053326.801
Rubus chamaemorus,5092991.711,4326778.421
Rubus chamaemorus,4068720.149,4315676.638
Rubus chamaemorus,5092203.04,4262649
Rubus chamaemorus,5031827.138,5171009.281
Rubus chamaemorus,4960843.434,5223500.579
Rubus chamaemorus,4168488.821,4329994.331
Rubus chamaemorus,4294807.09,4152632.912
Rubus chamaemorus,4340307.065,4181658.336
Rubus chamaemorus,5241071.525,3996419.941
Rubus chamaemorus,4277217.786,4015952.149
Rubus chamaemorus,4848169.075,4586124.79
Rubus chamaemorus,4272991.117,4167706.004
Rubus chamaemorus,5151565.685,4488831.504
Rubus chamaemorus,4455625.251,4056138.132
Rubus chamaemorus,4799537.897,5128523.763
Rubus chamaemorus,5114741.568,4215662.972
Rubus chamaemorus,4539178.617,4347342.911
Rubus chamaemorus,4988373.81,5277677.118
Rubus chamaemorus,5056615.387,5180070.619
Rubus chamaemorus,4507042.915,4624706.047
Rubus chamaemorus,4336139.983,4572970.332
Rubus chamaemorus,4831420.616,4950707.023
Rubus chamaemorus,4911441.761,4994242.42
Rubus chamaemorus,4768187.078,5154177.72
Rubus chamaemorus,4384568.67,4142355.526
Rubus chamaemorus,4993353.248,4214218.955
Rubus chamaemorus,4433168.408,4742388.269000001
Rubus chamaemorus,5026199.354,4891923.752
Rubus chamaemorus,4139829.756,3929205.751
Rubus chamaemorus,5147394.933,5033395.078
Rubus chamaemorus,4735250.318,4592836.518
Rubus chamaemorus,5224276.18,4670106.083
Rubus chamaemorus,4859888.654000001,5344018.708999999
Rubus chamaemorus,5081545.056,4615601.455
Rubus chamaemorus,5031314.726,4880876.254
Rubus chamaemorus,5155836.241,4073108.586
Rubus chamaemorus,4768730.723000001,5152268.818
Rubus chamaemorus,4694889.755,4130540.832
Rubus chamaemorus,4593165.191,4590886.719
Rubus chamaemorus,4402464.269,4321302.193
Rubus chamaemorus,4326570.865,4285094.28
Rubus chamaemorus,4225547.787,4077426.246
Rubus chamaemorus,5283388.452999999,4029165.436
Rubus chamaemorus,4154959.281,4013040.379
Rubus chamaemorus,4768350.913,4594735.645
Rubus chamaemorus,5105503.051,4338149.919
Rubus chamaemorus,4500399.763,4314170.058
Rubus chamaemorus,5137574.962,4214418.418
Rubus chamaemorus,4486431.443,4158333.178
Rubus chamaemorus,4177439.252,4090437.3709999993
Rubus chamaemorus,5270244.269,4489365.216
Rubus chamaemorus,5195958.522999999,4003146.501
Rubus chamaemorus,4300991.866,4183760.155
Rubus chamaemorus,5311637.212,4122939.107
Rubus chamaemorus,4872756.708,4803205.083
Rubus chamaemorus,4199364.637,4265857.327
Rubus chamaemorus,4391722.134,4455673.605
Rubus chamaemorus,4733944.487,4512999.334
Rubus chamaemorus,5167799.523,4395941.331
Rubus chamaemorus,5238581.663,4079941.945
Rubus chamaemorus,4461587.373,4555786.157
Rubus chamaemorus,4409447.06,4318393.488
Rubus chamaemorus,4527666.267,3680531.585
Rubus chamaemorus,4749418.741999999,5149577.915
Rubus chamaemorus,5263355.312,4495916.842
Rubus chamaemorus,5056652.861,5197205.971
Rubus chamaemorus,4098525.549,4151212.485
Rubus chamaemorus,4434567.714,4295280.564
Rubus chamaemorus,5043662.888,4813012.359
Rubus chamaemorus,4652953.759,5081771.859
Rubus chamaemorus,4157995.867,3995245.937
Rubus chamaemorus,5241413.217,3980854.263
Rubus chamaemorus,4116150.723,4061305.953
Rubus chamaemorus,4581610.461,4045688.567
Rubus chamaemorus,4413977.239,4284886.38
Rubus chamaemorus,5223186.384,4330235.226
Rubus chamaemorus,4401350.697,4125123.685
Rubus chamaemorus,4498506.358,4304151.45
Rubus chamaemorus,4547596.078,4353249.217
Rubus chamaemorus,5275383.145,4280157.795
Rubus chamaemorus,4420296.326,4306250.743
Rubus chamaemorus,4999708.76,5020070.192
Rubus chamaemorus,4220809.867,4158858.139
Rubus chamaemorus,5083467.163,4236753.505
Rubus chamaemorus,4985120.320000001,4239614.827
Rubus chamaemorus,4287723.686,4199765.539
Rubus chamaemorus,5283359.329,4716254.323
Rubus chamaemorus,4540528.599,4101786.959
Rubus chamaemorus,5041852.177000001,4194406.295
Rubus chamaemorus,4321051.656,4231459.274
Rubus chamaemorus,5115645.61,4223734.605
Rubus chamaemorus,4547635.523,3922416.488
Rubus chamaemorus,5241781.222,4409109.651
Rubus chamaemorus,4525715.037,5054992.875
Rubus chamaemorus,5127184.991,4205827.059
Rubus chamaemorus,4780535.352,4526909.349
Rubus chamaemorus,4537334.651,4151542.175
Rubus chamaemorus,5110662.057000001,4607447.783
Rubus chamaemorus,4544244.065,4397000.677
Rubus chamaemorus,4819779.611,4739605.908
Rubus chamaemorus,4448888.145,4024957.51
Rubus chamaemorus,4512469.867,4318904.99
Rubus chamaemorus,5095620.471,4285156.463
Rubus chamaemorus,5306470.694,4508593.977
Rubus chamaemorus,4507549.906,5073689.603
Rubus chamaemorus,5117056.741,4254400.41
Rubus chamaemorus,5114735.33,4338389.693
Rubus chamaemorus,4472110.169,4210270.162
Rubus chamaemorus,4161119.986,4130440.478
Rubus chamaemorus,5284719.411,4063944.606
Rubus chamaemorus,4630299.14,4473744.222
Rubus chamaemorus,5087984.463,4211634.894
Rubus chamaemorus,5085747.418,4385799.771
Rubus chamaemorus,4565729.301,4279448.322
Rubus chamaemorus,4560234.74,3803990.116
Rubus chamaemorus,4779554.437999999,5151000.831
Rubus chamaemorus,4277025.066,4492436.187
Rubus chamaemorus,4413045.934,4091217.685
Rubus chamaemorus,5070073.365,4240630.539
Rubus chamaemorus,5010316.47,4576026.531
Rubus chamaemorus,5036093.968,4825505.496
Rubus chamaemorus,5086626.431,4236509.837
Rubus chamaemorus,4773354.607,4850041.458
Rubus chamaemorus,4687907.067,5033086.455
Rubus chamaemorus,4852672.029,4960838.241
Rubus chamaemorus,4969461.887,5259538.208
Rubus chamaemorus,5023858.777,4851217.196
Rubus chamaemorus,4968657.659,5201388.561
Rubus chamaemorus,4466092.717,4475419.491
Rubus chamaemorus,4218355.365,4402643.122
Rubus chamaemorus,4803346.854,5137212.573000001
Rubus chamaemorus,4502754.851,4503737.641
Rubus chamaemorus,4379834.492,4258865.697
Rubus chamaemorus,5156403.842,4828271.277000001
Rubus chamaemorus,5335690.322,4134282.3
Rubus chamaemorus,4785800.103,4558631.637
Rubus chamaemorus,5298828.786,4124911.167
Rubus chamaemorus,4488135.968,4231815.307
Rubus chamaemorus,4448342.516,4187928.35
Rubus chamaemorus,5170134.581,4383113.616
Rubus chamaemorus,5073241.097,4969404.146
Rubus chamaemorus,5011616.87,4816224.213
Rubus chamaemorus,4983593.514,4872885.837
Rubus chamaemorus,4783511.849,4706187.349
Rubus chamaemorus,4955029.419,4234468.685
Rubus chamaemorus,4839246.63,4916135.987
Rubus chamaemorus,4341618.411,4089158.589
Rubus chamaemorus,4338233.1,4461675.072
Rubus chamaemorus,4718224.279,4487790.82
Rubus chamaemorus,5137568.706,4215144.234
Rubus chamaemorus,4396681.2,4273768.767
Rubus chamaemorus,4262497.305,4239520.801
Rubus chamaemorus,4779916.746,5164430.234
Rubus chamaemorus,4452001.047,4363460.198
Rubus chamaemorus,4630481.184,4763885.589
Rubus chamaemorus,4138544.831,4143501.301
Rubus chamaemorus,5053062.841000001,4333289.148
Rubus chamaemorus,5105637.874,5372946.981
Rubus chamaemorus,4779252.009,4656901.475
Rubus chamaemorus,5303142.695,4419068.976
Rubus chamaemorus,4772828.09,5163599.544999999
Rubus chamaemorus,5090502.888,4237475.887
Rubus chamaemorus,4971444.511,5115381.715
Rubus chamaemorus,4593296.487,4312855.611
Rubus chamaemorus,5031578.825,4879914.513
Rubus chamaemorus,4679005.271,4604557.157
Rubus chamaemorus,4322075.291,4142689.883
Rubus chamaemorus,5357134.003,4614093.472
Rubus chamaemorus,4816384.519000001,4719289.769
Rubus chamaemorus,4171104.399,4148379.116
Rubus chamaemorus,4895636.726,4968948.818
Rubus chamaemorus,4351128.273,4182603.537
Rubus chamaemorus,5057024.848000001,4595015.851
Rubus chamaemorus,5089114.187,4325810.213
Rubus chamaemorus,4098769.217,4352636.043
Rubus chamaemorus,5094280.104,4222948.041
Rubus chamaemorus,4827287.73,4986240.294
Rubus chamaemorus,4123601.132,4401288.195
Rubus chamaemorus,4215193.799,4072465.271
Rubus chamaemorus,4764133.262,4640029.73
Rubus chamaemorus,4115813.795,4328169.517
Rubus chamaemorus,5044121.105,4237240.331
Rubus chamaemorus,4549773.737,4609131.751
Rubus chamaemorus,4401227.506,4541257.052
Rubus chamaemorus,4395966.74,4565313.783
Rubus chamaemorus,4930098.712,5002110.858
Rubus chamaemorus,4354771.572,4228838.816
Rubus chamaemorus,4194776.2,4423836.65
Rubus chamaemorus,4326274.57,4069433.472
Rubus chamaemorus,4479009.444,4481529.392
Rubus chamaemorus,4675289.774,5187794.546
Rubus chamaemorus,5267417.221,4275101.118
Rubus chamaemorus,5005983.405,5330438.344
Rubus chamaemorus,5055703.616,4882922.024
Rubus chamaemorus,5071772.286,4504959.522
Rubus chamaemorus,4776109.769999999,5133685.723000001
Rubus chamaemorus,5020277.969,5030434.851
Rubus chamaemorus,4263779.701,4043562.335
Rubus chamaemorus,4205171.763,3972532.3760000006
Rubus chamaemorus,5093801.207000001,4895594.848
Rubus chamaemorus,5305176.196,3994182.683
Rubus chamaemorus,4452632.869,4374055.445
Rubus chamaemorus,5040344.892,5017833.312
Rubus chamaemorus,4990097.423,4226389.556
Rubus chamaemorus,4623318.952,4627815.405
Rubus chamaemorus,4254846.974,4355224.355
Rubus chamaemorus,5075370.268,4002263.151
Rubus chamaemorus,4358510.433,4078917.903
Rubus chamaemorus,5082896.009999999,4637573.026
Rubus chamaemorus,4502528.306,5070226.773
Rubus chamaemorus,4543875.694,3851300.491
Rubus chamaemorus,4547366.921,4266913.071
Rubus chamaemorus,4812959.115,5103290.281
Rubus chamaemorus,5244579.338,4146212.5060000005
Rubus chamaemorus,5211372.254,4753056.867
Rubus chamaemorus,5018486.361,4684161.731
Rubus chamaemorus,4837683.009,4626089.906
Rubus chamaemorus,4758320.733,5134538.871
Rubus chamaemorus,4431300.801,4317468.44
Rubus chamaemorus,4321569.103,4469221.966
Rubus chamaemorus,5136563.736,4219020.943
Rubus chamaemorus,4203805.128,3996721.851
Rubus chamaemorus,4529303.849,4445089.672
Rubus chamaemorus,4789521.135,4672887.092
Rubus chamaemorus,4853523.74,4651814.639
Rubus chamaemorus,5110992.588,4325082.046
Rubus chamaemorus,5153290.753,4225558.633
Rubus chamaemorus,4986930.924,5273783.045000001
Rubus chamaemorus,5053817.645,4473127.644
Rubus chamaemorus,4622491.337,4099685.583
Rubus chamaemorus,4925624.12,5025619.435
Rubus chamaemorus,4677718.735,4559296.687
Rubus chamaemorus,4410679.925,4041007.985
Rubus chamaemorus,4773955.554,5122862.365
Rubus chamaemorus,4521721.252,4640788.796
Rubus chamaemorus,4924827.227,5003885.642
Rubus chamaemorus,4969911.353,4463832.015
Rubus chamaemorus,4506933.976,3781572.924
Rubus chamaemorus,4774050.49,5137249.978
Rubus chamaemorus,4908172.362,4909982.686
Rubus chamaemorus,4618363.945,4642669.049
Rubus chamaemorus,4827935.519,4913126.062
Rubus chamaemorus,4144852.189,4087482.111
Rubus chamaemorus,4859020.456,5060987.029
Rubus chamaemorus,5116351.905,4223525.551
Rubus chamaemorus,5101456.292,4451583.534
Rubus chamaemorus,4283578.904,4098005.866
Rubus chamaemorus,5006775.221,4396695.405
Rubus chamaemorus,4809380.488,4658777.103
Rubus chamaemorus,5101890.465,4185651.945
Rubus chamaemorus,4598629.547,4147806.862
Rubus chamaemorus,4323011.963,4494154.327
Rubus chamaemorus,4694386.147,4605441.572
Rubus chamaemorus,5105514.467,4503790.766
Rubus chamaemorus,4505119.465,4764968.793
Rubus chamaemorus,4443275.497,3910090.977
Rubus chamaemorus,4373490.166,4139541.494
Rubus chamaemorus,5068347.665,4243292.939
Rubus chamaemorus,4575303.716,5097537.063
Rubus chamaemorus,4546182.155,4171782.564
Rubus chamaemorus,4067726.345,4278858.777
Rubus chamaemorus,4162998.596,4245506.257
Rubus chamaemorus,4805257.732,4853649.204
Rubus chamaemorus,5146661.165,4491733.415
Rubus chamaemorus,4411071.859,4463299.167
Rubus chamaemorus,4731464.41,4846358.676
Rubus chamaemorus,5139506.856,4215625.21
Rubus chamaemorus,4333540.365,4479788.897
Rubus chamaemorus,4465532.45,3803410.558
Rubus chamaemorus,5268471.572,4644995.453
Rubus chamaemorus,4713110.318,5229888.808
Rubus chamaemorus,4358119.986,4104146.15
Rubus chamaemorus,5135305.117,4040453.214
Rubus chamaemorus,5047842.329,4885052.647
Rubus chamaemorus,4691616.872,4767909.274
Rubus chamaemorus,4564990.165,4924622.884
Rubus chamaemorus,5011175.42,5395505.47
Rubus chamaemorus,4545638.347,4062646.933
Rubus chamaemorus,5013823.612999999,4815754.464
Rubus chamaemorus,5107335.07,5364574.961
Rubus chamaemorus,5070123.9180000005,5323250.855
Rubus chamaemorus,4153344.667,4015805.626
Rubus chamaemorus,5059216.116,4251406.141
Rubus chamaemorus,4889299.724,4834479.306
Rubus chamaemorus,5102639.169,4606468.791
Rubus chamaemorus,4539545.967,3881976.874
Rubus chamaemorus,4903557.741,4945403.306
Rubus chamaemorus,4584608.692,4792103.228
Rubus chamaemorus,4873522.371,5092309.833
Rubus chamaemorus,5151983.891,4397165.981
Rubus chamaemorus,5084610.92,4315405.775
Rubus chamaemorus,4363863.256,4478139.164
Rubus chamaemorus,4435331.343,4340112.144
Rubus chamaemorus,5030589.102,5037970.678
Rubus chamaemorus,5071042.506,4240872.303
Rubus chamaemorus,4511845.3,4403530.195
Rubus chamaemorus,4129649.129,4014415.458
Rubus chamaemorus,5071586.089,4234821.461
Rubus chamaemorus,4910127.873999999,4825572.224999999
Rubus chamaemorus,5070364.967000001,4235547.764
Rubus chamaemorus,5176429.704,4406335.601
Rubus chamaemorus,4612216.525,4323989.635
Rubus chamaemorus,4422585.107,4132556.415
Rubus chamaemorus,5004875.77,5172187.896
Rubus chamaemorus,4572275.155,4993412.252
Rubus chamaemorus,5069226.571,4653708.022
Rubus chamaemorus,5146721.039,4223604.712
Rubus chamaemorus,4524148.153,4195766.949
Rubus chamaemorus,4515967.973,4158872.699
Rubus chamaemorus,4632525.1,4483912.84
Rubus chamaemorus,5078277.841,4828343.578999999
Rubus chamaemorus,4798953.777,5278904.909
Rubus chamaemorus,4489824.625,4234860.537
Rubus chamaemorus,4807983.414,4734670.738
Rubus chamaemorus,5133871.654,4221447.221
Rubus chamaemorus,4767912.678,5315801.682
Rubus chamaemorus,4942673.742,4832268.555
Rubus chamaemorus,5266529.08,4748154.731000001
Rubus chamaemorus,4793954.068,5144507.34
Rubus chamaemorus,4963506.676,5028118.593
Rubus chamaemorus,4926474.022,5000154.512
Rubus chamaemorus,4697045.193,4037302.218
Rubus chamaemorus,4629568.558,4690233.3
Rubus chamaemorus,5074201.902,4240629.585
Rubus chamaemorus,5078369.685,4236513.602
Rubus chamaemorus,5012095.37,4673278.503
Rubus chamaemorus,4647514.574,4660732.722
Rubus chamaemorus,5019556.573,4529945.314
Rubus chamaemorus,4670649.888,5001540.069
Rubus chamaemorus,5047830.679,4331964.324
Rubus chamaemorus,5089860.985,4822589.102
Rubus chamaemorus,5091762.977,4270273.357
Rubus chamaemorus,5211398.998,4369573.604
Rubus chamaemorus,4076662.204,4149021.719
Rubus chamaemorus,4174921.337,4284152.417
Rubus chamaemorus,4660641.032,4890626.23
Rubus chamaemorus,5149495.371,4441919.157
Rubus chamaemorus,5251437.9,4296965.468
Rubus chamaemorus,4637851.089,4374811.327
Rubus chamaemorus,4511669.608,3819117.013
Rubus chamaemorus,4553957.668,4627121.783
Rubus chamaemorus,5273724.356,4302455.008
Rubus chamaemorus,4995020,4243035.766
Rubus chamaemorus,4514663.846,4415310.516
Rubus chamaemorus,5125919.431,4214343.97
Rubus chamaemorus,4367047.855,4096664.454
Rubus chamaemorus,4492316.7,4612561.373
Rubus chamaemorus,4855036.489,5106006.165
Rubus chamaemorus,5011428.923,4683405.7
Rubus chamaemorus,5194535.326,4754027.973000001
Rubus chamaemorus,4220977.195,4406501.843
Rubus chamaemorus,4887635.383,5069976.339
Rubus chamaemorus,4772599.165,5127636.849
Rubus chamaemorus,4300381.924,4307761.572
Rubus chamaemorus,4452724.269,4300764.646
Rubus chamaemorus,5040539.189,4797817.051
Rubus chamaemorus,5235740.125,4708627.167
Rubus chamaemorus,5030701.903,4886892.282
Rubus chamaemorus,4647118.221,4889139.726
Rubus chamaemorus,4502385.001,3753356.542999999
Rubus chamaemorus,4329555.486,4087346.989
Rubus chamaemorus,5022775.123,4675979.53
Rubus chamaemorus,4427505.625,4280268.365
Rubus chamaemorus,4817543.151,4804956.781999999
Rubus chamaemorus,4516992.561,4264576.728
Rubus chamaemorus,4798653.472,4673486.863
Rubus chamaemorus,4973347.601,4928887.239999999
Rubus chamaemorus,4416251.823,4301388.547
Rubus chamaemorus,4325241.649,4067452.977
Rubus chamaemorus,4553474.915,4562295.445
Rubus chamaemorus,5011691.672,4485721.306
Rubus chamaemorus,4646223.427,4616226.719
Rubus chamaemorus,4312844.09,4397522.852
Rubus chamaemorus,5008151.813,4866781.368999999
Rubus chamaemorus,4982193.833,5288407.156
Rubus chamaemorus,4568857.082,4853031.958
Rubus chamaemorus,4849511.508,4950877.797
Rubus chamaemorus,4901718.503,4924579.785
Rubus chamaemorus,4665532.045,4557306.702
Rubus chamaemorus,4329403.717,4077369.969
Rubus chamaemorus,5072515.848,4239177.861
Rubus chamaemorus,4931309.022,5083887.075999999
Rubus chamaemorus,4792724.517,4691850.564
Rubus chamaemorus,4674069.409,4312913.964
Rubus chamaemorus,5285389.154,4301196.414
Rubus chamaemorus,5077554.465,4219811.896
Rubus chamaemorus,5099386.734,4341779.474
Rubus chamaemorus,5200522.347,4011093.442
Rubus chamaemorus,4508664.308,5035641.43
Rubus chamaemorus,5125214.368,4183194.871
Rubus chamaemorus,5082575.355,4228281.747
Rubus chamaemorus,4796843.872,5101141.519
Rubus chamaemorus,5085618.345,4240383.374
Rubus chamaemorus,4784302.463,4715958.523
Rubus chamaemorus,5150998.288,4217149.185
Rubus chamaemorus,4163709.271,4116002.888
Rubus chamaemorus,4254240.643,4154919.928
Rubus chamaemorus,4166061.965,4027132.649
Rubus chamaemorus,4801188.317,4985502.405
Rubus chamaemorus,4325651.381,4244550.395
Rubus chamaemorus,4712912.7,4216443.264
Rubus chamaemorus,5004878.462,5303701.078
Rubus chamaemorus,4513694.321,4504938.46
Rubus chamaemorus,5022276.223,4856988.617
Rubus chamaemorus,5336109.654,4403233.706
Rubus chamaemorus,4563039.985,3807282.919
Rubus chamaemorus,4862541.245,4623310.333
Rubus chamaemorus,5209931.997,4000944.705
Rubus chamaemorus,4458562.234,4416065.08
Rubus chamaemorus,4577618.005,4265759.782
Rubus chamaemorus,4104416.38,4286636.052
Rubus chamaemorus,4489549.022,4228552.169
Rubus chamaemorus,4262675.206,4409012.764
Rubus chamaemorus,4104651.968,3975543.233
Rubus chamaemorus,4554896.817,3823099.209
Rubus chamaemorus,4842819.464,4742302.369
Rubus chamaemorus,5273408.697,4283800.323
Rubus chamaemorus,5023383.809,4696725.369
Rubus chamaemorus,4530019.766,4891523.283
Rubus chamaemorus,4289885.399,4417390.55
Rubus chamaemorus,4151315.539,3968156.1
Rubus chamaemorus,4781183.948,5145272.419
Rubus chamaemorus,5055877.708,5190145.196999999
Rubus chamaemorus,5006387.18,4869419.38
Rubus chamaemorus,4772580.052,5146097.254999999
Rubus chamaemorus,4281892.279,4431590.06
Rubus chamaemorus,5033774.507,4868126.925
Rubus chamaemorus,4475092.013,4376949.626
Rubus chamaemorus,4220362.829,4466461.384
Rubus chamaemorus,5111886.957,4286116.631
Rubus chamaemorus,4823500.125,5084479.725
Rubus chamaemorus,5309048.547,3966385.382
Rubus chamaemorus,4980395.608,4498309.071
Rubus chamaemorus,4867790.13,5052203.094
Rubus chamaemorus,4746464.841,4104321.757
Rubus chamaemorus,5083499.475,4430166.944
Rubus chamaemorus,4501091.18,3999263.614
Rubus chamaemorus,4923832.268,5006022.22
Rubus chamaemorus,4802402.057,5032361.503
Rubus chamaemorus,5312114.073,4141734.011
Rubus chamaemorus,4289453.828,4341198.641
Rubus chamaemorus,4774841.956,4020590.232
Rubus chamaemorus,5264264.572,4661947.998
Rubus chamaemorus,4627315.462,3924569.459
Rubus chamaemorus,4838350.312,4711795.122
Rubus chamaemorus,4433185.979,4752695.235
Rubus chamaemorus,4382387.386,3996928.328
Rubus chamaemorus,5005929.181,5197015.287
Rubus chamaemorus,4323776.128,4287111.451
Rubus chamaemorus,5235129.072,4420843.21
Rubus chamaemorus,4906557.593,4497218.839
Rubus chamaemorus,4639783.065,4450733.018
Rubus chamaemorus,4642969.198,4325037.822
Rubus chamaemorus,4616135.359,4283782.231
Rubus chamaemorus,4797960.484000001,5141449.779
Rubus chamaemorus,4463242.67,4180568.668
Rubus chamaemorus,5126909.059,4212497.565
Rubus chamaemorus,4776699.698,5138969.537
Rubus chamaemorus,5019790.425,4679343.413
Rubus chamaemorus,4473345.398,5017095.837
Rubus chamaemorus,5003639.929,4860493.925
Rubus chamaemorus,4988732.181000001,4907099.309
Rubus chamaemorus,5021891.101,4213533.439
Rubus chamaemorus,4162671.2439999995,4082375.841
Rubus chamaemorus,4254008.512,3965306.14
Rubus chamaemorus,4323620.332,4286036.975
Rubus chamaemorus,4184554.896,4138505.016
Rubus chamaemorus,4432442.503,4466950.728
Rubus chamaemorus,5036163.582,4189118.463
Rubus chamaemorus,4679176.286,5054383.663
Rubus chamaemorus,5125927.053,4658656.69
Rubus chamaemorus,5318290.458,4136570.682
Rubus chamaemorus,4306970.743,4415495.239
Rubus chamaemorus,4735543.666,4521952.184
Rubus chamaemorus,4526314.105,3820815.326
Rubus chamaemorus,4642920.87,4720692.678
Rubus chamaemorus,4953724.578,4219717.923
Rubus chamaemorus,5245211.27,3991631.664
Rubus chamaemorus,4686111.002,4454016.8
Rubus chamaemorus,4335661.415,4014478.255000001
Rubus chamaemorus,4606569.175,4447107.516
Rubus chamaemorus,4532855.355,4316626.481
Rubus chamaemorus,4149214.9169999994,4206257.865
Rubus chamaemorus,5188891.716000001,4022659.141
Rubus chamaemorus,5317272.733,4129553.109
Rubus chamaemorus,4613827.819,4422523.019
Rubus chamaemorus,4575383.069,4564523.594
Rubus chamaemorus,4753924.715,5138126.509
Rubus chamaemorus,4986906.645,5249622.545
Rubus chamaemorus,4321889.053,4468132.892
Rubus chamaemorus,5098839.731,4812494.207
Rubus chamaemorus,4538007.432,4152120.411
Rubus chamaemorus,5261055.201000001,4032850.6630000006
Rubus chamaemorus,4762775.044,5154809.8780000005
Rubus chamaemorus,4343161.895,4548308.036
Rubus chamaemorus,4412131.178,3980249.183
Rubus chamaemorus,4255169.259,4213132.763
Rubus chamaemorus,4913465.959,4845044.672
Rubus chamaemorus,4291504.566,4312324.278
Rubus chamaemorus,4212105.86,4068757.438
Rubus chamaemorus,5110350.138,4339358.842
Rubus chamaemorus,4594462.679,4431553.558
Rubus chamaemorus,5069280.449,4970273.6
Rubus chamaemorus,5215821.558,4624853.025
Rubus chamaemorus,5018035.182,4971131.5940000005
Rubus chamaemorus,4598710.176,4672076.359
Rubus chamaemorus,5127241.025,4711513.507
Rubus chamaemorus,4381563.963,4562426.82
Rubus chamaemorus,5073350.594999999,4322902.428
Rubus chamaemorus,4328583.166,4089357.4659999995
Rubus chamaemorus,4487497.355,4629430.227
Rubus chamaemorus,4517811.965,4265377.858
Rubus chamaemorus,5277084.153,4712649.57
Rubus chamaemorus,4950341.058,4951799.456
Rubus chamaemorus,4418984.184,4349110.159
Rubus chamaemorus,4379889.629,4163535.285
Rubus chamaemorus,4761732.668,5121710.813
Rubus chamaemorus,4746898.362,4774548.472000001
Rubus chamaemorus,4399903.749,4065971.456
Rubus chamaemorus,4544983.189,5117490.137
Rubus chamaemorus,4181405.62,4147694.875
Rubus chamaemorus,4694861.573,4525138.939
Rubus chamaemorus,4419449.063,4315929.702
Rubus chamaemorus,5234034.074,3983397.881
Rubus chamaemorus,4767757.05,5152013.630000001
Rubus chamaemorus,4922603.798,4925450.341
Rubus chamaemorus,4173763.282,4342708.498
Rubus chamaemorus,4794496.739,5142597.288
Rubus chamaemorus,5239949.643,4043527.17
Rubus chamaemorus,5027708.689,4901561.464
Rubus chamaemorus,4534797.995,4166892.991
Rubus chamaemorus,4999710.113,4209629.765
Rubus chamaemorus,4830682.058,5282131.838
Rubus chamaemorus,4536038.457,4591145.62
Rubus chamaemorus,4777742.406000001,4581508.805
Rubus chamaemorus,4566378.813,4242523.305
Rubus chamaemorus,4790243.52,5109679.804
Rubus chamaemorus,5173250.372,4386981.462
Rubus chamaemorus,4671408.915,4343017.726
Rubus chamaemorus,4568102.254,4122608.845
Rubus chamaemorus,4954200.364,5397594.148
Rubus chamaemorus,4167341.811,4037842.046
Rubus chamaemorus,5048795.47,4745030.692
Rubus chamaemorus,5178567.4,4629747.491
Rubus chamaemorus,5147123.063,5079552.742
Rubus chamaemorus,4841192.028,5110628.706
Rubus chamaemorus,5014510.563,4602835.373
Rubus chamaemorus,5016011.555,5116441.184
Rubus chamaemorus,4582569.749,5032012.033
Rubus chamaemorus,5143648.368,4777391.802
Rubus chamaemorus,4585849.076,4637195.538
Rubus chamaemorus,4588739.966,4035903.178
Rubus chamaemorus,4469558.05,4231622.427
Rubus chamaemorus,4842920.536,4570581.704
Rubus chamaemorus,4326456.405,4081406.345
Rubus chamaemorus,4662100.933,4223353.634
Rubus chamaemorus,4682867.821,4647754.538
Rubus chamaemorus,4685715.524,4007934.984
Rubus chamaemorus,5173748.968,4294268.547
Rubus chamaemorus,4564804.625,4399224.726
Rubus chamaemorus,5027684.388,4507268.545
Rubus chamaemorus,4673393.805,4886813.199
Rubus chamaemorus,5090754.820000001,4236507.47
Rubus chamaemorus,5161012.6,4394254.748
Rubus chamaemorus,5019869.013,4384805.792
Rubus chamaemorus,4802089.755,5097378.956000001
Rubus chamaemorus,4970535.503,4565954.049
Rubus chamaemorus,5304437.485,4103281.3519999995
Rubus chamaemorus,5316553.428,4119836.967
Rubus chamaemorus,4954728.952,4593861.072
Rubus chamaemorus,4777980.876,4836312.431
Rubus chamaemorus,4269332.182,4380880.874
Rubus chamaemorus,5138449.866,4008762.8270000005
Rubus chamaemorus,4802286.7469999995,5144630.696
Rubus chamaemorus,4452838.083,4460879.518
Rubus chamaemorus,4439527.317,4736110.641
Rubus chamaemorus,5054109.213,4563376.088
Rubus chamaemorus,4538954.242,3785320.82
Rubus chamaemorus,4574693.871,5007800.199
Rubus chamaemorus,4680825.439,4950446.585
Rubus chamaemorus,4576405.93,4395105.996
Rubus chamaemorus,5048702.913,4866755.065
Rubus chamaemorus,5034450.816,4334434.259
Rubus chamaemorus,5207080.61,4463378.819
Rubus chamaemorus,4578325.684,4405141.987
Rubus chamaemorus,4410946.054,4317868.972
Rubus chamaemorus,4868953.816999999,4847313.546
Rubus chamaemorus,5184646.365,3968149.862
Rubus chamaemorus,4552430.165,4543802.4
Rubus chamaemorus,5022793.928,4475126.019
Rubus chamaemorus,4691933.511,4214833.615
Rubus chamaemorus,5136203.541,4204489.774
Rubus chamaemorus,4461092.983,4695433.601
Rubus chamaemorus,4107477.4270000006,4154414.529
Rubus chamaemorus,4424997.938,4311349.86
Rubus chamaemorus,5043728.401999999,4975524.563
Rubus chamaemorus,4603981.304,5149098.64
Rubus chamaemorus,4185170.154,4143929.755
Rubus chamaemorus,4452588.623,4997417.383
Rubus chamaemorus,4428341.511,4350012.246
Rubus chamaemorus,5269530.793,4719801.207
Rubus chamaemorus,5075235.032,5139598.788
Rubus chamaemorus,4492194.234,4230921.811
Rubus chamaemorus,4164561.985,3983467.2220000005
Rubus chamaemorus,5013176.8889999995,4197543.95
Rubus chamaemorus,4529128.823,4455358.931
Rubus chamaemorus,4265141.107,4102445.948
Rubus chamaemorus,4208955.105,4194051.227
Rubus chamaemorus,4503937.036,4505004.327
Rubus chamaemorus,5159200.185,4407274.217
Rubus chamaemorus,4282863.212,4015046.65
Rubus chamaemorus,4974935.658,5102924.527
Rubus chamaemorus,5017399.206,4676679.514
Rubus chamaemorus,5217971.477,4836014.279
Rubus chamaemorus,4809987.355,4022028.903
Rubus chamaemorus,5172559.729,4211437.522
Rubus chamaemorus,5339153.547,4478453.818
Rubus chamaemorus,4632999.909,5148250.369
Rubus chamaemorus,5122629.694,4826728.883
Rubus chamaemorus,4945512.026,4547242.722
Rubus chamaemorus,4967468.019,4983920.099
Rubus chamaemorus,4619981.274,4234534.274
Rubus chamaemorus,5008326.686,4482811.842
Rubus chamaemorus,4905797.79,4984572.917
Rubus chamaemorus,4524937.778,4595642.928
Rubus chamaemorus,5120423.952,4243696.564
Rubus chamaemorus,4783626.872,5136678.62
Rubus chamaemorus,4997779.414,5069714.372
Rubus chamaemorus,4982059.147,5116807.53
Rubus chamaemorus,4326244.273,4067437.826
Rubus chamaemorus,4791449.68,4683102.244
Rubus chamaemorus,4143224.086,4142441.63
Rubus chamaemorus,4422582.615,4767828.453
Rubus chamaemorus,4220483.703,4410582.394
Rubus chamaemorus,4598334.167,3847495.131
Rubus chamaemorus,4921853.931,4925654.725999999
Rubus chamaemorus,5140942.561,4218044.628
Rubus chamaemorus,5035405.545,4189180.024
Rubus chamaemorus,5216959.423,4408602.947
Rubus chamaemorus,4638596.198,5038508.122
Rubus chamaemorus,4690366.376,4349646.278
Rubus chamaemorus,4557284.14,3867658.884
Rubus chamaemorus,4501457.163,4323737.641
Rubus chamaemorus,4367100.884,4225293.483
Rubus chamaemorus,5189052.237,4885282.347
Rubus chamaemorus,4819400.445,4729995.308
Rubus chamaemorus,4499066.555,4795827.709
Rubus chamaemorus,4487993.371,4266986.798
Rubus chamaemorus,4371236.371,4123616.367
Rubus chamaemorus,4996431.059,4480838.873
Rubus chamaemorus,4253759.127,3948331.278
Rubus chamaemorus,4163551.928,4083099.052
Rubus chamaemorus,4408151.988,4331033.885
Rubus chamaemorus,4160162.946,4086390.235
Rubus chamaemorus,5026514.834,4685161.683
Rubus chamaemorus,5105157.209,4347344.067
Rubus chamaemorus,4573802.72,4950787.003
Rubus chamaemorus,4305661.467,4524460.76
Rubus chamaemorus,4749645.468,5142130.943
Rubus chamaemorus,4264375.046,4371818.726
Rubus chamaemorus,4693460.607,4215296.722
Rubus chamaemorus,4702129.155,4725837.31
Rubus chamaemorus,5032666.46,4989173.567
Rubus chamaemorus,4412700.424,4186315.799
Rubus chamaemorus,5048865.612,4454893.176
Rubus chamaemorus,5284629.411999999,4556992.295
Rubus chamaemorus,5081309.301,4390875.129
Rubus chamaemorus,4276107.7,4074084.53
Rubus chamaemorus,5289504.136,4712616.108
Rubus chamaemorus,5023537.264,5055210.155
Rubus chamaemorus,4518604.868,5014980.109
Rubus chamaemorus,4785601.467,5162840.409
Rubus chamaemorus,5003347.561999999,5189315.46
Rubus chamaemorus,5266627.546,4076842.41
Rubus chamaemorus,4286268.415,4452135.925
Rubus chamaemorus,4358580.793,4184014.088
Rubus chamaemorus,4412673.23,4303642.133
Rubus chamaemorus,4452325.376,4198318.729
Rubus chamaemorus,4974918.894,5032055.831000001
Rubus chamaemorus,4502745.913,4203014.887
Rubus chamaemorus,5140582.779,4282941.567
Rubus chamaemorus,5045462.549,4506592.936
Rubus chamaemorus,4182163.9780000006,4421561.298
Rubus chamaemorus,5165155.559,4303484.805
Rubus chamaemorus,4779938.746,5145972.368
Rubus chamaemorus,4761965.107,5127750.643
Rubus chamaemorus,4884440.017,5086914.615
Rubus chamaemorus,4894562.699999999,4459111.227
Rubus chamaemorus,4375987.434,4329581.454
Rubus chamaemorus,4555223.684,4319323.427
Rubus chamaemorus,5298703.981,4545868.826
Rubus chamaemorus,5036126.345,5228193.89
Rubus chamaemorus,5060931.227,4148647.297
Rubus chamaemorus,4144505.43,4417489.127
Rubus chamaemorus,4558435.815,4128992.839
Rubus chamaemorus,4408014.097,4294903.418
Rubus chamaemorus,4586787.896,3966099.006
Rubus chamaemorus,4965355.863,5073784.309
Rubus chamaemorus,4135527.452,3914424.329999999
Rubus chamaemorus,4989615.219,4934055.662
Rubus chamaemorus,5075635.793,4243049.62
Rubus chamaemorus,4672661.594,4888571.268
Rubus chamaemorus,5085952.36,4326051.685
Rubus chamaemorus,4152175.809,3958159.427
Rubus chamaemorus,5128733.598,4305766.266
Rubus chamaemorus,4339049.166,4344123.926
Rubus chamaemorus,5007705.351,5329879.97
Rubus chamaemorus,4687408.222,5048559.983
Rubus chamaemorus,4346482.995,4442550.772
Rubus chamaemorus,4865384.094,5065567.338
Rubus chamaemorus,4772250.336,4625302.342
Rubus chamaemorus,4760991.568,4894067.377
Rubus chamaemorus,4804965.497,4852191.471000001
Rubus chamaemorus,5151874.135,4328711.485
Rubus chamaemorus,5060009.618999999,4254816.463
Rubus chamaemorus,4998222.411,4644025.055
Rubus chamaemorus,4798674.652,5124194.266
Rubus chamaemorus,4162439.51,3995037.052
Rubus chamaemorus,5354162.098000001,4598986.53
Rubus chamaemorus,4431583.865,4294809.465
Rubus chamaemorus,4658795.688,4690499.452
Rubus chamaemorus,4856938.05,5271019.204
Rubus chamaemorus,4329434.056,4079365.45
Rubus chamaemorus,4413626.803,4325492.861
Rubus chamaemorus,4933336.81,5020405.297
Rubus chamaemorus,4372706.071,4220650.988
Rubus chamaemorus,4550900.809,4820606.164
Rubus chamaemorus,4628223.044,4258925.59
Rubus chamaemorus,4661059.92,4885161.728
Rubus chamaemorus,4654047.382,4205918.711
Rubus chamaemorus,5111111.283,4438532.974
Rubus chamaemorus,4142435.1959999995,4278819.47
Rubus chamaemorus,4721167.269,4561128.736
Rubus chamaemorus,5020238.614999999,4799887.203
Rubus chamaemorus,5153253.328,4226256.404
Rubus chamaemorus,4673368.116,4887839.828
Rubus chamaemorus,5097129.438,4255626.883
Rubus chamaemorus,5111831.182,4187091.35
Rubus chamaemorus,4471336.76,4319554.659
Rubus chamaemorus,4516375.502,4587816.278
Rubus chamaemorus,4414894.423,4288856.772
Rubus chamaemorus,4602955.72,5026185.013
Rubus chamaemorus,4128589.187,4391722.985
Rubus chamaemorus,5104722.442999999,4297737.978
Rubus chamaemorus,4783801.011,5121334.774
Rubus chamaemorus,4420880.527,4075670.963
Rubus chamaemorus,5083808.257000001,4385314.716
Rubus chamaemorus,4601636.481,3801947.054
Rubus chamaemorus,4168696.9929999993,4175119.887
Rubus chamaemorus,4151159.907,3957174.104
Rubus chamaemorus,4537661.13,4601743.194
Rubus chamaemorus,5217297.209,4597281.815
Rubus chamaemorus,4257643.893,4165065.479
Rubus chamaemorus,4235235.744,4152963.238
Rubus chamaemorus,4628098.438,4379721.025
Rubus chamaemorus,4405361.972,4339639.226
Rubus chamaemorus,4368650.021,4500002.376
Rubus chamaemorus,4857480.885,4606789.608
Rubus chamaemorus,5016500.224,4672333.657
Rubus chamaemorus,4971206.839,4499695.956
Rubus chamaemorus,4183107.385,4018674.543
Rubus chamaemorus,4804494.835,4703345.478
Rubus chamaemorus,5136374.683,4110802.797
Rubus chamaemorus,4238118.667,4208163.727
Rubus chamaemorus,4887733.275999999,5082630.351
Rubus chamaemorus,5030858.227,4715086.835
Rubus chamaemorus,5018441.971,4672824.73
Rubus chamaemorus,4216751.878,4229259.993
Rubus chamaemorus,5210388.569,4126832.981
Rubus chamaemorus,5079724.69,4247163.091
Rubus chamaemorus,4827167.907,5019027.48
Rubus chamaemorus,5119258.002000001,4586930.343
Rubus chamaemorus,4421417.213,4281981.823
Rubus chamaemorus,4205821.4,4431758.22
Rubus chamaemorus,4741408.161,4578739.083
Rubus chamaemorus,4326138.35,4060453.161
Rubus chamaemorus,4096079.384,4325591.351
Rubus chamaemorus,4990401.096,5139555.314
Rubus chamaemorus,4529044.951,4126301.941
Rubus chamaemorus,5081450.414,4244500.06
Rubus chamaemorus,4207658.255,4050148.6449999996
Rubus chamaemorus,4757403.714,4847985.837
Rubus chamaemorus,5039926.412,4627790.331
Rubus chamaemorus,4781631.733000001,5128975.286
Rubus chamaemorus,4785772.364,4716853.968
Rubus chamaemorus,4461100.94,4620063.783
Rubus chamaemorus,4305653.31,4303923.204
Rubus chamaemorus,5106245.646,5372002.682
Rubus chamaemorus,4144128.4940000004,4088833.057
Rubus chamaemorus,5104487.803,4342021.254
Rubus chamaemorus,4133530.075,4217488.135
Rubus chamaemorus,4371189.92,4120624.209
Rubus chamaemorus,5274916.943,4277978.889
Rubus chamaemorus,4687688.154,4590584.07
Rubus chamaemorus,4324133.218,4060483.438
Rubus chamaemorus,5132651.238,4222175.649
Rubus chamaemorus,5117027.389,4282239.976
Rubus chamaemorus,4799508.222,4822579.909
Rubus chamaemorus,5061584.536,4213766.426
Rubus chamaemorus,5299573.583,4044555.055
Rubus chamaemorus,4549806.251,5038118.452
Rubus chamaemorus,4674788.941,4198165.968
Rubus chamaemorus,4308597.986,4453580.981
Rubus chamaemorus,4650744.577,4446175.747
Rubus chamaemorus,4112650.731,4325658.627
Rubus chamaemorus,4145440.418,4088936.962
Rubus chamaemorus,4879239.349,4843353.41
Rubus chamaemorus,4513584.71,4180139.093000001
Rubus chamaemorus,5156927.758,4390145.238
Rubus chamaemorus,4941488.687,4569901.457
Rubus chamaemorus,5091121.224,4223192.577
Rubus chamaemorus,4099755.272,3993633.86
Rubus chamaemorus,4832169.545999999,4557919.43
Rubus chamaemorus,5123813.408,4243309.29
Rubus chamaemorus,5284969.886,4690899.1
Rubus chamaemorus,5084019.19,5328060.905
Rubus chamaemorus,4385244.356,4121396.1770000006
Rubus chamaemorus,4496551.26,4227025.915
Rubus chamaemorus,4335182.752,4273590.725
Rubus chamaemorus,4157563.995,3996331.962
Rubus chamaemorus,5030555.062000001,4233846.559
Rubus chamaemorus,5037353.453,4919425.649
Rubus chamaemorus,5303081.465,4714416.235
Rubus chamaemorus,4632534.338,4615297.594
Rubus chamaemorus,4624472.724,5171622.807
Rubus chamaemorus,5095676.993,4229483.559
Rubus chamaemorus,4506783.066,3782305.89
Rubus chamaemorus,4966558.545,5405039.821
Rubus chamaemorus,4791032.931,5143744.179
Rubus chamaemorus,4100194.158,4352293.794
Rubus chamaemorus,4789787.814,5144444.698
Rubus chamaemorus,4465939.339,4175227.053
Rubus chamaemorus,5085405.33,4237236.71
Rubus chamaemorus,4402066.097,4536759.778
Rubus chamaemorus,4159715.38,4385146.725
Rubus chamaemorus,4311631.189,3794030.343
Rubus chamaemorus,4525002.295,5055625.664
Rubus chamaemorus,4801116.448999999,5097125.029
Rubus chamaemorus,4547378.194,4588021.345
Rubus chamaemorus,4291306.747,4311523.244
Rubus chamaemorus,4648387.921,4585974.962
Rubus chamaemorus,4263479.929,4240485.969
Rubus chamaemorus,4578374.426,4139250.775
Rubus chamaemorus,4486210.241,3807378.911
Rubus chamaemorus,4529250.44,4915552.14
Rubus chamaemorus,4491212.085,5022558.986
Rubus chamaemorus,5089183.064,4222709.832
Rubus chamaemorus,4991347.117,4227310.992
Rubus chamaemorus,4170562.448,3947442.206
Rubus chamaemorus,4841986.977,4991068.998
Rubus chamaemorus,4403195.792,4335103.61
Rubus chamaemorus,5282388.952,4716015.568
Rubus chamaemorus,4950397.27,4590700.394
Rubus chamaemorus,4148021.554,4018616.247
Rubus chamaemorus,4640048.271,4749744.845
Rubus chamaemorus,4615614.909,4522696.51
Rubus chamaemorus,5173532.464,4324182.869
Rubus chamaemorus,5227385.409000001,4394853.711
Rubus chamaemorus,4950438.9,4232282.759
Rubus chamaemorus,5253755.125000001,4148396.26
Rubus chamaemorus,5014037.1,4673769.8
Rubus chamaemorus,4400650.416,4628125.999
Rubus chamaemorus,4332974.97,4298928.881
Rubus chamaemorus,5124208.704,4214502.558
Rubus chamaemorus,5230979.556,4614746.705
Rubus chamaemorus,4400747.586,4181591.254
Rubus chamaemorus,5312523.141,4139445.65
Rubus chamaemorus,4845830.584999999,5236291.152
Rubus chamaemorus,4856872.407,4842814.201
Rubus chamaemorus,4657309.191,5193849.627
Rubus chamaemorus,4494149.11,4267425.566
Rubus chamaemorus,4330543.054,4086334.055
Rubus chamaemorus,5063337.369,4285173.795
Rubus chamaemorus,4811233.458999999,4658685.637
Rubus chamaemorus,5103617.293,3933795.779
Rubus chamaemorus,4333906.907,4473952.438
Rubus chamaemorus,5079003.612,4317098.147
Rubus chamaemorus,4162932.425,4137380.023
Rubus chamaemorus,5105973.655,4070541.595
Rubus chamaemorus,5088979.509,4576256.468
Rubus chamaemorus,5398976.764,4594217.722
Rubus chamaemorus,5102194.398,4283701.684
Rubus chamaemorus,4187896.297,4347293.521
Rubus chamaemorus,4991901.791,4394697.808
Rubus chamaemorus,5150851.87,4487622.768
Rubus chamaemorus,5011313.078,4676169.341
Rubus chamaemorus,4644341.346,4720059.351
Rubus chamaemorus,4771980.075,4540568.788
Rubus chamaemorus,4997383.404,5229846.924
Rubus chamaemorus,4805314.647,4852590.96
Rubus chamaemorus,4817079.875,4623886.045
Rubus chamaemorus,5086921.727,4326293.777
Rubus chamaemorus,4592315.952,4100684.1519999993
Rubus chamaemorus,4679317.269,3907298.075
Rubus chamaemorus,4542446.917,4102471.405
Rubus chamaemorus,5380164.032,4563506.662
Rubus chamaemorus,4558504.549,4262775.482
Rubus chamaemorus,4675032.48,4544153.465
Rubus chamaemorus,5287157.979,3972661.176
Rubus chamaemorus,4986693.787,4944620.824
Rubus chamaemorus,4100627.77,3993611.848
Rubus chamaemorus,4939448.919,4389681.79
Rubus chamaemorus,4773413.076,5124772.128
Rubus chamaemorus,4368658.248,4434701.679
Rubus chamaemorus,5203474.21,4855060.651
Rubus chamaemorus,4511769.057,4104948.823
Rubus chamaemorus,5022676.662,4976367.392
Rubus chamaemorus,5152009.928,4206713.31
Rubus chamaemorus,4658006.935,4888647.908
Rubus chamaemorus,4621823.422,4043278.606
Rubus chamaemorus,4895284.55,5075621.42
Rubus chamaemorus,4665179.628,5054166.421
Rubus chamaemorus,4532185.201,3855606.824
Rubus chamaemorus,4552308.712,3913004.2809999995
Rubus chamaemorus,4846803.114,5083343.659
Rubus chamaemorus,5276026.813,4289604.944
Rubus chamaemorus,5016920.846,4689943.114
Rubus chamaemorus,4412670.874,4309719.969
Rubus chamaemorus,4329601.092,4090339.9150000005
Rubus chamaemorus,4664465.471,4308200.47
Rubus chamaemorus,5056126.487,4749533.401
Rubus chamaemorus,4765590.518,4650346.864
Rubus chamaemorus,4528589.162,4127233.909
Rubus chamaemorus,5193334.728,3967309.938
Rubus chamaemorus,4299574.744,4193202.508
Rubus chamaemorus,5157163.001,4963886.249
Rubus chamaemorus,5154007.131,4223348.478
Rubus chamaemorus,4482806.85,5022595.949000001
Rubus chamaemorus,4882004.785,4764699.164
Rubus chamaemorus,4780256.509,5152210.360000001
Rubus chamaemorus,4947592.812,5017889.852
Rubus chamaemorus,4769045.956,4887031.604
Rubus chamaemorus,4462968.783,4048405.256
Rubus chamaemorus,4587409.46,4859283.654
Rubus chamaemorus,4854288.805,4588308.49
Rubus chamaemorus,4258374.693,4237545.202
Rubus chamaemorus,5020136.313,4701051.855
Rubus chamaemorus,4776627.407,4581584.225
Rubus chamaemorus,4468384.569,4401948.43
Rubus chamaemorus,5117631.565,4212137.23
Rubus chamaemorus,4840651.2,4966069.442
Rubus chamaemorus,5141113.905,5052376.324
Rubus chamaemorus,5023229.65,4900404.182
Rubus chamaemorus,5033149.504999999,4862825.734
Rubus chamaemorus,4932259.66,4997954.864
Rubus chamaemorus,4300801.779,4469194.478
Rubus chamaemorus,4205576.905,4422028.173
Rubus chamaemorus,5257265.363,4534629.255
Rubus chamaemorus,4583251.992,4315377.825
Rubus chamaemorus,4444421.869,4064067.807
Rubus chamaemorus,5113258.446,4340084
Rubus chamaemorus,4437801.256,4283978.617
Rubus chamaemorus,4463195.596,4284196.477
Rubus chamaemorus,4352502.477,4234753.426
Rubus chamaemorus,5088189.938,4321455.062
Rubus chamaemorus,4677160.926,4634037.499
Rubus chamaemorus,5080435.102,4319517.945
Rubus chamaemorus,5115425.172,4195660.255
Rubus chamaemorus,5017731.743,4671615.48
Rubus chamaemorus,4179843.139,4434561.552
Rubus chamaemorus,4672505.245,4894298.95
Rubus chamaemorus,4766239.744,5153667.176
Rubus chamaemorus,4568778.648,3844359.53
Rubus chamaemorus,4611461.356,4925229.919
Rubus chamaemorus,4687188.54,4739052.599
Rubus chamaemorus,5103325.582,4944016.637
Rubus chamaemorus,4580850.984,4105122.730999999
Rubus chamaemorus,5192618.372,4077137.548999999
Rubus chamaemorus,4932527.318,4241845.129
Rubus chamaemorus,5073107.364,4173333.111
Rubus chamaemorus,4332654.885,4093287.141
Rubus chamaemorus,4442844.45,4972751.063
Rubus chamaemorus,5063842.459,4891145.136
Rubus chamaemorus,4755391.983,5176114.684
Rubus chamaemorus,4331760.027,4034417.213
Rubus chamaemorus,4672536.488,4841935.485999999
Rubus chamaemorus,4933384.515,4922597.55
Rubus chamaemorus,4519888.975,4554195.981
Rubus chamaemorus,4436473.519,4513189.141
Rubus chamaemorus,4793653.305,5101334.79
Rubus chamaemorus,4630390.425,5052554.990000001
Rubus chamaemorus,5258077.323,4362578.846
Rubus chamaemorus,5111234.87,4209842.404
Rubus chamaemorus,4676685.187,4708397.56
Rubus chamaemorus,5068095.391,4244261.031
Rubus chamaemorus,4739240.824999999,4466958.403
Rubus chamaemorus,5071839.323,4582257.347
Rubus chamaemorus,5074918.859,4241839.594
Rubus chamaemorus,4880922.136000001,5028127.529
Rubus chamaemorus,4137684.321,3975425.241
Rubus chamaemorus,4239017.329,4089045.388
Rubus chamaemorus,5036618.965,4917697.179
Rubus chamaemorus,4520232.933,4800914.796
Rubus chamaemorus,5261921.178,4292324.682
Rubus chamaemorus,4557197.755,5054889.16
Rubus chamaemorus,5081528.998,4236270.227
Rubus chamaemorus,4809051.987999999,4942023.609
Rubus chamaemorus,4636730.858,4293889.968
Rubus chamaemorus,4881923.148,4943095.419
Rubus chamaemorus,5149105.071,4730362.434
Rubus chamaemorus,4464925.613,4381848.292
Rubus chamaemorus,5014978.91,4689451.815
Rubus chamaemorus,4223013.917,4445399.843
Rubus chamaemorus,4686875.745,4294774.72
Rubus chamaemorus,4828639.751,5282941.011
Rubus chamaemorus,4750936.759000001,4470672.296
Rubus chamaemorus,4233475.379,4028177.812999999
Rubus chamaemorus,4612570.592,4702399.575
Rubus chamaemorus,4770564.469,5156852.347
Rubus chamaemorus,4220564.006,4169969.712
Rubus chamaemorus,4854263.902000001,5093242.351
Rubus chamaemorus,4154536.301,4383414.812
Rubus chamaemorus,5125616.288,4221459.879
Rubus chamaemorus,4469608.959,4345923.59
Rubus chamaemorus,4615611.457,5135200.468
Rubus chamaemorus,4172865.051,4115245.6649999996
Rubus chamaemorus,4744856.295999999,4848510.345
Rubus chamaemorus,5112424.399,4327501.352
Rubus chamaemorus,5103609.721,4333552.904
Rubus chamaemorus,5347803.357,4602243.357
Rubus chamaemorus,5110694.328999999,4330163.805
Rubus chamaemorus,4918065.448000001,4535623.962
Rubus chamaemorus,4327186.296,4063431.569
Rubus chamaemorus,4393298.975,4344569.126
Rubus chamaemorus,4257875.516,4475098.784
Rubus chamaemorus,5177236.761,4008733.012
Rubus chamaemorus,4189416.806,4438769.161
Rubus chamaemorus,4630656.691,5164273.73
Rubus chamaemorus,5127829.518,4480851.577
Rubus chamaemorus,4953856.898,5255557.831
Rubus chamaemorus,4171579.926,4053759.695
Rubus chamaemorus,4968536.996,4477820.958
Rubus chamaemorus,4437451.746,4506964.129
Rubus chamaemorus,5314411.159,4140354.701
Rubus chamaemorus,5058886.102,4251654.096
Rubus chamaemorus,4701507.761,5044189.851
Rubus chamaemorus,5125872.481,4964301.189
Rubus chamaemorus,5016074.902,4654721.62
Rubus chamaemorus,4329388.534,4076372.278
Rubus chamaemorus,5093573.284,4578438.57
Rubus chamaemorus,4350129.065,4185792.694
Rubus chamaemorus,4613919.459,3723315.25
Rubus chamaemorus,4718948.75,4652735.909
Rubus chamaemorus,4675960.064,4811682.705
Rubus chamaemorus,4858077.165999999,4850950.390000001
Rubus chamaemorus,4757756.36,5028890.625
Rubus chamaemorus,5106648.859,4599230.696
Rubus chamaemorus,5061567.227,5266444.971999999
Rubus chamaemorus,5129549.7,4598776.826
Rubus chamaemorus,4174728.485,4002733.848
Rubus chamaemorus,5034468.95,5154948.754
Rubus chamaemorus,4426487.419,4304150.4
Rubus chamaemorus,4461082.671,4407591.222
Rubus chamaemorus,5111920.3,4574558.989
Rubus chamaemorus,4722874.362,4786855.506
Rubus chamaemorus,5129300.692,4052437.985
Rubus chamaemorus,5010463.822,4265556.577
Rubus chamaemorus,4883277.345,4964230.098
Rubus chamaemorus,4073289.357,4278105.34
Rubus chamaemorus,4167164.131,4025366.199
Rubus chamaemorus,5054554.868,3981474.745
Rubus chamaemorus,4933782.868,4971054.055
Rubus chamaemorus,5080946.051,4246436.564
Rubus chamaemorus,4545565.68,3777166.103
Rubus chamaemorus,1750392.536,5802934.458
Rubus chamaemorus,4550651.367,4963098.273
Rubus chamaemorus,5154892.632,4397889.583
Rubus chamaemorus,4607295.633,3806500.74
Rubus chamaemorus,4852042.183,4726394.210999999
Rubus chamaemorus,5083309.194,4254880.351
Rubus chamaemorus,4142728.863,4087210.97
Rubus chamaemorus,5217218.774,4547484.078
Rubus chamaemorus,4865518.648,4743979.008
Rubus chamaemorus,5115659.227,4342744.937
Rubus chamaemorus,4334614.679,4090263.670000001
Rubus chamaemorus,4437642.747,4288013.926
Rubus chamaemorus,5126671.416,4220290.988
Rubus chamaemorus,4404670.148,4015262.42
Rubus chamaemorus,4681851.658,5044432.871
Rubus chamaemorus,4339810.054,4116244.683
Rubus chamaemorus,4507875.125,4596099.829
Rubus chamaemorus,4220513.365,4412573.767
Rubus chamaemorus,4576938.968,3805454.091
Rubus chamaemorus,4590594.355,4591671.109
Rubus chamaemorus,5235512.203,3985551.5759999994
Rubus chamaemorus,5018630.825,4675961.312
Rubus chamaemorus,4784151.458,5153229.456
Rubus chamaemorus,4766669.693000001,5155831.294
Rubus chamaemorus,5275523.775,4291545.246
Rubus chamaemorus,5144531.595,4224093.055
Rubus chamaemorus,5108445.794,4698569.869
Rubus chamaemorus,4093698.792,4373335.156
Rubus chamaemorus,5082377.151,4639502.878
Rubus chamaemorus,4527035.442,4605322.064
Rubus chamaemorus,4357195.801,4520902.86
Rubus chamaemorus,4326501.862,4084399.417
Rubus chamaemorus,5289245.585,4713582.49
Rubus chamaemorus,4476081.402,4386329.202
Rubus chamaemorus,5066370.382,4970254.86
Rubus chamaemorus,4580407.622,4859891.178
Rubus chamaemorus,5188963.734,4303197.142
Rubus chamaemorus,4288978.139,4128974.732
Rubus chamaemorus,4680716.11,5033090.329
Rubus chamaemorus,4199020.4,3957611.0260000005
Rubus chamaemorus,4077614.826,4169709.313
Rubus chamaemorus,5016544.484,4683670.49
Rubus chamaemorus,4627196.867,4673779.367
Rubus chamaemorus,4979348.055,4983440.921
Rubus chamaemorus,5098570.16,4281767.111
Rubus chamaemorus,5111088.724,4073447.616
Rubus chamaemorus,5212313.889,4825543.303
Rubus chamaemorus,5012406.522,4813337.582
Rubus chamaemorus,5159726.115,4092890.209
Rubus chamaemorus,5227089.218,4756015.737
Rubus chamaemorus,4638490.452,4524822.536
Rubus chamaemorus,5089696.821,4623828.331
Rubus chamaemorus,4452705.516,4288787.409
Rubus chamaemorus,4337055.991,4345151.422
Rubus chamaemorus,5161266.924,4393286.641
Rubus chamaemorus,4144098.0759999994,4024653.722
Rubus chamaemorus,4907827.785,4900320.674
Rubus chamaemorus,4589807.874,4136960.629
Rubus chamaemorus,4538145.996,4517133.574
Rubus chamaemorus,4103879.918,4218795.733
Rubus chamaemorus,4685568.555,4692709.957
Rubus chamaemorus,4539228.073,3741234.091
Rubus chamaemorus,4130449.528,4152065.058
Rubus chamaemorus,5035488.9,4250543.782
Rubus chamaemorus,4633717.89,3789045.931
Rubus chamaemorus,4185746.829,4135756.071
Rubus chamaemorus,4435631.729,4315491.694
Rubus chamaemorus,4185755.718,4072106.69
Rubus chamaemorus,4424289.383,4427469.198
Rubus chamaemorus,4232187.405,4148853.31
Rubus chamaemorus,5146415.589,5078349.523
Rubus chamaemorus,5077026.735,4361060.042
Rubus chamaemorus,4291905.091,4429020.858
Rubus chamaemorus,4543579.364,3849121.836
Rubus chamaemorus,4786891.705,5106751.656
Rubus chamaemorus,5119552.654999999,4272554.854
Rubus chamaemorus,4977691.957,5250795.049
Rubus chamaemorus,4185464.543,4149781.538
Rubus chamaemorus,4772551.224,5120442.652
Rubus chamaemorus,4781360.462,5129930.252
Rubus chamaemorus,4904114.553,5048531.523
Rubus chamaemorus,4746759.559,4923098.028
Rubus chamaemorus,5112925.327,4602862.639
Rubus chamaemorus,4988644.796,5276720.797
Rubus chamaemorus,4242257.585,4084615.785
Rubus chamaemorus,5270323.868,4275816.532
Rubus chamaemorus,5148289.705000001,4497293.853
Rubus chamaemorus,4900488.494000001,4493051.338
Rubus chamaemorus,4817446.23,5091116.282
Rubus chamaemorus,4766623.166,4660558.387
Rubus chamaemorus,5101325.59,4342263.401
Rubus chamaemorus,4780415.187,5155329.224
Rubus chamaemorus,4955822.939,4503005.773
Rubus chamaemorus,4341483.652,4467804.752
Rubus chamaemorus,5118167.719,4610356.332
Rubus chamaemorus,5252307.702,4541653.673
Rubus chamaemorus,5335103.105,3984249.634
Rubus chamaemorus,4411153.029,4327579.156
Rubus chamaemorus,4625529.042,4748635.014
Rubus chamaemorus,5199091.025,3996203.59
Rubus chamaemorus,5164080.807,4480605.956
Rubus chamaemorus,4136348.972,4099799.575
Rubus chamaemorus,5223707.121000001,4684017.741
Rubus chamaemorus,4592480.491,4086087.352
Rubus chamaemorus,5045786.613,4866018.919
Rubus chamaemorus,5075593.371,4606895.427
Rubus chamaemorus,5096798.731,5374893.239
Rubus chamaemorus,4639409.138,3904764.3509999993
Rubus chamaemorus,4239487.451,4023882.2
Rubus chamaemorus,5154475.493,4489556.172
Rubus chamaemorus,4605006.036,4612469.974
Rubus chamaemorus,5023781.479,3987397.933
Rubus chamaemorus,4175821.5359999994,4351361.081
Rubus chamaemorus,5173363.243,4355034.958
Rubus chamaemorus,4970855.815,4593081.785
Rubus chamaemorus,4792006.047000001,4607929.366
Rubus chamaemorus,5000472.55,4597225.456
Rubus chamaemorus,5084879.882,4255643.782
Rubus chamaemorus,4922567.271,5200211.911
Rubus chamaemorus,5042279.741,4047229.385
Rubus chamaemorus,4527737.348,3691555.764
Rubus chamaemorus,4764587.051,5133744.112
Rubus chamaemorus,5150138.065000001,4486413.983
Rubus chamaemorus,4223518.237,4156279.695
Rubus chamaemorus,4506626.176,3699382.79
Rubus chamaemorus,4424378.994,4353448.042
Rubus chamaemorus,4185135.759,4129853.787
Rubus chamaemorus,5115386.053,4632326.123
Rubus chamaemorus,5091723.957,4236748.89
Rubus chamaemorus,4292025.476,4384498.853
Rubus chamaemorus,4929346.8319999995,5023492.039
Rubus chamaemorus,4472769.49,4242576.271
Rubus chamaemorus,4672535.48,5198362.771
Rubus chamaemorus,5130639.786,4057562.778
Rubus chamaemorus,4150525.432,4169857.893
Rubus chamaemorus,4431828.654,4709759.503
Rubus chamaemorus,4196475.997,4444234.55
Rubus chamaemorus,4499167.77,4243773.873
Rubus chamaemorus,4946666.378,4566070.344
Rubus chamaemorus,4575969.384,4544218.366
Rubus chamaemorus,4344779.882,4282360.319
Rubus chamaemorus,4311707.223,4232413.452
Rubus chamaemorus,4773757.456,5156663.171000001
Rubus chamaemorus,4152467.49,4014069.709
Rubus chamaemorus,5039296.06,4560676.866
Rubus chamaemorus,4772982.18,5122607.4
Rubus chamaemorus,4139378.298,4119146.995
Rubus chamaemorus,5105632.572,4973626.143
Rubus chamaemorus,5102067.559,4296045.007
Rubus chamaemorus,4220847.157,4159708.499
Rubus chamaemorus,5113634.653,4648694.066
Rubus chamaemorus,4234700.936,4144074.662
Rubus chamaemorus,5049036.257,4693935.396
Rubus chamaemorus,5261875.758,4689948.008
Rubus chamaemorus,4679134.62,4018079.773
Rubus chamaemorus,4438701.915,4028038.966
Rubus chamaemorus,4762368.619,5134188.013
Rubus chamaemorus,4567660.357,4669862.219
Rubus chamaemorus,5131641.497,4086264.439
Rubus chamaemorus,5333466.683,4626485.136
Rubus chamaemorus,5121528.328,4265783.918
Rubus chamaemorus,4556504.47,4058914.791
Rubus chamaemorus,4281967.582,4140816.265
Rubus chamaemorus,4506039.351,4696646.639
Rubus chamaemorus,4303407.805,4182016.743
Rubus chamaemorus,4463021,4153797.385
Rubus chamaemorus,4832887.279,4853815.795
Rubus chamaemorus,4673883.387,4737728.354
Rubus chamaemorus,4537433.307,4141618.246
Rubus chamaemorus,4457840.732,4396080.288
Rubus chamaemorus,5162271.877,4036419.557
Rubus chamaemorus,4201541.228,4135022.949
Rubus chamaemorus,4736794.935999999,4522113.148
Rubus chamaemorus,5164171.281,4116650.051
Rubus chamaemorus,4692347.018,4605268.715
Rubus chamaemorus,5225823.561,4399391.824
Rubus chamaemorus,4419852.366,4493119.255
Rubus chamaemorus,4698794.719,4259142.685
Rubus chamaemorus,4864698.506,5253521.222
Rubus chamaemorus,5152784.127,4080030.48
Rubus chamaemorus,5284734.52,4053523.533
Rubus chamaemorus,4491073.044,4338803.988
Rubus chamaemorus,4356828.466,4174567.194
Rubus chamaemorus,4686554.089,4828529.019
Rubus chamaemorus,4622757.378,4498759.35
Rubus chamaemorus,4187846.563,4437977.47
Rubus chamaemorus,5160503.819,4396190.916
Rubus chamaemorus,4315677.079,4453909.913
Rubus chamaemorus,4066393.337,4152796.552
Rubus chamaemorus,4930730.288,4816688.82
Rubus chamaemorus,4599163.696,4261551.382
Rubus chamaemorus,5155442.04,4303136.714
Rubus chamaemorus,4472515.414,4072878.311
Rubus chamaemorus,5066621.729,4245955.339
Rubus chamaemorus,4145600.881,4024635.766
Rubus chamaemorus,5147830.505,5080756.012
Rubus chamaemorus,4360986.069,4316983.908
Rubus chamaemorus,5015790.031999999,4671124.34
Rubus chamaemorus,5103609.701,4606711.893
Rubus chamaemorus,4485536.08,4178550.792
Rubus chamaemorus,4994909.866,4235480.569
Rubus chamaemorus,5064647.37,4899575.925
Rubus chamaemorus,5217016.025,4139791.703
Rubus chamaemorus,5338711.089,4535066.993
Rubus chamaemorus,4895947.838,4969451.588
Rubus chamaemorus,5088910.985,4385559.982
Rubus chamaemorus,4442273.694,4474289.08
Rubus chamaemorus,5055035.442,4220968.409
Rubus chamaemorus,4691602.823,4430745.499
Rubus chamaemorus,4508134.633,4259833.772
Rubus chamaemorus,5016584.631,5050861.525
Rubus chamaemorus,4448793.834,3844954.066
Rubus chamaemorus,4929564.034,5004028.618
Rubus chamaemorus,4677835.507,5202459.423
Rubus chamaemorus,4612471.015,3857844.421
Rubus chamaemorus,4797269.441,5121775.401
Rubus chamaemorus,4181607.365,3913842.35
Rubus chamaemorus,4946071.914,4842312.237
Rubus chamaemorus,4944938.856,4832427.419
Rubus chamaemorus,5071645.22,3995906.55
Rubus chamaemorus,4984547.37,5272618.026
Rubus chamaemorus,4809680.419,4648170.11
Rubus chamaemorus,5079212.987,4624287.027
Rubus chamaemorus,5231458.804,4120206.988
Rubus chamaemorus,4128448.43,3978372.551
Rubus chamaemorus,4775566.939,5135595.295
Rubus chamaemorus,4761907.901,4895233.984
Rubus chamaemorus,4366856.871,4098825.686
Rubus chamaemorus,4187638.304,4429068.855
Rubus chamaemorus,4875245.094,4180358.305
Rubus chamaemorus,5336714.895,4013445.134
Rubus chamaemorus,4585608.023,4000605.606
Rubus chamaemorus,5115648.666,4858158.167999999
Rubus chamaemorus,4654191.149,4676354.099
Rubus chamaemorus,4177549.017,4140626.529
Rubus chamaemorus,4882283.194,4888037.87
Rubus chamaemorus,5302342.868,4349358.158
Rubus chamaemorus,4373418.391,4089971.73
Rubus chamaemorus,5217392.502,4408910.633
Rubus chamaemorus,5152068.961,4222867.822
Rubus chamaemorus,5084891.532,4334035.231
Rubus chamaemorus,4782827.565,5121080.162
Rubus chamaemorus,4564537.33,4207954.535
Rubus chamaemorus,4639817.889,4470694.929
Rubus chamaemorus,5354122.304,4421255.271
Rubus chamaemorus,5006754.636,5052477.618
Rubus chamaemorus,5022517.137999999,5286329.074
Rubus chamaemorus,4555394.406,5131271.136
Rubus chamaemorus,4595813.678,4610952.069
Rubus chamaemorus,4998013.764,4941330.207
Rubus chamaemorus,4525562.908,3756018.795
Rubus chamaemorus,5180618.205999999,4685927.899
Rubus chamaemorus,4596160.35,4386895.367
Rubus chamaemorus,4979687.949,4457848.547
Rubus chamaemorus,5261743.705,4033390.053
Rubus chamaemorus,4491176.701,4218520.45
Rubus chamaemorus,4930998.934,4828322.643
Rubus chamaemorus,5020833.325,4675488.67
Rubus chamaemorus,4791846.961,5140879.235
Rubus chamaemorus,4506487.083,4155289.753
Rubus chamaemorus,4765445.779,4575249.106
Rubus chamaemorus,5224449.117,3981271.6680000005
Rubus chamaemorus,4532903.117,4200425.464
Rubus chamaemorus,4425393.439,4323286.346
Rubus chamaemorus,5020572.63,4676452.401
Rubus chamaemorus,4132266.279,4212468.317
Rubus chamaemorus,5061159.742,4179635.835
Rubus chamaemorus,5219469.592,4003038.121
Rubus chamaemorus,4738772.080000001,4608111.028
Rubus chamaemorus,4742559.099,4562613.459
Rubus chamaemorus,5016283.586000001,4684634.126
Rubus chamaemorus,4923000.663,4960217.487999999
Rubus chamaemorus,5068891.669,4237242.264
Rubus chamaemorus,4858224.134000001,4767336.919
Rubus chamaemorus,5196416.292,3970916.927
Rubus chamaemorus,4380085.66,4088753.728
Rubus chamaemorus,4353795.358,4095891.622
Rubus chamaemorus,5013791.851,4853810.814
Rubus chamaemorus,4306709.173,4513843.38
Rubus chamaemorus,4996389.168,5056008.799
Rubus chamaemorus,4381248.224,4332498.18
Rubus chamaemorus,5126450.497,4641275.077
Rubus chamaemorus,4765673.03,5129925.315
Rubus chamaemorus,4214366.55,4482413.917
Rubus chamaemorus,4202998.237,4393359.268
Rubus chamaemorus,4372768.873,4316681.191
Rubus chamaemorus,5001515.748,4531570.599
Rubus chamaemorus,4506616.655,5062221.946
Rubus chamaemorus,4219720.582,4081339.365
Rubus chamaemorus,5257629.659,4296943.465
Rubus chamaemorus,5110165.474,4355811.642
Rubus chamaemorus,4997553.756,4593242.599
Rubus chamaemorus,4466716.021,4274798.55
Rubus chamaemorus,4336262.481,4482314.986
Rubus chamaemorus,4803657.398,5102918.913
Rubus chamaemorus,4162642.56,3989482.612
Rubus chamaemorus,4103262.707,4321690.851
Rubus chamaemorus,5113856.121000001,4329920.669
Rubus chamaemorus,4634800.469,4583685.86
Rubus chamaemorus,4509771.895,3818788.255
Rubus chamaemorus,4619494.43,4359635.52
Rubus chamaemorus,5336261.397000001,4019092.186
Rubus chamaemorus,4064238.679,4140103.031
Rubus chamaemorus,4277589.05,4502907.805
Rubus chamaemorus,4994406.946,4863636.498
Rubus chamaemorus,4944147.711,4453698.942
Rubus chamaemorus,4833212.702,4576333.07
Rubus chamaemorus,5014361.768,4626484.71
Rubus chamaemorus,4161755.28,3927081.368
Rubus chamaemorus,4860651.562,4862307.22
Rubus chamaemorus,4896420.898,5124580.192
Rubus chamaemorus,4234627.138,4415373.826
Rubus chamaemorus,5040485.787,4694867.55
Rubus chamaemorus,4790192.0649999995,5102483.203
Rubus chamaemorus,4279111.977,4227570.036
Rubus chamaemorus,5247759.75,3980759.573
Rubus chamaemorus,4477752.866,5016904.757999999
Rubus chamaemorus,4815515.394,4613730.045
Rubus chamaemorus,4435274.483,4325356.102
Rubus chamaemorus,5016805.317,4682706.947
Rubus chamaemorus,4961980.84,4815951.379
Rubus chamaemorus,5225058.145,4358558.54
Rubus chamaemorus,5272088.526,4152828.977
Rubus chamaemorus,5025204.309,3973800.255
Rubus chamaemorus,4768566.737,4679496.488
Rubus chamaemorus,4236843.359,4125601.932
Rubus chamaemorus,5004261.811,5165810.579
Rubus chamaemorus,4463817.211,4109703.596
Rubus chamaemorus,4907662.833,4964769.062
Rubus chamaemorus,4122457.951,4096294.242
Rubus chamaemorus,5270974.998,4511162.436
Rubus chamaemorus,4953896.663,5051345.035
Rubus chamaemorus,4983407.404999999,4568187.468
Rubus chamaemorus,5134049.959,4228712.198
Rubus chamaemorus,5124504.295,4209837.394
Rubus chamaemorus,5086587.478,4240624.95
Rubus chamaemorus,5153480.371,4959840.716
Rubus chamaemorus,4326562.553,4088390.195
Rubus chamaemorus,4433041.241,4298114.932
Rubus chamaemorus,5206164.707,4034210.732
Rubus chamaemorus,4675250.808,5189905.711
Rubus chamaemorus,5168158.368,4886396.839000001
Rubus chamaemorus,5041219.859,4260224.896
Rubus chamaemorus,4929655.274,4902825.77
Rubus chamaemorus,4766646.427,5130180.612999999
Rubus chamaemorus,4897896.394,4820746.839
Rubus chamaemorus,4767371.491,5157041.049
Rubus chamaemorus,4614763.116,4302871.401
Rubus chamaemorus,4732593.805,4624102.279
Rubus chamaemorus,4933910.715999999,5084833.008
Rubus chamaemorus,5099572.236,4254172.99
Rubus chamaemorus,5136189.416,4449806.284
Rubus chamaemorus,4363398.783,4467563.352
Rubus chamaemorus,5111018.001000001,4328336.687
Rubus chamaemorus,5091297.054,4230455.077
Rubus chamaemorus,5067486.064,5129078.648
Rubus chamaemorus,4449001.339,4339294.476
Rubus chamaemorus,4818526.729,5087291.885
Rubus chamaemorus,5016877.681,4678606.833
Rubus chamaemorus,4841255.474,4816837.193
Rubus chamaemorus,4591380.41,4227244.718
Rubus chamaemorus,4932188.699,5039762.365999999
Rubus chamaemorus,4418594.222,4072136.920999999
Rubus chamaemorus,5022616.169,5318341.181
Rubus chamaemorus,4782349.174999999,4970234.587
Rubus chamaemorus,4575707.387,4258214.107
Rubus chamaemorus,4984414.924,5251039.954
Rubus chamaemorus,5028833.661,4691925.299
Rubus chamaemorus,4815553.98,5116280.685
Rubus chamaemorus,4883185.523,5038286.802
Rubus chamaemorus,4212049.099,4177040.705
Rubus chamaemorus,4759317.092,5134250.573
Rubus chamaemorus,4553145.662,4996860.405
Rubus chamaemorus,4628178.422,4465107.801
Rubus chamaemorus,4071663.943,4150090.986
Rubus chamaemorus,4366635.021,4464975.031
Rubus chamaemorus,4445769.445,4240254.745
Rubus chamaemorus,4820938.488,4739508.902
Rubus chamaemorus,4482060.636,4175637.072
Rubus chamaemorus,4495368.064,4168899.615
Rubus chamaemorus,5289924.413,3970259.224
Rubus chamaemorus,4632975.284,4410470.682
Rubus chamaemorus,5019934.119,4671142.717
Rubus chamaemorus,4533284.45,3681572.026
Rubus chamaemorus,4273275.752,4491169.639
Rubus chamaemorus,4981943.343,5272526.54
Rubus chamaemorus,4379820.563,4072099.248
Rubus chamaemorus,5022000.724,4827751.213
Rubus chamaemorus,4564431.075,4241983.818
Rubus chamaemorus,4575017.341,4618421.527
Rubus chamaemorus,4999229.588,5209677.553000001
Rubus chamaemorus,5154341.915,4970379.609
Rubus chamaemorus,5067047.565,4977022.769
Rubus chamaemorus,5067428.019,4382760.938
Rubus chamaemorus,4558881.855,4129415.0839999993
Rubus chamaemorus,5147519.112,4966185.099
Rubus chamaemorus,4565122.956,4634198.909
Rubus chamaemorus,5102767.601,4629166.066
Rubus chamaemorus,4542373.272,4472060.21
Rubus chamaemorus,5225772.116,4061642.082
Rubus chamaemorus,4954434.485,4506257.996
Rubus chamaemorus,5131129.201,4255836.844
Rubus chamaemorus,5131244.871,4226354.308
Rubus chamaemorus,4635012.851,4585594.5
Rubus chamaemorus,4767619.897,5130435.733
Rubus chamaemorus,4410345.573,3970929.488
Rubus chamaemorus,4560522.702,4602320.432
Rubus chamaemorus,5081228.969,4994224.617
Rubus chamaemorus,4673481.435,4086829.817
Rubus chamaemorus,4383988.202,4264432.75
Rubus chamaemorus,5071625.1,4230706.718
Rubus chamaemorus,4659930.366,4241234.09
Rubus chamaemorus,4993824.07,4556406.127
Rubus chamaemorus,5080032.365,4062824.712
Rubus chamaemorus,4216467.002,4483003.245
Rubus chamaemorus,4152378.303,4305805.71
Rubus chamaemorus,4538674.03,5071427.856
Rubus chamaemorus,4696914.132,4380066.485
Rubus chamaemorus,4771275.967,4616322.174
Rubus chamaemorus,4462807.324,4691719.987
Rubus chamaemorus,5010983.635000001,4871613.563
Rubus chamaemorus,5285300.016,4716731.941
Rubus chamaemorus,4961728.274,4235722.168
Rubus chamaemorus,4479069.281,3891749.921
Rubus chamaemorus,4769725.892,5134065.308000001
Rubus chamaemorus,5147966.043,4959537.692
Rubus chamaemorus,5367542.935,4622239.168
Rubus chamaemorus,4997382.612,5044962.031
Rubus chamaemorus,4711660.797,4711198.962
Rubus chamaemorus,4727805.515,5079586.382
Rubus chamaemorus,4693380.425,4843175.694
Rubus chamaemorus,4754082.835,5141245.344
Rubus chamaemorus,4960927.396,5134256.237
Rubus chamaemorus,4401630.335,4300257.464
Rubus chamaemorus,5122007.026,4215324.273
Rubus chamaemorus,4971098.538000001,4827535.353
Rubus chamaemorus,4248085.777,4085197.757
Rubus chamaemorus,4712621.538,4606959.351
Rubus chamaemorus,4597602.445,4091731.236
Rubus chamaemorus,5035297.204,4698705.814
Rubus chamaemorus,4912703.502,4982237.167
Rubus chamaemorus,4590405.889,4126076.962
Rubus chamaemorus,5090508.211,5375295.248
Rubus chamaemorus,4189450.33,3901754.565
Rubus chamaemorus,4416545.31,4324301.124
Rubus chamaemorus,4536553.205,4213666.825
Rubus chamaemorus,4267280.31,4157760.5619999995
Rubus chamaemorus,5177999.508,4927510.844
Rubus chamaemorus,5160861.412,4484959.94
Rubus chamaemorus,4917613.3,5043079.982
Rubus chamaemorus,4903494,4944827.831
Rubus chamaemorus,4781644.087,5110510.173
Rubus chamaemorus,4360896.578,4223765.153
Rubus chamaemorus,4599132.101,4672043.031
Rubus chamaemorus,5158703.104,4500918.309
Rubus chamaemorus,5094138.699,4183724.056
Rubus chamaemorus,4927611.691,5217797.382
Rubus chamaemorus,5207805.684000001,4099156.682
Rubus chamaemorus,4469269.608,4325997.643
Rubus chamaemorus,5105901.627,5040492.54
Rubus chamaemorus,4464339.413,4550238.569
Rubus chamaemorus,5070907.976,4229496.748
Rubus chamaemorus,4485355.945,5019742.612
Rubus chamaemorus,5013370.768,4683897.111
Rubus chamaemorus,4329389.3,4081316.025
Rubus chamaemorus,5004168.034999999,4858570.799000001
Rubus chamaemorus,5235415.158,4713696.806
Rubus chamaemorus,5090454.149,4336455.817
Rubus chamaemorus,5155620.109,4404815.322
Rubus chamaemorus,4572822.69,4524660.672
Rubus chamaemorus,5223123.947,4674601.756
Rubus chamaemorus,4401366.379,4126121.033
Rubus chamaemorus,4793431.976,4533004.095
Rubus chamaemorus,4760421.754,5133677.303
Rubus chamaemorus,4806686.106,5099603.474
Rubus chamaemorus,5260781.237,4689991.149
Rubus chamaemorus,4746157.529,4075574.846
Rubus chamaemorus,4421552.658,4828126.32
Rubus chamaemorus,4675985.604,4123594.81
Rubus chamaemorus,5093447.443999999,4586649.929
Rubus chamaemorus,4358825.686,4052506.213
Rubus chamaemorus,5202383.791,4653491.414
Rubus chamaemorus,4637747.24,4270495.179
Rubus chamaemorus,5018593.302,4240128.03
Rubus chamaemorus,4997298.922,4655117.216
Rubus chamaemorus,5056053.993000001,4151556.3080000007
Rubus chamaemorus,5054794.388,4330630.318
Rubus chamaemorus,4351987.167,4253029.618
Rubus chamaemorus,4551292.161,4815657.878
Rubus chamaemorus,4585945.443,4285133.929
Rubus chamaemorus,5085831.201,4243529.969
Rubus chamaemorus,5288808.914,4685817.157
Rubus chamaemorus,4721854.514,4741606.579000001
Rubus chamaemorus,5019673.526,4672106.396
Rubus chamaemorus,4754898.122,5138382.136
Rubus chamaemorus,5281932.898,4698392.597
Rubus chamaemorus,4196106.328,4062489.217
Rubus chamaemorus,5015729.509,4484163.977
Rubus chamaemorus,5157291.657,4478916.388
Rubus chamaemorus,4775205.63,5166273.726
Rubus chamaemorus,4521649.714,4639057.251
Rubus chamaemorus,4172143.288,4339556.705
Rubus chamaemorus,4799388.028,4866942.342
Rubus chamaemorus,5271611.68,4742713.606
Rubus chamaemorus,4845548.825,4836541.201
Rubus chamaemorus,4415394.567,3996192.744
Rubus chamaemorus,5149563.42,4307865.65
Rubus chamaemorus,5169791.788,4325266.287
Rubus chamaemorus,4936578.618,4849068.024
Rubus chamaemorus,5261064.262,4279729.25
Rubus chamaemorus,4412885.128,4298108.422
Rubus chamaemorus,4426737.696,4073881.928
Rubus chamaemorus,5265633.946,4590153.173
Rubus chamaemorus,4426052.601,4338298.404
Rubus chamaemorus,5179638.531,4927321.561
Rubus chamaemorus,4163816.939,4244020.752
Rubus chamaemorus,5347959.123,4599704.621
Rubus chamaemorus,5058537.648,5095560.531
Rubus chamaemorus,4992709.212,4595260.132
Rubus chamaemorus,4739194.562,4862511.977
Rubus chamaemorus,4327258.204,4285584.199
Rubus chamaemorus,4559255.835,4128837.528
Rubus chamaemorus,4144443.796,4013668.543
Rubus chamaemorus,4995853.316,4877548.202
Rubus chamaemorus,5151351.109,4221658.26
Rubus chamaemorus,4723652.212,4860978.03
Rubus chamaemorus,4448208.358,6138330.09
Rubus chamaemorus,4577463.189,3754701.491
Rubus chamaemorus,4685142.489,4173943.359
Rubus chamaemorus,4668314.926,5186164.595
Rubus chamaemorus,5190006.366,4098951.226
Rubus chamaemorus,4437308.331,4245627.602
Rubus chamaemorus,4372788.987,4111813.58
Rubus chamaemorus,4423487.245,4314165.867
Rubus chamaemorus,5088334.812000001,4632757.819
Rubus chamaemorus,4617195.025,4533577.886
Rubus chamaemorus,4494864.612,4264281.181
Rubus chamaemorus,4428172.491,4299686.77
Rubus chamaemorus,4302880.631,4355635.293
Rubus chamaemorus,4856099.453,4755825.849
Rubus chamaemorus,5145525.004000001,4503821.033
Rubus chamaemorus,5262694.043,4031406.602
Rubus chamaemorus,4844718.669,4836309.407
Rubus chamaemorus,5299232.595999999,4528418.557
Rubus chamaemorus,4890395.572,5054566.188999999
Rubus chamaemorus,4757942.505,4654657.389
Rubus chamaemorus,4940583.828,5247038.413
Rubus chamaemorus,4872687.284,4869050.888
Rubus chamaemorus,4871230.442,4869023.618
Rubus chamaemorus,5036565.877,4967547.178
Rubus chamaemorus,4596140.612,3783269.184
Rubus chamaemorus,4202670.711,4103947.634
Rubus chamaemorus,4428039.554,4302939.251
Rubus chamaemorus,5109691.751,4711239.735
Rubus chamaemorus,4887232.636,4918348.439
Rubus chamaemorus,4605716.013,4286647.898
Rubus chamaemorus,4649931.291,4360910.709
Rubus chamaemorus,5256461.356,4137561.818
Rubus chamaemorus,5036340.853,4694850.884
Rubus chamaemorus,5080927.174,4222714.95
Rubus chamaemorus,4426570.126,4671684.841
Rubus chamaemorus,4573909.454,5036639.041
Rubus chamaemorus,5301907.4,3983486.416
Rubus chamaemorus,5058535.415,4253214.753
Rubus chamaemorus,4197598.704,3984334.783
Rubus chamaemorus,4527122.288,5106398.552999999
Rubus chamaemorus,5348816.054,4417892.744
Rubus chamaemorus,4182622.882,3914828.14
Rubus chamaemorus,4671244.974,4448870.015
Rubus chamaemorus,5117834.466000001,4661782.719
Rubus chamaemorus,4499404.139,5022036.833
Rubus chamaemorus,4742618.849,4554494.507
Rubus chamaemorus,4233434.5,4064276.5060000005
Rubus chamaemorus,5008965.162,4684841.139
Rubus chamaemorus,5309419.559,4699998.646
Rubus chamaemorus,4508179.308,5066944.696
Rubus chamaemorus,5106634.464,4345650.382
Rubus chamaemorus,5291571.818000001,4514211.569
Rubus chamaemorus,4342524.022,4335102.259
Rubus chamaemorus,5268228.065,4075973.089
Rubus chamaemorus,4675589.679,4188771.767
Rubus chamaemorus,5016811.194999999,4454872.421
Rubus chamaemorus,5134481.364,4207157.089
Rubus chamaemorus,4569394.497,4961239.164
Rubus chamaemorus,4818085.67,4634326.082
Rubus chamaemorus,5015863.022,4421341.208
Rubus chamaemorus,5013492.358,4478963.458
Rubus chamaemorus,5088077.917,5339049.384
Rubus chamaemorus,4575894.116,3953589.593
Rubus chamaemorus,5081933.997,4218841.231
Rubus chamaemorus,4947886.515,4489854.847
Rubus chamaemorus,4872734.539,4867740.592
Rubus chamaemorus,5290079.218999999,4691125.971
Rubus chamaemorus,5250184.072,4078745.531
Rubus chamaemorus,4904680.18,4880633.6790000005
Rubus chamaemorus,5165247.543999999,4797189.85
Rubus chamaemorus,4295063.616,4488191.353
Rubus chamaemorus,5270893.328,4293501.882
Rubus chamaemorus,4161987.976,4081671.631
Rubus chamaemorus,4524172.599,4185661.255
Rubus chamaemorus,5112228.8100000005,4197504.36
Rubus chamaemorus,4935581.205,4378917.482
Rubus chamaemorus,5080772.833,4239175.194
Rubus chamaemorus,4328370.711,4075389.724
Rubus chamaemorus,4309644.353,4395414.969
Rubus chamaemorus,4980052.781,5032336.085
Rubus chamaemorus,5020440.707,5010742.699
Rubus chamaemorus,4968638.242,4964691.916
Rubus chamaemorus,5118420.832,4593933.9
Rubus chamaemorus,5260158.836,4000774.6189999995
Rubus chamaemorus,5141971.055,4380236.677
Rubus chamaemorus,5021354.64,4673561.17
Rubus chamaemorus,4793358.388,5108441.565
Rubus chamaemorus,5049343.443,4296277.108
Rubus chamaemorus,4975747.075,5142338.721
Rubus chamaemorus,4462356.438,4282478.761
Rubus chamaemorus,4974517.554,4605065.056
Rubus chamaemorus,4072854.177,4250390.333
Rubus chamaemorus,5033030.177,4491099.134
Rubus chamaemorus,4893564.923,4427971.23
Rubus chamaemorus,4946265.244,4958979.988
Rubus chamaemorus,5284373.228,4525845.094
Rubus chamaemorus,4512618.124,5081006.897
Rubus chamaemorus,4422662.784,4296907.786
Rubus chamaemorus,4755733.584,4805030.250000001
Rubus chamaemorus,5160915.269,4480849.289
Rubus chamaemorus,4634574.853,3788703.96
Rubus chamaemorus,5115346.1790000005,4072395.188
Rubus chamaemorus,5048766.538,4023221.183
Rubus chamaemorus,4344334.041,4079836.366
Rubus chamaemorus,4663132.359,4631749.315
Rubus chamaemorus,5086083.312,4242561.599
Rubus chamaemorus,5042504.186,4144228.469
Rubus chamaemorus,4952841.773,5349274.087
Rubus chamaemorus,5246605.589,4274901.37
Rubus chamaemorus,5079008.765,4559329.731
Rubus chamaemorus,4801478.121,4757639.194
Rubus chamaemorus,4498204.737,5010461.994
Rubus chamaemorus,4825396.033,4780515.075
Rubus chamaemorus,4472904.93,4329186.177
Rubus chamaemorus,5231277.265,4668296.49
Rubus chamaemorus,4180065.058,4051157.334
Rubus chamaemorus,4737721.567,4891936.646
Rubus chamaemorus,4334629.92,4091261.327
Rubus chamaemorus,4975792.725000001,4491949.41
Rubus chamaemorus,4593050.62,3975967.488
Rubus chamaemorus,4949705.336,5259268.087
Rubus chamaemorus,4329836.159,4032016.841
Rubus chamaemorus,4953503.087,5218036.82
Rubus chamaemorus,4947448.811,5182123.998
Rubus chamaemorus,5035560.901,4655525.242
Rubus chamaemorus,4394967.622,4016226.757
Rubus chamaemorus,4993767.985,4945391.507
Rubus chamaemorus,5091838.63,4224402.483
Rubus chamaemorus,4511223.21,4394851.165
Rubus chamaemorus,4480788.964,4218115.153
Rubus chamaemorus,4757965.754,4515084.531
Rubus chamaemorus,4083739.35,4136286.899
Rubus chamaemorus,4534563.908,5099059.598
Rubus chamaemorus,5307078.904,4123700.571
Rubus chamaemorus,4546305.813,4173720.974
Rubus chamaemorus,4461267.692,4119568.616
Rubus chamaemorus,4999117.27,5064918.795
Rubus chamaemorus,4205438.381,4411105.883
Rubus chamaemorus,5128019.082,4708052.131
Rubus chamaemorus,4558546.944,3805842.032
Rubus chamaemorus,4597165.069,4080987.463
Rubus chamaemorus,4524263.383,4641499.854
Rubus chamaemorus,4172996.583,3942418.117
Rubus chamaemorus,5018181.328,4673788.39
Rubus chamaemorus,4629704.936,4240374.883
Rubus chamaemorus,4691136.512,4234658.082
Rubus chamaemorus,4778942.909,5164175.301
Rubus chamaemorus,4725653.234,4606809.535
Rubus chamaemorus,4214491.83,4230140.257
Rubus chamaemorus,4913952.759,4856638.863
Rubus chamaemorus,5035551.57,4876804.941
Rubus chamaemorus,5037090.93,4545698.262
Rubus chamaemorus,5086800.308,4243771.56
Rubus chamaemorus,4736871.061,4711907.679
Rubus chamaemorus,4394239.538,4208986.861
Rubus chamaemorus,4130869.49,4232447.216
Rubus chamaemorus,4442214.999,4473508.023
Rubus chamaemorus,4538122.871,4368085.784
Rubus chamaemorus,4239591.975,4411323.37
Rubus chamaemorus,4937625.469,4538029.578
Rubus chamaemorus,5183038.518,4381159.442
Rubus chamaemorus,4424338.9,4220141.013
Rubus chamaemorus,4796141.1,5099931.879
Rubus chamaemorus,4331576.123,4088314.228
Rubus chamaemorus,4740063.285,4907290.610999999
Rubus chamaemorus,5142811.245,4936659.719
Rubus chamaemorus,4883979.103,4984352.955
Rubus chamaemorus,4160253.965,4415980.337
Rubus chamaemorus,4750455.467,4638702.582
Rubus chamaemorus,4803802.977,5142974.306
Rubus chamaemorus,5096674.855,4079244.354
Rubus chamaemorus,4714629.984,4366272.107
Rubus chamaemorus,4717592.71,5154183.076
Rubus chamaemorus,5207473.112,4836500.684
Rubus chamaemorus,5172020.52,4778077.105
Rubus chamaemorus,5142630.845000001,4884161.813
Rubus chamaemorus,5358343.2,4436045.427
Rubus chamaemorus,4796332.627,5147180.257
Rubus chamaemorus,4491781.964,4208171.613
Rubus chamaemorus,5022325.564,4673806.518
Rubus chamaemorus,5082206.881999999,4241595.143
Rubus chamaemorus,5023485.368999999,4677188.638
Rubus chamaemorus,4408532.962,4327076.562
Rubus chamaemorus,5125373.466,4867504.023
Rubus chamaemorus,4641753.647,4043888.271
Rubus chamaemorus,4297863.557,4418608.361
Rubus chamaemorus,4335632.648,4091245.9959999993
Rubus chamaemorus,4664191.117,4203077.338
Rubus chamaemorus,4655856.653,4797227.969
Rubus chamaemorus,4977228.073,4888129.552
Rubus chamaemorus,4784286.586,4107301.112
Rubus chamaemorus,5083428.09,4240868.531
Rubus chamaemorus,4661860.268,4781828.558
Rubus chamaemorus,5089540.873000001,5016866.657
Rubus chamaemorus,5335007.524,4632417.257
Rubus chamaemorus,5074997.372,4233610.2
Rubus chamaemorus,5019567.81,4560852.467
Rubus chamaemorus,4408036.568,4569878.112
Rubus chamaemorus,4808914.135,4648575.676
Rubus chamaemorus,5022347.455000001,5045130.495
Rubus chamaemorus,4182853.684,4143273.28
Rubus chamaemorus,4978968.136,5118325.037
Rubus chamaemorus,4913373.852,4510775.883
Rubus chamaemorus,4467569.604,4270765.064
Rubus chamaemorus,4677499.559,4709424.625
Rubus chamaemorus,4435495.04,4334394.466
Rubus chamaemorus,5083414.339,4335728.248
Rubus chamaemorus,5139255.612,4216594.417
Rubus chamaemorus,4807087.324,4971774.154999999
Rubus chamaemorus,4496632.477,3803343.897
Rubus chamaemorus,4582520.642,4437043.763
Rubus chamaemorus,5121679.188,4804838.563
Rubus chamaemorus,5016997.557,4739375.55
Rubus chamaemorus,4928908.958,5021325.298
Rubus chamaemorus,4566161.731,4057559.45
Rubus chamaemorus,4422557.961,4281599.755
Rubus chamaemorus,4294994.977,4149726.465
Rubus chamaemorus,4434443.305,3922957.419
Rubus chamaemorus,4717710.536,4476808.122
Rubus chamaemorus,4969804.863,5020478.889
Rubus chamaemorus,4314460.848,4231586.484
Rubus chamaemorus,4973055.048,4426455.224
Rubus chamaemorus,4215998.924,4473872.588
Rubus chamaemorus,5017213.984,5165749.459
Rubus chamaemorus,5092555.967,4225612.397
Rubus chamaemorus,5020731.797,4695025.293
Rubus chamaemorus,4537317.792,4420765.56
Rubus chamaemorus,5111363.857,4184912.463
Rubus chamaemorus,5128921.675000001,4006858.865
Rubus chamaemorus,5020311.921,4677416.009
Rubus chamaemorus,4873397.275999999,4145923.625
Rubus chamaemorus,5080423.631000001,4224651.872
Rubus chamaemorus,4832722.87,4563838.261
Rubus chamaemorus,4534532.19,4400757.305
Rubus chamaemorus,5117451.096,4218141.493
Rubus chamaemorus,5052833.393,4743489.376000001
Rubus chamaemorus,5005610.542999999,4459975.386
Rubus chamaemorus,4550478.342,5121475.704
Rubus chamaemorus,5146398.262,4284386.432
Rubus chamaemorus,5090545.557,4328229.933
Rubus chamaemorus,4302874.757,4303413.024
Rubus chamaemorus,5058906.990999999,4714956.304
Rubus chamaemorus,4456104.65,4054116.678
Rubus chamaemorus,5237262.058,4098400.483
Rubus chamaemorus,4974916.472,4382684.731
Rubus chamaemorus,4434793.783,4448250.464
Rubus chamaemorus,4658958.053,5054355.265
Rubus chamaemorus,4446338.214,4494016.704
Rubus chamaemorus,4404941,4476870.6
Rubus chamaemorus,4962616.581,4824345.807000001
Rubus chamaemorus,4994916.429,4948767.25
Rubus chamaemorus,5201969.191999999,4079194.942
Rubus chamaemorus,4756573.283,5139847.819
Rubus chamaemorus,4182120.135,4019686.38
Rubus chamaemorus,4834094.363,4929197.714
Rubus chamaemorus,4777222.222,5155519.172
Rubus chamaemorus,4469831.466,4284778.469
Rubus chamaemorus,5030196.492,5065606.741
Rubus chamaemorus,4462733.558,4283864.972
Rubus chamaemorus,5004558.88,5041648.005
Rubus chamaemorus,5073484.978,4239419.602
Rubus chamaemorus,4592101.871,3975917.111
Rubus chamaemorus,5110932.67,5290944.584
Rubus chamaemorus,4323130.636,4060498.452
Rubus chamaemorus,4728114.336,4537526.899
Rubus chamaemorus,4187126.994,4345340.129
Rubus chamaemorus,5059067.232,5269926.259
Rubus chamaemorus,5077832.459,4559978.357
Rubus chamaemorus,5001526.636,4868186.131
Rubus chamaemorus,4433455.886,4315630.33
Rubus chamaemorus,4429789.915,4288681.126
Rubus chamaemorus,4526896.051,4606497.239
Rubus chamaemorus,4474982.278,3826387.686
Rubus chamaemorus,5018500.141,4813852.297
Rubus chamaemorus,4498414.767,4127728.7540000007
Rubus chamaemorus,4964591.052,4526342.217
Rubus chamaemorus,4424412.148,4280933.477
Rubus chamaemorus,4283677.545,4427597.307
Rubus chamaemorus,5000404.056,5305329.212
Rubus chamaemorus,4953654.049,5041011.611
Rubus chamaemorus,4999318.178000001,4868653.981
Rubus chamaemorus,4772327.829,5128591.623
Rubus chamaemorus,5302091.021,3953235.033
Rubus chamaemorus,4367508.11,4104183.058
Rubus chamaemorus,4560069.534,3828299.425
Rubus chamaemorus,5292711.785,4296804.098
Rubus chamaemorus,4289838.476,3986608.053
Rubus chamaemorus,4546872.115,5039813.756
Rubus chamaemorus,5186010.836,4018618.974
Rubus chamaemorus,4577100.265,4666832.141
Rubus chamaemorus,4603414.102,4512521.623
Rubus chamaemorus,5219415.416,4388107.936
Rubus chamaemorus,4209836.349,4318689.763
Rubus chamaemorus,4564131.772,4698277.099
Rubus chamaemorus,5112815.398,4741883.260999999
Rubus chamaemorus,5006038.656999999,4987565.986
Rubus chamaemorus,5330333.258,4416766.544
Rubus chamaemorus,4240418.838,4177820.69
Rubus chamaemorus,5182818.716,3968828.745
Rubus chamaemorus,4630479.49,4400621.791
Rubus chamaemorus,5278786.396,4699523.706
Rubus chamaemorus,4310320.65,4391988.559
Rubus chamaemorus,5054402.573999999,4727309.361
Rubus chamaemorus,4762503.107000001,5155764.163
Rubus chamaemorus,4395682.965,4018446.815
Rubus chamaemorus,5124412.807,4254682.968
Rubus chamaemorus,4718207.306,5153487.305
Rubus chamaemorus,4698979.739,4136567.478
Rubus chamaemorus,4548534.398,4361679.868
Rubus chamaemorus,4579348.105,4244547.521
Rubus chamaemorus,4295175.466,4347067.942
Rubus chamaemorus,5249534.602,4593027.773
Rubus chamaemorus,5088525.707,4241108.098
Rubus chamaemorus,4410361.144,4006071.83
Rubus chamaemorus,4626575.69,3998776.223
Rubus chamaemorus,4537096.113,4422813.398
Rubus chamaemorus,4417372.795,4317908.327
Rubus chamaemorus,4446950.845,4495241.545
Rubus chamaemorus,4235733.995,3948449.765
Rubus chamaemorus,5164861.361,4308569.534
Rubus chamaemorus,5163297.835,4768721.794
Rubus chamaemorus,4504153.474,4333725.338
Rubus chamaemorus,4146560.365,4021628.552
Rubus chamaemorus,5042656.369,4282520.756
Rubus chamaemorus,4163019.125,4015933.964
Rubus chamaemorus,4519820.644,4295333.716
Rubus chamaemorus,4427265.115,4297850.302
Rubus chamaemorus,5030893.213,4175237.928
Rubus chamaemorus,4883909.745,4982562.431
Rubus chamaemorus,4557564.646,5015500.74
Rubus chamaemorus,4974041.312,5027722.879
Rubus chamaemorus,4537202.564,4591074.192
Rubus chamaemorus,4516501.411,4643107.487
Rubus chamaemorus,5267261.556,4094214.386
Rubus chamaemorus,4976852.622,4153162.049
Rubus chamaemorus,4986730.465,4465008.936
Rubus chamaemorus,4530570.917,4220927.397
Rubus chamaemorus,4420614.356,4269246.629
Rubus chamaemorus,4793682.703000001,5145462.404
Rubus chamaemorus,4476503.81,5007509.637
Rubus chamaemorus,4732580.5,4997040.609
Rubus chamaemorus,4488570.136,4306917.069
Rubus chamaemorus,4613419.019,5170167.955
Rubus chamaemorus,4745920.016,4922518.987
Rubus chamaemorus,4830212.654,4562320.982
Rubus chamaemorus,4331040.436,3760129.035
Rubus chamaemorus,4205376.433,3948151.228
Rubus chamaemorus,4276576.44,4397859.834
Rubus chamaemorus,4320670.251,4454400.707
Rubus chamaemorus,4668073.572,4797450.768
Rubus chamaemorus,5151620.116,4484721.259
Rubus chamaemorus,4621045.835,5169789.615
Rubus chamaemorus,4935521.752,4858567.226
Rubus chamaemorus,4743291.976,4562732.953
Rubus chamaemorus,4179231.263,4144842.476
Rubus chamaemorus,5132991.874,4436693.97
Rubus chamaemorus,4589527.056,4410974.08
Rubus chamaemorus,4556533.327,4488501.215
Rubus chamaemorus,5152714.337,4232312.53
Rubus chamaemorus,5248879.169,4323004.613
Rubus chamaemorus,4330558.216,4087331.71
Rubus chamaemorus,4411953.572,4344260.067
Rubus chamaemorus,4490135.835,4242166.116
Rubus chamaemorus,5082940.549,4214967.28
Rubus chamaemorus,4306822.677,4416834.444
Rubus chamaemorus,5145212.938,4229420.078
Rubus chamaemorus,4530170.566,4562146.232
Rubus chamaemorus,4562365.002,3857392.717
Rubus chamaemorus,4784343.149,5119424.507
Rubus chamaemorus,5214353.48,4610605.006
Rubus chamaemorus,4481756.498,4511621.221
Rubus chamaemorus,4657806.476,5026427.535
Rubus chamaemorus,5005703.763000001,4662394.151
Rubus chamaemorus,5152589.917,4230679.859
Rubus chamaemorus,4597959.134,3857388.461
Rubus chamaemorus,4194119.396,4106245.78
Rubus chamaemorus,4341603.151,4088160.8870000006
Rubus chamaemorus,4295254.153,4309373.967
Rubus chamaemorus,4424982.347,4431514.3
Rubus chamaemorus,5088389.798,4229730.744
Rubus chamaemorus,4100762.4330000007,4176343.153
Rubus chamaemorus,4323191.088,4064489.791
Rubus chamaemorus,5130584.707,5052830.57
Rubus chamaemorus,4456684.641,4808031.764
Rubus chamaemorus,4885645.252,5086483.123
Rubus chamaemorus,4935847.573,5078564.371
Rubus chamaemorus,4272252.853,4378000.839
Rubus chamaemorus,4779586.869,5114076.312999999
Rubus chamaemorus,4325544.657,4087407.628
Rubus chamaemorus,5095275.873,5261994.408999999
Rubus chamaemorus,4821871.24,4570183.082
Rubus chamaemorus,5043773.245,4880939.529
Rubus chamaemorus,4633486.071,5156890.543
Rubus chamaemorus,4753639.896,4484397.415
Rubus chamaemorus,5106726.187000001,4337423.878
Rubus chamaemorus,4265091.341,4185315.753
Rubus chamaemorus,5073670.779999999,4768933.431
Rubus chamaemorus,4975986.697,4464339.255
Rubus chamaemorus,5177313.7069999995,4371487.325
Rubus chamaemorus,5140004.566,4855728.513
Rubus chamaemorus,5112288.839,4244963.218
Rubus chamaemorus,4881733.524,5282398.253
Rubus chamaemorus,4824050.157,4867741.143
Rubus chamaemorus,4354799.832,4235852.707
Rubus chamaemorus,5158007.344,4407549.152
Rubus chamaemorus,4366157.225,4530856.462
Rubus chamaemorus,4825507.754000001,4778914.179
Rubus chamaemorus,5236079.485,4776676.497
Rubus chamaemorus,4184217.137,4143538.31
Rubus chamaemorus,5097381.69,4254658.546
Rubus chamaemorus,5019012.775,4861305.326
Rubus chamaemorus,4587891.759,4146613.922
Rubus chamaemorus,4759719.933,5132467.316
Rubus chamaemorus,4967170.52,4402038.627
Rubus chamaemorus,4556021.921,4319784.494
Rubus chamaemorus,4165230.386000001,4321410.24
Rubus chamaemorus,4341648.896,4091153.87
Rubus chamaemorus,5044537.928,4672206.768
Rubus chamaemorus,4954060.713,4234224.75
Rubus chamaemorus,4570328.685,4599688.164
Rubus chamaemorus,5229450.244,4066418.403000001
Rubus chamaemorus,5082032.952,4234333.531
Rubus chamaemorus,4300881.171,4344707.463
Rubus chamaemorus,5081567.742999999,4232155.308
Rubus chamaemorus,4960082.89,4238831.326
Rubus chamaemorus,4669823.545,4237610.256
Rubus chamaemorus,5023510.147,4661749.708
Rubus chamaemorus,4916996.682,5048988.947
Rubus chamaemorus,4537391.021,4602885.428
Rubus chamaemorus,5151216.2700000005,4943897.629
Rubus chamaemorus,5163569.038,4482540.607
Rubus chamaemorus,4468517.338,4482892.74
Rubus chamaemorus,4709393.237,4741201.719999999
Rubus chamaemorus,4897877.362,4160850.17
Rubus chamaemorus,5087429.085,4324358.298
Rubus chamaemorus,5062367.989,4151067.208
Rubus chamaemorus,4580594.017,4510466.388
Rubus chamaemorus,4530053.292,5028952.936
Rubus chamaemorus,4087534.7130000005,4369689.19
Rubus chamaemorus,4222899.571,4242805.785
Rubus chamaemorus,4141026.952,3950161.748
Rubus chamaemorus,4554314.394,4562564.846
Rubus chamaemorus,4431439.141,4361404.14
Rubus chamaemorus,5100402.139,4337908.351
Rubus chamaemorus,4778195.963,5155774.056
Rubus chamaemorus,4575840.107,4274590.725
Rubus chamaemorus,5028079.245,4679379.215
Rubus chamaemorus,4943942.947,5213028.998
Rubus chamaemorus,4984670.657,4887763.204
Rubus chamaemorus,4826422.068,5275286.592
Rubus chamaemorus,5125709.85,4198997.896
Rubus chamaemorus,4937155.598,5014192.171
Rubus chamaemorus,4552561.343,5087193.944999999
Rubus chamaemorus,4939549.451,4953151.354
Rubus chamaemorus,4414370.002,4312330.997
Rubus chamaemorus,4763407.972,5123176.025000001
Rubus chamaemorus,4661680.458,4463308.858
Rubus chamaemorus,5039126.196,4984640.08
Rubus chamaemorus,4158543.068,4405153.366
Rubus chamaemorus,4375201.071,4120560.157
Rubus chamaemorus,4699350.287,4741143.544
Rubus chamaemorus,4255165.718,4218024.721
Rubus chamaemorus,4417320.539,4305405.459
Rubus chamaemorus,5197336.634,4022438.101
Rubus chamaemorus,5112013.436999999,4297492.381
Rubus chamaemorus,4073806.496,4148945.845
Rubus chamaemorus,5026947.717,5047322.388
Rubus chamaemorus,5123108.578,4981945.001
Rubus chamaemorus,5056087.174,4147440.456
Rubus chamaemorus,4460999.56,4276858.403
Rubus chamaemorus,4536769.99,4600626.528
Rubus chamaemorus,4867272.315,5077881.907
Rubus chamaemorus,4953692.887,4296596.091
Rubus chamaemorus,4963132.101,4814864.874
Rubus chamaemorus,5012660.769,4682687.88
Rubus chamaemorus,4867207.370999999,4183472.335
Rubus chamaemorus,4708492.814,5220642.536
Rubus chamaemorus,4128562.611,3979369.539
Rubus chamaemorus,4858869.944,4936213.203000001
Rubus chamaemorus,4175593.998,4147203.704
Rubus chamaemorus,4399050.945,4506181.304
Rubus chamaemorus,4462099.085,4250452.779
Rubus chamaemorus,5183474.846,4363732.533
Rubus chamaemorus,5222940.067,4153841.638
Rubus chamaemorus,4455939.447,4044977.644
Rubus chamaemorus,4988213.647,5070363.911000001
Rubus chamaemorus,5069446.714,4972028.431
Rubus chamaemorus,5131176.982,3995933.489
Rubus chamaemorus,5080094.76,4233850.375
Rubus chamaemorus,5119894.147,4217533.965
Rubus chamaemorus,5157731.074,4418306.079
Rubus chamaemorus,4186413.656,4197406.966
Rubus chamaemorus,4790436.941999999,4882422.181
Rubus chamaemorus,4593904.42,4731646.874
Rubus chamaemorus,4541348.085,5072779.367
Rubus chamaemorus,4886576.214,4974362.59
Rubus chamaemorus,5130215.032,4322651.087
Rubus chamaemorus,4286551.413,4187380.384
Rubus chamaemorus,4673964.475,4587957.929
Rubus chamaemorus,4486421.603,4297662.796
Rubus chamaemorus,4420619.443,4106847.495
Rubus chamaemorus,4812153.871,5017557.442
Rubus chamaemorus,4628013.942,3982084.372
Rubus chamaemorus,5061009.407,5160653.42
Rubus chamaemorus,4518917.182,4460715.089
Rubus chamaemorus,4991938.325,5235519.126
Rubus chamaemorus,4128429.503,4204985.04
Rubus chamaemorus,4357614.57,4102950.826
Rubus chamaemorus,5119458.991,4242151.601
Rubus chamaemorus,4499654.689,3756173.943
Rubus chamaemorus,4241026.876,4193928.635
Rubus chamaemorus,4837339.268,4625680.617
Rubus chamaemorus,4556550.34,4043506.535
Rubus chamaemorus,4995047.185,4838768.756
Rubus chamaemorus,4772285.517,4925340.152
Rubus chamaemorus,5142047.024,4729630.404
Rubus chamaemorus,4948114.463,5249989.463
Rubus chamaemorus,4521894.203,4886468.475
Rubus chamaemorus,5090478.47,4213751.241
Rubus chamaemorus,4391795.631,4556061.506
Rubus chamaemorus,5092392.918,4336940.055
Rubus chamaemorus,4320791.256,4372048.281
Rubus chamaemorus,5126576.842,4344434.062
Rubus chamaemorus,4442524.738,4259837.285
Rubus chamaemorus,5114205.023,4297006.924
Rubus chamaemorus,4616991.028,4718575.702
Rubus chamaemorus,5210981.645,4131501.775
Rubus chamaemorus,4794385.103,5146671.65
Rubus chamaemorus,4452250.021,4224225.953
Rubus chamaemorus,4798228.066,4943017.249
Rubus chamaemorus,4958057.549,4912651.672
Rubus chamaemorus,4224891.24,4230790.156
Rubus chamaemorus,4995821.889,4583689.908
Rubus chamaemorus,4153262.138,4181410.729
Rubus chamaemorus,4689640.387,4494096.324
Rubus chamaemorus,4978556.44,4947689.712
Rubus chamaemorus,4584142.599,4529854.361
Rubus chamaemorus,4415067.704,4341268.962
Rubus chamaemorus,5066393.508,4163411.846
Rubus chamaemorus,5125521.558,4259453.564
Rubus chamaemorus,4161635.792,4063160.488
Rubus chamaemorus,4341664.179,4092151.449
Rubus chamaemorus,4729065.106,4803231.341000001
Rubus chamaemorus,4490385.07,3778159.07
Rubus chamaemorus,4799907.975,5141958.068
Rubus chamaemorus,4462275.891,4284206.736
Rubus chamaemorus,5078309.519000001,4216906.663
Rubus chamaemorus,5112750.919,4342019.937
Rubus chamaemorus,5072262.962,4741383.685
Rubus chamaemorus,4990311.785,5174582.013
Rubus chamaemorus,5109864.366,4293863.049
Rubus chamaemorus,4588345.186,4655600.887
Rubus chamaemorus,4424806.777,4336607.031
Rubus chamaemorus,4210996.394,4448542.998
Rubus chamaemorus,4429663.057,4345195.893
Rubus chamaemorus,5084013.247,4388458.894
Rubus chamaemorus,4243161.114,4177044.777
Rubus chamaemorus,4314682.569,4392315.854
Rubus chamaemorus,5063378.983,4537910.118
Rubus chamaemorus,4196848.276,3893711.829
Rubus chamaemorus,4443777.049,4462553.573
Rubus chamaemorus,4173955.689,4076272.796
Rubus chamaemorus,5014274.49,4901244.104000001
Rubus chamaemorus,4431986.924,4335351.353
Rubus chamaemorus,4843128.786,5184327.85
Rubus chamaemorus,5198457.343,4393234.179
Rubus chamaemorus,4509010.38,4646035.961
Rubus chamaemorus,4656819.778,4496294.939
Rubus chamaemorus,4442748.845,4292783.152
Rubus chamaemorus,4363085.238,4439615.199
Rubus chamaemorus,5060442.063,4724609.127999999
Rubus chamaemorus,4450792.262,4515009.108
Rubus chamaemorus,4438190.713,4286669.54
Rubus chamaemorus,4770527.829,5232711.059
Rubus chamaemorus,5056177.92,4332158.986
Rubus chamaemorus,5086602.319,4212785.925
Rubus chamaemorus,5035177.443,4303036.807
Rubus chamaemorus,4525764.444,4916062.317
Rubus chamaemorus,5112715.193000001,4210341.699
Rubus chamaemorus,4642321.092,4627688.799
Rubus chamaemorus,5138716.567,4054345.347
Rubus chamaemorus,4765696.014,5155576.047
Rubus chamaemorus,4880276.266,5086867.087000001
Rubus chamaemorus,4584986.091,3829782.981
Rubus chamaemorus,5190839.645999999,3996825.312
Rubus chamaemorus,4447986.822,3959059.429
Rubus chamaemorus,4487732.786,4836990.477
Rubus chamaemorus,4567828.325,4493346.775
Rubus chamaemorus,5214930.442,4801296.722
Rubus chamaemorus,4614804.052,5126154.887
Rubus chamaemorus,4571934.774,3749215.602
Rubus chamaemorus,4946723.656,5031606.767
Rubus chamaemorus,4761099.683,5153344.602
Rubus chamaemorus,4545809.838,4276822.962
Rubus chamaemorus,4888002.437,5081673.009
Rubus chamaemorus,4504031.663,3843825.559
Rubus chamaemorus,4598085.865,4149871.26
Rubus chamaemorus,4849081.024,5237748.173
Rubus chamaemorus,4634619.914,4069796.153
Rubus chamaemorus,4992110.158000001,4549277.609
Rubus chamaemorus,5130351.043,4936632.421
Rubus chamaemorus,5088288.861999999,4214237.147
Rubus chamaemorus,4275197.833,4188411.369
Rubus chamaemorus,4296178.54,4395795.799
Rubus chamaemorus,5011095.052,4688468.98
Rubus chamaemorus,4566072.742,4634527.456
Rubus chamaemorus,5067883.012,4241114.824
Rubus chamaemorus,5136397.185,4065257.407
Rubus chamaemorus,5135087.618,4830986.681
Rubus chamaemorus,4623976.283,3962820.653
Rubus chamaemorus,5070007.026,4969462.09
Rubus chamaemorus,4782859.777,5146736.652
Rubus chamaemorus,4571231.895,4344904.726
Rubus chamaemorus,4451368.013,4072432.1620000005
Rubus chamaemorus,5009653.286,4383093.627
Rubus chamaemorus,4469412.402,4692316.14
Rubus chamaemorus,5012775.951,4689923.977
Rubus chamaemorus,5225648.229,4684498.388
Rubus chamaemorus,4756531.718,4804498.823
Rubus chamaemorus,4472429.019,4085958.874
Rubus chamaemorus,4696186.285,4813240.222
Rubus chamaemorus,4520715.944,4081220.858
Rubus chamaemorus,4416788.808,4303571.336
Rubus chamaemorus,4452342.984,4146983.391
Rubus chamaemorus,4782987.682,5124200.038999999
Rubus chamaemorus,5004145.792,5199640.721
Rubus chamaemorus,5188793.911,4248853.469
Rubus chamaemorus,5006249.182,4497095.951
Rubus chamaemorus,4451650.185,4460349.353
Rubus chamaemorus,4470817.668,4455179.943
Rubus chamaemorus,4836808.109,5100254.016
Rubus chamaemorus,4973254.793,5264605.242
Rubus chamaemorus,4685431.823,4694051.12
Rubus chamaemorus,4455785.471,4659496.074
Rubus chamaemorus,4638594.043,4090446.4569999995
Rubus chamaemorus,4286331.624,4003543.089
Rubus chamaemorus,5095520.042,4594381.686
Rubus chamaemorus,4738065.466,4534208.28
Rubus chamaemorus,4705669.718,4619817.639
Rubus chamaemorus,4978131.703,5265846.664
Rubus chamaemorus,4355434.569,4168804.4
Rubus chamaemorus,5013066.213,4673524.106
Rubus chamaemorus,4835074.271,5091592.608
Rubus chamaemorus,5298169.907,4546531.456
Rubus chamaemorus,4408781.338,4339325.582
Rubus chamaemorus,4981847.39,5208337.89
Rubus chamaemorus,5179451.076,4021232.585
Rubus chamaemorus,4779315.858,5115031.392
Rubus chamaemorus,4596322.789,4610675.563
Rubus chamaemorus,4557057.05,4059852.788
Rubus chamaemorus,4520929.01,4651610.446
Rubus chamaemorus,5083578.36,4917709.668
Rubus chamaemorus,4665063.185,4481705.252
Rubus chamaemorus,5056539.518,5015755.681
Rubus chamaemorus,5092620.261,4359680.591
Rubus chamaemorus,4682921.561,4443219.451
Rubus chamaemorus,4584371.752,4315506.047
Rubus chamaemorus,4542964.847,3852040.52
Rubus chamaemorus,4345418.849,4476598.576
Rubus chamaemorus,4584307.511,4530576.611
Rubus chamaemorus,5108402.15,4823125.257
Rubus chamaemorus,4159667.289,3921114.608
Rubus chamaemorus,5161501.199,4703588.03
Rubus chamaemorus,4777673.299,5139224.356
Rubus chamaemorus,4511381.567,4905085.179
Rubus chamaemorus,4632213.923,5041407.404000001
Rubus chamaemorus,4857967.771,4565258.409
Rubus chamaemorus,4769554.743,4804372.037
Rubus chamaemorus,4413398.38,4314340.442
Rubus chamaemorus,4542464.767,3931610.973
Rubus chamaemorus,4654709.779,4602833.631
Rubus chamaemorus,4992342.285,5246106.218
Rubus chamaemorus,5064304.403,4745026.886
Rubus chamaemorus,5237310.591,4775951.229
Rubus chamaemorus,4506869.636,4268656.012
Rubus chamaemorus,4554852.503,4233307.171
Rubus chamaemorus,4226163.182,4166575.9689999996
Rubus chamaemorus,4273047.498,4151195.656
Rubus chamaemorus,4639636.626,4130177.293
Rubus chamaemorus,4328355.584,4074391.918
Rubus chamaemorus,4421830.929,4326548.011
Rubus chamaemorus,4989443.581,4428020.163
Rubus chamaemorus,4526493.44,4166477.127
Rubus chamaemorus,5048839.615,4474467.097
Rubus chamaemorus,5019311.802999999,4692607.042
Rubus chamaemorus,4801163.612,5122791.607
Rubus chamaemorus,4540415.841,4112631.436
Rubus chamaemorus,4149274.743,4380119.661
Rubus chamaemorus,4440413.08,4518004.48
Rubus chamaemorus,4252660.547,4078631.662
Rubus chamaemorus,5225776.854,4676288.717
Rubus chamaemorus,5138678.843,4506237.527
Rubus chamaemorus,4598123.617,4557546.013
Rubus chamaemorus,5075887.932999999,4242081.426
Rubus chamaemorus,5261986.932,4598678.517
Rubus chamaemorus,4394566.05,4140197.667
Rubus chamaemorus,4207334.621,4179933.212
Rubus chamaemorus,4489085.849,4588682.844
Rubus chamaemorus,4985941.018,4944538.318
Rubus chamaemorus,4957699.229,4406662.535
Rubus chamaemorus,5180545.123,4386729.386
Rubus chamaemorus,5017210.436,4673542.928
Rubus chamaemorus,4171736.377,4023939.949
Rubus chamaemorus,4382329.356,4127428.809
Rubus chamaemorus,5091566.717,4253209.45
Rubus chamaemorus,4435112.384,4497415.435
Rubus chamaemorus,5100245.397,4619262.29
Rubus chamaemorus,4294367.537,4443406.837
Rubus chamaemorus,4476955.662,4303126.672
Rubus chamaemorus,4327368.09,4075404.894
Rubus chamaemorus,5142517.779,4724787.979
Rubus chamaemorus,4854388.948,5066355.446
Rubus chamaemorus,4477923.508,4246388.748
Rubus chamaemorus,4794351.063,5210082.856
Rubus chamaemorus,4576853.493,4274912.238
Rubus chamaemorus,5027251.449,4670932.636
Rubus chamaemorus,4627122.099,4718632.452
Rubus chamaemorus,5118899.746,4825613.223
Rubus chamaemorus,5009072.962,4323329.028
Rubus chamaemorus,4905703.704000001,4804723.015
Rubus chamaemorus,4430371.711,4623341.963
Rubus chamaemorus,4567753.768,4324365.028
Rubus chamaemorus,5214533.645,4245486.321
Rubus chamaemorus,4775274.785,5155009.192
Rubus chamaemorus,4370925.957,4038918.016
Rubus chamaemorus,5063560.282,4210135.201
Rubus chamaemorus,5270208.712,4034195.939
Rubus chamaemorus,5012472.424,4679551.542
Rubus chamaemorus,4162964.567,4186791.667
Rubus chamaemorus,4145314.631,4391216.577
Rubus chamaemorus,5138935.419,4505270.662
Rubus chamaemorus,4220679.403,4284845.672
Rubus chamaemorus,5110898.830999999,4454974.691
Rubus chamaemorus,4795061.931999999,4694455.69
Rubus chamaemorus,5203352.991,4119525.998
Rubus chamaemorus,5018253.034,4669688.001
Rubus chamaemorus,5033797.364,4394488.008
Rubus chamaemorus,4933966.612,4555683.51
Rubus chamaemorus,5218381.166,4666018.241
Rubus chamaemorus,4528175.36,3730091.117
Rubus chamaemorus,4254333.415,4515342.886
Rubus chamaemorus,5127818.755,4221427.291
Rubus chamaemorus,4924616.93,5004216.081
Rubus chamaemorus,4291066.235,4359797.028
Rubus chamaemorus,4120853.568,4252573.591
Rubus chamaemorus,5113758.96,4657672.294
Rubus chamaemorus,4621773.947,4573259.945
Rubus chamaemorus,4712467.095,4860125.923
Rubus chamaemorus,4901001.275,4176567.235
Rubus chamaemorus,4322081.507,4134831.215
Rubus chamaemorus,4616006.446,4937006.647
Rubus chamaemorus,4154628.255,4025023.6340000005
Rubus chamaemorus,4507213.769,4359792.308
Rubus chamaemorus,4614235.09,5134610.927
Rubus chamaemorus,4605934.646,4686873.632
Rubus chamaemorus,4389255.364,4121331.1979999994
Rubus chamaemorus,4165181.345,4070269.1970000006
Rubus chamaemorus,4799365.454,5143868.359
Rubus chamaemorus,5103862.817,4182016.856
Rubus chamaemorus,4761801.408,5154554.346
Rubus chamaemorus,4471083.918,4337331.134
Rubus chamaemorus,5151302.037,4225041.699
Rubus chamaemorus,4345840.465,4468397.176
Rubus chamaemorus,5130075.953,4442309.938
Rubus chamaemorus,5153324.89,4218021.061
Rubus chamaemorus,4593607.923,4357138.721
Rubus chamaemorus,4672955.409,5191101.335
Rubus chamaemorus,4726974.461,4832706.342
Rubus chamaemorus,4319917.229,4465971.389
Rubus chamaemorus,4499101.541,5018627.843
Rubus chamaemorus,5308054.162,4127221.261
Rubus chamaemorus,5054941.045,4455388.542
Rubus chamaemorus,4467119.36,4315103.898
Rubus chamaemorus,5075782.457,4504654.6
Rubus chamaemorus,5256039.627000001,4535357.823
Rubus chamaemorus,4658125.509,4765620.726
Rubus chamaemorus,4430275.678,4624899.544
Rubus chamaemorus,5097348.135,4282493.698
Rubus chamaemorus,4451484.672,4289700.162
Rubus chamaemorus,4841176.467,4560426.859
Rubus chamaemorus,4774231.797,5166018.599
Rubus chamaemorus,5024456.227,4677434.089
Rubus chamaemorus,4857898.079999999,5246601.588
Rubus chamaemorus,4581953.956,4106520.9840000006
Rubus chamaemorus,4448648.975,3959274.5029999996
Rubus chamaemorus,5249838.4,4081622.589
Rubus chamaemorus,5061513.066,4663096.195
Rubus chamaemorus,4529775.87,4136365.0059999996
Rubus chamaemorus,4950112.157,4993875.452
Rubus chamaemorus,4446073.06,4384259.419
Rubus chamaemorus,4479343.704,4311123.089
Rubus chamaemorus,4150892.556,4210143.134
Rubus chamaemorus,4770739.788,4878606.469
Rubus chamaemorus,4382147.903,4124365.875
Rubus chamaemorus,4587552.688,3971244.112
Rubus chamaemorus,4946082.279,5320468.298
Rubus chamaemorus,5130964.444,4220725.337
Rubus chamaemorus,4528833.441,5097622.601
Rubus chamaemorus,4745859.814,4508153.511
Rubus chamaemorus,4381578.005,4504921.735
Rubus chamaemorus,5106651.416,4614685.735
Rubus chamaemorus,4790881.435,4781321.301
Rubus chamaemorus,4813756.53,4987263.264000001
Rubus chamaemorus,4559326.316,4221933.22
Rubus chamaemorus,4834006.168,4974201.906
Rubus chamaemorus,5226216.166,4669683.937
Rubus chamaemorus,5096836.976,4260710.284
Rubus chamaemorus,4475847.29,4745465.518
Rubus chamaemorus,5082511.691,4208673.224
Rubus chamaemorus,4176639.797,4011926.087
Rubus chamaemorus,5023488.039,5199513.146
Rubus chamaemorus,5115297.919,4215120.481
Rubus chamaemorus,4176150.696,3970874.287
Rubus chamaemorus,4373260.554,4347559.371
Rubus chamaemorus,4177938.508,4411901.078
Rubus chamaemorus,4213778.724,4421001.502
Rubus chamaemorus,5099822.418,4324358.6
Rubus chamaemorus,4599143.263,4977687.348
Rubus chamaemorus,5095973.42,4596556.03
Rubus chamaemorus,5151375.234,4259317.794
Rubus chamaemorus,5122712.115,4179790.563
Rubus chamaemorus,4490467.331,4237424.287
Rubus chamaemorus,4391245.859,4240876.763
Rubus chamaemorus,4531943.905,3856512.629
Rubus chamaemorus,4512475.659,3788901.15
Rubus chamaemorus,4092958.024,4058355.526
Rubus chamaemorus,4147935.014,3941735.133
Rubus chamaemorus,4766098.395,4938724.522
Rubus chamaemorus,4520358.004,4296831.364
Rubus chamaemorus,5103545.424999999,4610816.985
Rubus chamaemorus,4793296.562,4618984.131
Rubus chamaemorus,5116087.559000001,4254159.264
Rubus chamaemorus,5217395.187,3978488.426
Rubus chamaemorus,4327428.72,4079395.725
Rubus chamaemorus,4335484.803,4479113.597
Rubus chamaemorus,4881919.948,5085670.176
Rubus chamaemorus,5014698.083,5109948.19
Rubus chamaemorus,5165252.872,4483990.571
Rubus chamaemorus,4406332.875,4123046.384
Rubus chamaemorus,4973208.875,4819843.107
Rubus chamaemorus,4735031.343,4132817.368
Rubus chamaemorus,4763476.762,5156019.593
Rubus chamaemorus,4379961.019,3992088.927
Rubus chamaemorus,4139915.135,3949476.5139999995
Rubus chamaemorus,5084644.874,4634921.888
Rubus chamaemorus,5290703.182,4486153.178
Rubus chamaemorus,4358119.303,4478500.368
Rubus chamaemorus,4773476.99,4983791.524
Rubus chamaemorus,4930052.303,5024700.153
Rubus chamaemorus,4539195.51,3836164.808
Rubus chamaemorus,4437884.459,4276023.217
Rubus chamaemorus,4481337.938,4217974.666
Rubus chamaemorus,4450968.06,4374959.637
Rubus chamaemorus,4515078.106,4284193.654
Rubus chamaemorus,4600858.559,4117273.009
Rubus chamaemorus,4716429.542,4845350.246000001
Rubus chamaemorus,5004973.054,4370685.414
Rubus chamaemorus,5122819.149,4592972.982
Rubus chamaemorus,4606610.564,4446367.053
Rubus chamaemorus,5080499.244,4216421.267
Rubus chamaemorus,4303199.489,4144170.292
Rubus chamaemorus,4555331.953,4404354.459
Rubus chamaemorus,4588687.015,4400891.275
Rubus chamaemorus,4043389.542,4154343.94
Rubus chamaemorus,4988213.26,4451462.611
Rubus chamaemorus,5086206.036999999,4325083.886
Rubus chamaemorus,4457187.7,4111958.826
Rubus chamaemorus,4959213.292,4356054.454
Rubus chamaemorus,4446479.305,4277125.615
Rubus chamaemorus,4855349.95,4748365.702999999
Rubus chamaemorus,4536777.106,4162810.347
Rubus chamaemorus,4296069.269,4309276.723
Rubus chamaemorus,4099884.603,4000323.519
Rubus chamaemorus,4573384.38,3845521.823
Rubus chamaemorus,4742186.12,5223011.523
Rubus chamaemorus,5046880.65,4663529.525
Rubus chamaemorus,4427138.807,4310065.818
Rubus chamaemorus,4529743.826,4916918.119000001
Rubus chamaemorus,4684440.947,5047471.976
Rubus chamaemorus,5127122.655,5076617.916
Rubus chamaemorus,4571404.273,4364623.605
Rubus chamaemorus,4183455.755,4133418.758
Rubus chamaemorus,4539642.263,4241094.87
Rubus chamaemorus,4660566.818,4663030.29
Rubus chamaemorus,4572510.184,3849494.983
Rubus chamaemorus,5078957.882,4594347.663
Rubus chamaemorus,5020428.263,4684652.743
Rubus chamaemorus,5206274.998,4132439.844
Rubus chamaemorus,4900165.477,5356967.638
Rubus chamaemorus,4954148.193,5016009.93
Rubus chamaemorus,5015604.613,4824436.529
Rubus chamaemorus,4879776.782,5391288.742
Rubus chamaemorus,4452636.666,5001549.787
Rubus chamaemorus,4675552.7,4303307.005
Rubus chamaemorus,4590605.173,3771055.582
Rubus chamaemorus,4769266.456,4566511.474
Rubus chamaemorus,4624750.561,4425416.71
Rubus chamaemorus,4839411.767,4953553.581
Rubus chamaemorus,4689870.79,4708198.681
Rubus chamaemorus,4211019.384,4075675.704
Rubus chamaemorus,4839283.992,5020423.838
Rubus chamaemorus,5203229.992,4256592.7
Rubus chamaemorus,5137953.791,4886079.92
Rubus chamaemorus,4710694.644,4934604.904
Rubus chamaemorus,4359012.572,4648306.353
Rubus chamaemorus,4420743.847,4315259.173
Rubus chamaemorus,4692456.624,4994021.84
Rubus chamaemorus,4664193.363,5180419.746000001
Rubus chamaemorus,4547278.193,4351846.967
Rubus chamaemorus,4978096.815,4580229.324
Rubus chamaemorus,4755328.096,5140546.595
Rubus chamaemorus,4275952.231,4077475.937
Rubus chamaemorus,4144678.256,3978290.834
Rubus chamaemorus,4415927.695,4430543.401
Rubus chamaemorus,5120117.933,4096100.54
Rubus chamaemorus,4160683.4279999994,3922100.632
Rubus chamaemorus,5333757.333,3949387.592
Rubus chamaemorus,4643635.703,5189387.165
Rubus chamaemorus,5101015.591,4585455.535
Rubus chamaemorus,4913051.96,5049562.677
Rubus chamaemorus,4589230.758,3719487.213
Rubus chamaemorus,4692452.51,4680714.024
Rubus chamaemorus,4507969.329,5066532.209
Rubus chamaemorus,4927090.659,5041248.41
Rubus chamaemorus,4143663.110000001,3996260.68
Rubus chamaemorus,5160232.158,4377559.34
Rubus chamaemorus,4266956.545,4196601.707
Rubus chamaemorus,4776723.333,5164619.865
Rubus chamaemorus,4383550.226,4141374.616
Rubus chamaemorus,4504777.026,4163777.809000001
Rubus chamaemorus,5095899.84,4327504.348
Rubus chamaemorus,4399734.47,4307264.8
Rubus chamaemorus,5054032.198999999,4333532.017
Rubus chamaemorus,4188931.344,4394489.265
Rubus chamaemorus,5141042.505999999,4202670.709
Rubus chamaemorus,4557712.797,4593459.935
Rubus chamaemorus,4568364.661,4919347.972
Rubus chamaemorus,5052073.405,4520620.562
Rubus chamaemorus,5194401.811,4003294.1850000005
Rubus chamaemorus,4338232.467,4356091.918
Rubus chamaemorus,4482000.166,4093141.789
Rubus chamaemorus,4981901.948,4242257.653
Rubus chamaemorus,4841428.42,4989719.677
Rubus chamaemorus,5252360.191,4033357.584
Rubus chamaemorus,4573060.935,4655662.749
Rubus chamaemorus,4594487.954,4291492.04
Rubus chamaemorus,5246312.879,4080890.1030000006
Rubus chamaemorus,5119139.91,4974381.068
Rubus chamaemorus,4642180.591,4480285.249
Rubus chamaemorus,5093408.205,4333069.062
Rubus chamaemorus,4538658.227,4366348.34
Rubus chamaemorus,4336549.336,4571374.487
Rubus chamaemorus,4145264.733,4422089.448
Rubus chamaemorus,5102871.8,5285871.783
Rubus chamaemorus,4906770.56,4984822.975
Rubus chamaemorus,4758746.534000001,5132211.908
Rubus chamaemorus,4992709.217,4903997.293
Rubus chamaemorus,5307770.319,4012054.744
Rubus chamaemorus,5053022.7,4374549.217
Rubus chamaemorus,5148458.04,4274568.914
Rubus chamaemorus,5122801.887,4796885.589
Rubus chamaemorus,5160605.374,4485927.252
Rubus chamaemorus,5214292.936,4614712.319
Rubus chamaemorus,4449113.681,4977059.532
Rubus chamaemorus,4997354.287,5234843.270999999
Rubus chamaemorus,4793124.294,4038808.343
Rubus chamaemorus,4760970.266,4535811.417
Rubus chamaemorus,5150540.979,4492700.082
Rubus chamaemorus,4725381.356,4711094.142
Rubus chamaemorus,5091279.821,5375298.693
Rubus chamaemorus,5089175.057,4579396.475
Rubus chamaemorus,5226747.329999999,4676528.96
Rubus chamaemorus,4377007.473,4330560.997
Rubus chamaemorus,4887630.093,5086710.385000001
Rubus chamaemorus,4318596.308,4534560.703
Rubus chamaemorus,4491460.805,5029109.8549999995
Rubus chamaemorus,4182453.71,4142638.190999999
Rubus chamaemorus,4805442.277,5100305.514
Rubus chamaemorus,4425275.892,4297545.679
Rubus chamaemorus,4704243.559,4139892.422
Rubus chamaemorus,5314131.183,4644915.45
Rubus chamaemorus,4986962.687,5293719.022
Rubus chamaemorus,4504005.482,5013414.157
Rubus chamaemorus,4244987.665,3930975.162
Rubus chamaemorus,4389853.312,4555467.902
Rubus chamaemorus,4853843.65,5091157.477
Rubus chamaemorus,4973086.714,5016178.536
Rubus chamaemorus,4245398.861,4190886.6189999995
Rubus chamaemorus,5134840.748,4221687.776
Rubus chamaemorus,4610744.063,4930607.593
Rubus chamaemorus,5369734.862,4566433.651
Rubus chamaemorus,4273641.53,4076963.277
Rubus chamaemorus,5005702.120000001,5390461.908
Rubus chamaemorus,4240623.48,4195298.268
Rubus chamaemorus,4978662.521,5100793.623
Rubus chamaemorus,4113134.45,4380633.811
Rubus chamaemorus,5104533.584,4337908.106
Rubus chamaemorus,5194534.814,4576395.463
Rubus chamaemorus,5311237.062,4689983.852
Rubus chamaemorus,5296970.052,3961227.979
Rubus chamaemorus,4795132.636000001,4802223.286999999
Rubus chamaemorus,4194589.029,4434953.001
Rubus chamaemorus,5043211.207,4561511.658
Rubus chamaemorus,4727522.037,4473055.736
Rubus chamaemorus,4341801.766,4462632.608
Rubus chamaemorus,4482268.231,4197733.53
Rubus chamaemorus,4784329.108,5137888.184
Rubus chamaemorus,5192616.604,4372188.199
Rubus chamaemorus,5107040.64,4284909.359
Rubus chamaemorus,4771288.87,5139604.093
Rubus chamaemorus,4424069.935,4343741.841
Rubus chamaemorus,4883872.087,4952704.5879999995
Rubus chamaemorus,4471698.939,4221895.346
Rubus chamaemorus,4284749.607,4192434.403999999
Rubus chamaemorus,4626912.649,4718574.807
Rubus chamaemorus,5246515.258,4304007.383
Rubus chamaemorus,5073815.161,4230222.01
Rubus chamaemorus,4407209.261,3971323.41
Rubus chamaemorus,4527473.179,4917051.459999999
Rubus chamaemorus,4471093.432,5006588.172
Rubus chamaemorus,5011356.038,4687505.489
Rubus chamaemorus,4844273.303,4571506.109
Rubus chamaemorus,4328602.653,4559852.652
Rubus chamaemorus,4242242.878,4083617.995
Rubus chamaemorus,4563870.904,4538866.945
Rubus chamaemorus,4975747.43,5263189.371
Rubus chamaemorus,5087628.105000001,4600644.803
Rubus chamaemorus,4613452.238,4513038.882
Rubus chamaemorus,5038230.647000001,4457928.702
Rubus chamaemorus,5291491.446,4297536.218
Rubus chamaemorus,5014080.803,4685106.414
Rubus chamaemorus,5148449.407,4965627.939
Rubus chamaemorus,4924864.585,5264273.512999999
Rubus chamaemorus,5104903.244,4348311.853
Rubus chamaemorus,4596649.743,4270996.732
Rubus chamaemorus,4884511.636,4982295.843
Rubus chamaemorus,5144684.237,4202253.419
Rubus chamaemorus,4200311.608,4303084.583
Rubus chamaemorus,5321381.283,3957870.02
Rubus chamaemorus,5022247.75,5092813.398
Rubus chamaemorus,5177966.879000001,4333483.56
Rubus chamaemorus,4799266.866,5129479.117000001
Rubus chamaemorus,4662006.358,5199146.534999999
Rubus chamaemorus,4472627.523,4282747.369
Rubus chamaemorus,4487449.991,4297670.685
Rubus chamaemorus,4696137.791,4534805.098
Rubus chamaemorus,4776520.246,5154309.605
Rubus chamaemorus,4990000.639,4520418.466
Rubus chamaemorus,4691670.518,4559329.989
Rubus chamaemorus,5073349.983,4228043.639
Rubus chamaemorus,4169201.8,3997073.129
Rubus chamaemorus,5112816.168,4366734.813
Rubus chamaemorus,4654878.752,4497756.986
Rubus chamaemorus,5053952.03,4896879.536
Rubus chamaemorus,4493749.59,4232493.461
Rubus chamaemorus,4335137.925,4480473.828
Rubus chamaemorus,4613669.953,4198445.696
Rubus chamaemorus,4147856.093,4258351.438
Rubus chamaemorus,4999420.891,5330240.144
Rubus chamaemorus,4424434.215,4363008.493
Rubus chamaemorus,4130260.793,4200624.698
Rubus chamaemorus,4162526.019,4016440.14
Rubus chamaemorus,5126664.287,4017783.497
Rubus chamaemorus,4138367.635,4142833.958
Rubus chamaemorus,4611917.782,4332923.348
Rubus chamaemorus,5018429.277,4411685.404
Rubus chamaemorus,4650910.647,4706657.711
Rubus chamaemorus,5146944.829,5008621.458
Rubus chamaemorus,4480232.033,4806177.153
Rubus chamaemorus,5024889.499,4919357.506
Rubus chamaemorus,4327474.225,4082388.945
Rubus chamaemorus,4264695.741,4246614.205
Rubus chamaemorus,4141001.974999999,3994659.603
Rubus chamaemorus,5255155.387,4703174.935
Rubus chamaemorus,5304201.637,4715125.964
Rubus chamaemorus,4543229.621,4192013.966
Rubus chamaemorus,4539062.127,3726290.919
Rubus chamaemorus,4842024.979,5121087.417
Rubus chamaemorus,4517365.56,4652337.279
Rubus chamaemorus,5038137.539,4703541.234
Rubus chamaemorus,5218187.027,4261371.687
Rubus chamaemorus,4675787.418,4884080.422
Rubus chamaemorus,4884734.713,4972287.941
Rubus chamaemorus,4535314.846,4161457.517
Rubus chamaemorus,4785893.059,5143426.602
Rubus chamaemorus,4148898.13,4314482.604
Rubus chamaemorus,4219200.764,4212700.578
Rubus chamaemorus,4109728.899,4214903.791
Rubus chamaemorus,5110083.272,4824575.736
Rubus chamaemorus,4664145.846,5205327.592
Rubus chamaemorus,4979847.862,5121179.833
Rubus chamaemorus,5080450.056,4735320.175
Rubus chamaemorus,4545341.212,4277909.846
Rubus chamaemorus,4589029.811,3969931.133
Rubus chamaemorus,4522905.293,3746202.425
Rubus chamaemorus,4609341.97,3792659.479
Rubus chamaemorus,4460823.805,4408018.02
Rubus chamaemorus,5083330.788,4225376.478
Rubus chamaemorus,5090794.552,4584954.379
Rubus chamaemorus,5157696.521,4782955.574
Rubus chamaemorus,5250618.564,4676249.595
Rubus chamaemorus,4445609.948,4976067.332
Rubus chamaemorus,4943936.708,5194563.039
Rubus chamaemorus,4893918.404,5030825.664
Rubus chamaemorus,5281358.566,4533351.706
Rubus chamaemorus,5002459.837,4450422.961
Rubus chamaemorus,5192500.903,4773085.175
Rubus chamaemorus,4482821.372,4427386.7
Rubus chamaemorus,4479765.247,4502662.512
Rubus chamaemorus,4824047.558,4870200.194
Rubus chamaemorus,4516973.146,5029107.284
Rubus chamaemorus,4491850.805,4137066.607
Rubus chamaemorus,4327156.022,4061435.866
Rubus chamaemorus,5072555.148,4235063.254
Rubus chamaemorus,4957914.56,5278122.881
Rubus chamaemorus,4494096.905,4188488.085
Rubus chamaemorus,4887707.126,5003482.606
Rubus chamaemorus,5172255.459,4004023.488
Rubus chamaemorus,5155280.553,4502127.976
Rubus chamaemorus,4416402.777,4316928.709
Rubus chamaemorus,4180087.373,4432355.214
Rubus chamaemorus,5052897.933,4329823.916
Rubus chamaemorus,5046472.599,4146869.083
Rubus chamaemorus,4442292.058,4334767.858
Rubus chamaemorus,5221494.109,4303444.52
Rubus chamaemorus,4912054.884,5045252.431
Rubus chamaemorus,4470874.293,4114995.87
Rubus chamaemorus,4570381.456,5063023.743999999
Rubus chamaemorus,4855540.341,4756592.931
Rubus chamaemorus,5372671.26,4457876.778
Rubus chamaemorus,4261317.012,4084850.3330000006
Rubus chamaemorus,5025498.814,4673578.938
Rubus chamaemorus,5073949.746,4241597.794
Rubus chamaemorus,5020549.693,4984051.013
Rubus chamaemorus,5048942.729,4805083.907
Rubus chamaemorus,4581877.955,4519859.739
Rubus chamaemorus,4373084.186,4232380.457
Rubus chamaemorus,4916024.809,4432579.745
Rubus chamaemorus,4869111.26,4932038.852
Rubus chamaemorus,4643904.94,4406046.505
Rubus chamaemorus,5392477.09,4601361.148
Rubus chamaemorus,4819972.883,4560360.644
Rubus chamaemorus,5181713.557,4219893.857
Rubus chamaemorus,4986117.2020000005,4476859.872
Rubus chamaemorus,5191171.056,4431202.388
Rubus chamaemorus,4568497.626,4133640.222
